v17_reach_id,v16_reach_id,reach_id
71224300293,71224300193,71224300193
71224300301,71224300221,71224300221
71224301033,71224300233,71224300233
71224301043,71224300243,71224300243
71224300843,71224300253,71224300253
71224300393,71224300263,71224300263
71224300403,71224300333,71224300333
71224300411,71224300341,71224300341
71224300421,71224300351,71224300351
71224300383,71224300423,71224300423
71224300313,71224300433,71224300433
71224300321,71224300441,71224300441
71224300333,71224300453,71224300453
71224300341,71224300461,71224300461
71224300353,71224300473,71224300473
71224300363,71224300483,71224300483
71224300373,71224300493,71224300493
71224300503,71224300503,71224300503
71224300783,71224300873,71224300873
71224300431,71224300881,71224300881
71224300441,71224300891,71224300891
71224300454,71224300904,71224300904
71224300461,71224300911,71224300911
71224300474,71224300924,71224300924
71224300481,71224300931,71224300931
71224300491,71224300941,71224300941
71224500011,71224500951,71224500951
71224700011,71224700961,71224700961
71224700021,71224700971,71224700971
71224301553,71224301103,71224301103
71224300853,71224301133,71224301133
71224300863,71224301143,71224301143
71224300883,71224301153,71224301153
71224300893,71224301163,71224301163
71224300796,71224301526,71224301526
71224300876,71224301536,71224301536
71224300906,71224301546,71224301546
71224700223,71224700153,71224700153
71224700231,71224700161,71224700161
71224700243,71224700183,71224700183
71224700251,71224700191,71224700191
71224700266,71224700316,71224700316
71226300021,71226300141,71226300141
71226500011,71226500151,71226500151
71226500021,71226500161,71226500161
71226500031,71226500171,71226500171
71226500041,71226500181,71226500181
71226500051,71226500191,71226500191
71226500061,71226500201,71226500201
71226500071,71226500211,71226500211
71226500081,71226500221,71226500221
71226500091,71226500231,71226500231
71226500101,71226500241,71226500241
71226500111,71226500251,71226500251
71226500121,71226500261,71226500261
71226500131,71226500271,71226500271
71226500141,71226500281,71226500281
71226500151,71226500291,71226500291
71226500161,71226500301,71226500301
71226500171,71226500311,71226500311
71226500221,71226500321,71226500321
71226500211,71226500331,71226500331
71226500181,71226500341,71226500341
71226500191,71226500351,71226500351
71226500201,71226500361,71226500361
71226600011,71226600011,71226600011
71226600021,71226600021,71226600021
71226600031,71226600031,71226600031
71226600041,71226600041,71226600041
71226600051,71226600051,71226600051
71226600061,71226600061,71226600061
71226600071,71226600071,71226600071
71226600081,71226600081,71226600081
71226600091,71226600091,71226600091
71226600101,71226600101,71226600101
71226600111,71226600111,71226600111
71226600121,71226600121,71226600121
71226600131,71226600131,71226600131
71226600141,71226600141,71226600141
71226600151,71226600151,71226600151
71226600166,71226600166,71226600166
71226700011,71226700011,71226700011
71226700021,71226700021,71226700021
71226700031,71226700031,71226700031
71226700041,71226700041,71226700041
71226700051,71226700051,71226700051
71226700061,71226700061,71226700061
71226700071,71226700071,71226700071
71226700081,71226700081,71226700081
71226700091,71226700091,71226700091
71226700101,71226700101,71226700101
71226700111,71226700111,71226700111
71226700121,71226700121,71226700121
71226700131,71226700131,71226700131
71226700141,71226700141,71226700141
71226800011,71226800151,71226800151
71226800021,71226800161,71226800161
71226800031,71226800171,71226800171
71226800041,71226800181,71226800181
71226800051,71226800191,71226800191
71226800061,71226800201,71226800201
71226800071,71226800211,71226800211
71280000361,71280002031,71280002031
71280000376,71280002066,71280002066
72530600143,72530600143,72530600143
72530600153,72530600153,72530600153
72530600161,72530600161,72530600161
72530600173,72530600173,72530600173
72530600533,72530600183,72530600183
72530600543,72530600193,72530600193
72530600551,72530600201,72530600201
72530600564,72530600214,72530600214
72530600571,72530600221,72530600221
72530600584,72530600234,72530600234
72530600593,72530600243,72530600243
72530600601,72530600251,72530600251
72530600614,72530600264,72530600264
72530600621,72530600271,72530600271
72530600634,72530600284,72530600284
72530600641,72530600291,72530600291
72530600183,72530600303,72530600303
72530600193,72530600313,72530600313
72530600203,72530600323,72530600323
72530600663,72530600333,72530600333
72530600671,72530600341,72530600341
72530600684,72530600354,72530600354
72530600691,72530600361,72530600361
72530600704,72530600374,72530600374
72530600714,72530600384,72530600384
72530600723,72530600393,72530600393
72530600733,72530600403,72530600403
72530600213,72530600413,72530600413
72530600433,72530600423,72530600423
72530600441,72530600431,72530600431
72530600454,72530600444,72530600444
72530600461,72530600451,72530600451
72530600474,72530600464,72530600464
72530600481,72530600471,72530600471
72530600494,72530600484,72530600484
72530600501,72530600491,72530600491
72530600511,72530600501,72530600501
72530600223,72530600513,72530600513
72530600853,72530600523,72530600523
72530600233,72530600533,72530600533
72530600243,72530600543,72530600543
72530600253,72530600553,72530600553
72530600293,72530600563,72530600563
72530600283,72530600573,72530600573
72530600303,72530600583,72530600583
72530600313,72530600593,72530600593
72530600323,72530600603,72530600603
72530600333,72530600613,72530600613
72530600344,72530600624,72530600624
72530600393,72530600663,72530600663
72530600401,72530600671,72530600671
72530600411,72530600681,72530600681
72530600263,72530600693,72530600693
72530600273,72530600703,72530600703
72530600821,72530600721,72530600721
72530600833,72530600733,72530600733
72530600813,72530600743,72530600743
72530600801,72530600751,72530600751
72530600793,72530600763,72530600763
72530600743,72530600773,72530600773
72530600751,72530600781,72530600781
72530600764,72530600794,72530600794
72530600771,72530600801,72530600801
72530600355,72530600815,72530600815
72530600364,72530600824,72530600824
72530600375,72530600835,72530600835
72530600656,72530600846,72530600846
72530600526,72530600856,72530600856
72530600866,72530600866,72530600866
72530600426,72530600876,72530600876
72530600846,72530600886,72530600886
72530600786,72530600896,72530600896
72530600386,72530600906,72530600906
72551001643,72551000123,72551000123
72551001654,72551000134,72551000134
72551001661,72551000141,72551000141
72551001671,72551000151,72551000151
72551001684,72551000164,72551000164
72551001691,72551000171,72551000171
72551001704,72551000184,72551000184
72551001711,72551000191,72551000191
72551001721,72551000201,72551000201
72551001731,72551000211,72551000211
72551001744,72551000224,72551000224
72551001753,72551000233,72551000233
72551001761,72551000241,72551000241
72551001773,72551000253,72551000253
72551000901,72551000291,72551000291
72551000913,72551000303,72551000303
72551000921,72551000311,72551000311
72551000931,72551000321,72551000321
72551000131,72551000331,72551000331
72551000141,72551000341,72551000341
72551000463,72551000353,72551000353
72551000471,72551000361,72551000361
72551000484,72551000374,72551000374
72551000493,72551000383,72551000383
72551000501,72551000391,72551000391
72551000514,72551000404,72551000404
72551000521,72551000411,72551000411
72551000333,72551000443,72551000443
72551000361,72551000461,72551000461
72551000431,72551000471,72551000471
72551000423,72551000483,72551000483
72551000411,72551000491,72551000491
72551000393,72551000513,72551000513
72551000401,72551000521,72551000521
72553000043,72553000533,72553000533
72553000013,72553000563,72553000563
72551000383,72551000583,72551000583
72551000373,72551000593,72551000593
72551000353,72551000603,72551000603
72551000343,72551000613,72551000613
72551000443,72551000663,72551000663
72551000941,72551000721,72551000721
72551000954,72551000734,72551000734
72551000961,72551000741,72551000741
72551000974,72551000754,72551000754
72551000984,72551000764,72551000764
72551000991,72551000771,72551000771
72551001004,72551000784,72551000784
72551001011,72551000791,72551000791
72551001024,72551000804,72551000804
72551001033,72551000813,72551000813
72551001041,72551000841,72551000841
72551001054,72551000854,72551000854
72551001061,72551000861,72551000861
72551001074,72551000874,72551000874
72551001083,72551000883,72551000883
72551001094,72551000894,72551000894
72551001101,72551000901,72551000901
72551001114,72551000914,72551000914
72551001123,72551000943,72551000943
72551001131,72551000951,72551000951
72551001144,72551000964,72551000964
72551001151,72551000971,72551000971
72551001164,72551000984,72551000984
72551001173,72551000993,72551000993
72551001181,72551001001,72551001001
72551001194,72551001014,72551001014
72551001203,72551001023,72551001023
72551001214,72551001034,72551001034
72551001223,72551001043,72551001043
72551001234,72551001054,72551001054
72551001243,72551001063,72551001063
72551001254,72551001074,72551001074
72551001263,72551001083,72551001083
72551001274,72551001094,72551001094
72551001283,72551001103,72551001103
72551001291,72551001111,72551001111
72551001304,72551001124,72551001124
72551001313,72551001133,72551001133
72551001324,72551001144,72551001144
72551001334,72551001154,72551001154
72551001343,72551001163,72551001163
72551001354,72551001174,72551001174
72551001363,72551001183,72551001183
72551001371,72551001191,72551001191
72551001384,72551001204,72551001204
72551001391,72551001211,72551001211
72551001403,72551001223,72551001223
72551000273,72551001283,72551001283
72551000531,72551001371,72551001371
72551000544,72551001384,72551001384
72551001421,72551001391,72551001391
72551001433,72551001403,72551001403
72551001443,72551001413,72551001413
72551000553,72551001423,72551001423
72551000561,72551001431,72551001431
72551000574,72551001444,72551001444
72551000581,72551001451,72551001451
72551000591,72551001461,72551001461
72551000601,72551001471,72551001471
72551000611,72551001481,72551001481
72551000624,72551001494,72551001494
72551000631,72551001501,72551001501
72551000641,72551001511,72551001511
72551000651,72551001521,72551001521
72551000664,72551001534,72551001534
72551000671,72551001541,72551001541
72551000684,72551001554,72551001554
72551000691,72551001561,72551001561
72551001473,72551001573,72551001573
72551001484,72551001584,72551001584
72551001493,72551001593,72551001593
72551001501,72551001601,72551001601
72551001511,72551001611,72551001611
72551001521,72551001621,72551001621
72551001534,72551001634,72551001634
72551001541,72551001641,72551001641
72551001554,72551001654,72551001654
72551001561,72551001661,72551001661
72551001571,72551001671,72551001671
72551001581,72551001681,72551001681
72551001594,72551001694,72551001694
72551001604,72551001704,72551001704
72551001611,72551001711,72551001711
72551001621,72551001721,72551001721
72551000781,72551001751,72551001751
72551000794,72551001764,72551001764
72551000804,72551001774,72551001774
72551000813,72551001783,72551001783
72551000824,72551001794,72551001794
72551000831,72551001801,72551001801
72551000844,72551001814,72551001814
72551001791,72551001821,72551001821
72551001804,72551001834,72551001834
72551001811,72551001841,72551001841
72551001453,72551001853,72551001853
72551000701,72551001861,72551001861
72551000714,72551001874,72551001874
72551000724,72551001884,72551001884
72551000734,72551001894,72551001894
72551000744,72551001904,72551001904
72551000751,72551001911,72551001911
72551000764,72551001924,72551001924
72551000771,72551001931,72551001931
72551000864,72551001944,72551001944
72551000871,72551001951,72551001951
72551001786,72551001976,72551001976
72551001416,72551001986,72551001986
72551001636,72551001996,72551001996
72551001826,72551002006,72551002006
72551001466,72551002016,72551002016
72551000886,72551002026,72551002026
72554000453,72554000013,72554000013
72554000464,72554000024,72554000024
72554000473,72554000033,72554000033
72554000481,72554000041,72554000041
72554000491,72554000051,72554000051
72554000504,72554000064,72554000064
72554000511,72554000071,72554000071
72554000601,72554000081,72554000081
72554000614,72554000094,72554000094
72554000521,72554000101,72554000101
72554000534,72554000114,72554000114
72554000541,72554000121,72554000121
72554000553,72554000133,72554000133
72554000621,72554000141,72554000141
72554000633,72554000153,72554000153
72554000641,72554000161,72554000161
72554000191,72554000171,72554000171
72554000171,72554000181,72554000181
72554000161,72554000191,72554000191
72554000154,72554000204,72554000204
72554000141,72554000211,72554000211
72554000134,72554000224,72554000224
72554000121,72554000231,72554000231
72554000114,72554000244,72554000244
72554000101,72554000251,72554000251
72554000094,72554000264,72554000264
72554000651,72554000271,72554000271
72554000563,72554000283,72554000283
72554000573,72554000293,72554000293
72554000583,72554000303,72554000303
72554000211,72554000311,72554000311
72554000224,72554000324,72554000324
72554000231,72554000331,72554000331
72554000244,72554000344,72554000344
72554000081,72554000351,72554000351
72554000074,72554000364,72554000364
72554000061,72554000371,72554000371
72554000054,72554000384,72554000384
72554000041,72554000391,72554000391
72554000034,72554000404,72554000404
72554000251,72554000411,72554000411
72554000263,72554000423,72554000423
72554000273,72554000433,72554000433
72554000283,72554000443,72554000443
72554000293,72554000453,72554000453
72554000303,72554000463,72554000463
72554000313,72554000473,72554000473
72554000024,72554000484,72554000484
72554000011,72554000491,72554000491
72554000333,72554000503,72554000503
72554000343,72554000513,72554000513
72554000353,72554000523,72554000523
72554000363,72554000533,72554000533
72554000373,72554000543,72554000543
72554000383,72554000553,72554000553
72555100141,72555100561,72555100561
72555100134,72555100574,72555100574
72555100121,72555100581,72555100581
72555100114,72555100594,72555100594
72555100101,72555100601,72555100601
72555200104,72555200614,72555200614
72554000204,72554000624,72554000624
72554000596,72554000636,72554000636
72554000326,72554000646,72554000646
72554000396,72554000656,72554000656
72555100023,72555100013,72555100013
72555100013,72555100023,72555100023
72553000063,72553000033,72553000033
72553000053,72553000043,72553000043
72555100153,72555100053,72555100053
72555100163,72555100063,72555100063
72554000403,72554000073,72554000073
72554000414,72554000084,72554000084
72554000424,72554000664,72554000664
72554000434,72554000104,72554000104
72554000443,72554000113,72554000113
72555100093,72555100123,72555100123
72555100083,72555100133,72555100133
72555100073,72555100143,72555100143
72555100063,72555100153,72555100153
72555100033,72555100183,72555100183
72555200013,72555200013,72555200013
72555200023,72555200023,72555200023
72555200031,72555200031,72555200031
72555200044,72555200044,72555200044
72555200054,72555200054,72555200054
72555200061,72555200061,72555200061
72555200074,72555200074,72555200074
72555200084,72555200084,72555200084
72555200091,72555200091,72555200091
72555200111,72555200101,72555200101
72555200121,72555200111,72555200111
72555200131,72555200121,72555200121
72555200141,72555200131,72555200131
72555200151,72555200141,72555200141
72555200164,72555200154,72555200154
72555200171,72555200161,72555200161
72555200184,72555200174,72555200174
72555200191,72555200181,72555200181
72555200201,72555200191,72555200191
72555200216,72555200206,72555200206
72555300043,72555300013,72555300013
72555300053,72555300023,72555300023
72555300063,72555300033,72555300033
72555300073,72555300043,72555300043
72555300083,72555300053,72555300053
72555300093,72555300063,72555300063
72555300103,72555300073,72555300073
72555300113,72555300083,72555300083
72555300123,72555300093,72555300093
72555500013,72555500223,72555500223
72555500023,72555500233,72555500233
72555300033,72555300133,72555300133
72555300023,72555300143,72555300143
72555300013,72555300153,72555300153
72555500251,72555500241,72555500241
72555500261,72555500251,72555500251
72555300131,72555300181,72555300181
72555300144,72555300194,72555300194
72555300151,72555300201,72555300201
72555300161,72555300211,72555300211
72555300171,72555300221,72555300221
72555300181,72555300231,72555300231
72555500231,72555500051,72555500051
72555500241,72555500061,72555500061
72555500081,72555500071,72555500071
72555500093,72555500083,72555500083
72555500103,72555500093,72555500093
72555500113,72555500103,72555500103
72555500123,72555500113,72555500113
72555500153,72555500123,72555500123
72555500143,72555500133,72555500133
72555500133,72555500143,72555500143
72555500163,72555500153,72555500153
72555500171,72555500161,72555500161
72555500181,72555500171,72555500171
72555500191,72555500181,72555500181
72555500201,72555500191,72555500191
72555500211,72555500201,72555500201
72555500226,72555500216,72555500216
72555700193,72555700013,72555700013
72555700013,72555700033,72555700033
72555700023,72555700043,72555700043
72555700033,72555700053,72555700053
72555700043,72555700063,72555700063
72555700053,72555700073,72555700073
72555700063,72555700083,72555700083
72555700073,72555700093,72555700093
72555700083,72555700103,72555700103
72555700093,72555700113,72555700113
72555700103,72555700123,72555700123
72555700113,72555700133,72555700133
72555700123,72555700143,72555700143
72555700173,72555700023,72555700023
72555700183,72555700163,72555700163
72555800013,72555800043,72555800043
72555800023,72555800053,72555800053
72555800033,72555800063,72555800063
72555800043,72555800073,72555800073
72555800051,72555800081,72555800081
72555800061,72555800091,72555800091
72555800071,72555800101,72555800101
72555800081,72555800111,72555800111
72555800091,72555800121,72555800121
72555800104,72555800134,72555800134
72555800111,72555800141,72555800141
72555800121,72555800151,72555800151
72555800131,72555800161,72555800161
72555800146,72555800176,72555800176
72555900043,72555900013,72555900013
72555900063,72555900023,72555900023
72556000573,72556000013,72556000013
72556000581,72556000021,72556000021
72556000594,72556000034,72556000034
72556000601,72556000041,72556000041
72556000614,72556000054,72556000054
72556000013,72556000063,72556000063
72556000023,72556000073,72556000073
72556000033,72556000083,72556000083
72556000041,72556000091,72556000091
72556000051,72556000101,72556000101
72556000061,72556000111,72556000111
72556000071,72556000121,72556000121
72556000081,72556000131,72556000131
72556000091,72556000151,72556000151
72556000101,72556000161,72556000161
72556000111,72556000171,72556000171
72556000124,72556000184,72556000184
72556000131,72556000191,72556000191
72556000371,72556000201,72556000201
72556000384,72556000214,72556000214
72556000393,72556000223,72556000223
72556000401,72556000231,72556000231
72556000411,72556000241,72556000241
72556000141,72556000251,72556000251
72556000151,72556000261,72556000261
72556000161,72556000271,72556000271
72556000171,72556000281,72556000281
72556000181,72556000291,72556000291
72556000191,72556000301,72556000301
72556000201,72556000311,72556000311
72556000211,72556000321,72556000321
72556000221,72556000331,72556000331
72556000421,72556000341,72556000341
72556000433,72556000353,72556000353
72556000441,72556000361,72556000361
72556000451,72556000371,72556000371
72556000461,72556000381,72556000381
72556000474,72556000394,72556000394
72556000481,72556000401,72556000401
72556000491,72556000411,72556000411
72556000504,72556000424,72556000424
72556000511,72556000431,72556000431
72556000311,72556000441,72556000441
72556000261,72556000451,72556000451
72556000271,72556000461,72556000461
72556000281,72556000471,72556000471
72556000301,72556000481,72556000481
72556000324,72556000494,72556000494
72556000331,72556000501,72556000501
72556000341,72556000511,72556000511
72556000353,72556000523,72556000523
72556000621,72556000531,72556000531
72556000531,72556000551,72556000551
72556000541,72556000561,72556000561
72556000551,72556000571,72556000571
72556000231,72556000601,72556000601
72556000244,72556000614,72556000614
72556000251,72556000621,72556000621
72556000526,72556000636,72556000636
72556000636,72556000646,72556000646
72556000566,72556000666,72556000666
72555900053,72555900153,72555900153
72557100013,72557100023,72557100023
72557300013,72557300083,72557300083
72557300073,72557300013,72557300013
72557300081,72557300021,72557300021
72557300023,72557300033,72557300033
72557300031,72557300041,72557300041
72557300061,72557300051,72557300051
72557300051,72557300061,72557300061
72557300041,72557300071,72557300071
72557700071,72557700071,72557700071
72557700083,72557700083,72557700083
72557700093,72557700113,72557700113
72557700103,72557700123,72557700123
72557700113,72557700133,72557700133
72557700123,72557700143,72557700143
72557700133,72557700153,72557700153
72557700143,72557700163,72557700163
72557700153,72557700173,72557700173
72557900013,72557900203,72557900203
72557900023,72557900213,72557900213
72557900133,72557900013,72557900013
72557900063,72557900033,72557900033
72557900083,72557900043,72557900043
72557900053,72557900053,72557900053
72557900043,72557900063,72557900063
72557900033,72557900073,72557900073
72558300033,72558300123,72558300123
72558300023,72558300133,72558300133
72558300013,72558300143,72558300143
72558100013,72558100153,72558100153
72557900123,72557900163,72557900163
72557900113,72557900173,72557900173
72557900103,72557900183,72557900183
72557900093,72557900193,72557900193
72559000033,72559000043,72559000043
72559000043,72559000053,72559000053
72558100023,72558100033,72558100033
72558100033,72558100043,72558100043
72559000053,72559000063,72559000063
72558200013,72558200063,72558200063
72558200021,72558200071,72558200071
72558200034,72558200084,72558200084
72558200043,72558200093,72558200093
72558200056,72558200101,72558200101
72558200063,72558200113,72558200113
72558200074,72558200124,72558200124
72558200083,72558200133,72558200133
72558200093,72558200211,72558200211
72558200103,72558200223,72558200223
72558200113,72558200233,72558200233
72558200124,72558200244,72558200244
72558200133,72558200253,72558200253
72558200144,72558200264,72558200264
72558200153,72558200273,72558200273
72558200161,72558200281,72558200281
72558200174,72558200294,72558200294
72558200183,72558200303,72558200303
72558200191,72558200311,72558200311
72558200201,72558200321,72558200321
72558200211,72558200331,72558200331
72558200224,72558200344,72558200344
72558200233,72558200353,72558200353
72558200241,72558200361,72558200361
72558200251,72558200371,72558200371
72558200261,72558200381,72558200381
72558200271,72558200391,72558200391
72558200286,72558200416,72558200416
72558300043,72558300013,72558300013
72558300053,72558300023,72558300023
72558300063,72558300033,72558300033
72558300073,72558300043,72558300043
72558300083,72558300053,72558300053
72558300091,72558300061,72558300061
72558300101,72558300071,72558300071
72558300121,72558300081,72558300081
72558300111,72558300111,72558300111
72558700011,72558700121,72558700121
72558300141,72558300131,72558300131
72558300136,72558300146,72558300146
72558600031,72558600021,72558600021
72558600021,72558600031,72558600031
72558600011,72558600051,72558600051
72558600041,72558600081,72558600081
72558600056,72558600096,72558600096
72558700021,72558700011,72558700011
72558700031,72558700021,72558700021
72558700041,72558700031,72558700031
72558700054,72558700044,72558700044
72558700061,72558700051,72558700051
72558800011,72558800011,72558800011
72558800024,72558800024,72558800024
72558800033,72558800033,72558800033
72558800041,72558800041,72558800041
72558800053,72558800053,72558800053
72558800061,72558800061,72558800061
72558800074,72558800074,72558800074
72558800083,72558800083,72558800083
72558800091,72558800091,72558800091
72558800104,72558800104,72558800104
72558800113,72558800113,72558800113
72558800121,72558800121,72558800121
72558800131,72558800131,72558800131
72558800144,72558800144,72558800144
72558800153,72558800153,72558800153
72558800161,72558800161,72558800161
72558800173,72558800173,72558800173
72558800181,72558800181,72558800181
72558800193,72558800193,72558800193
72558800201,72558800201,72558800201
72558800216,72558800216,72558800216
72558900011,72558900011,72558900011
72558900051,72558900021,72558900021
72558900021,72558900031,72558900031
72558900031,72558900041,72558900041
72558900066,72558900056,72558900056
72558900046,72558900066,72558900066
72557900073,72557900223,72557900223
72559000013,72559000023,72559000023
72559000023,72559000033,72559000033
72560100013,72560100013,72560100013
72560100023,72560100023,72560100023
72570100013,72570100033,72570100033
72570100023,72570100043,72570100043
72570200013,72570200053,72570200053
72570500013,72570500063,72570500063
72570200023,72570200073,72570200073
72570200033,72570200083,72570200083
72570500023,72570500093,72570500093
72570500033,72570500103,72570500103
72570500043,72570500113,72570500113
72570500053,72570500123,72570500123
72570500063,72570500133,72570500133
72570500073,72570500143,72570500143
72570700013,72570700153,72570700153
72570700023,72570700013,72570700013
72570700033,72570700023,72570700023
72570700053,72570700053,72570700053
72570700043,72570700063,72570700063
72570800013,72570800073,72570800073
72570900023,72570900083,72570900083
72570900013,72570900093,72570900093
72570900033,72570900013,72570900013
72570900043,72570900023,72570900023
72570900053,72570900033,72570900033
72581000013,72581000013,72581000013
72581000023,72581000023,72581000023
72581000033,72581000033,72581000033
72581000043,72581000043,72581000043
72581000053,72581000053,72581000053
72581000063,72581000063,72581000063
72581000073,72581000073,72581000073
72581000083,72581000083,72581000083
72581000093,72581000093,72581000093
72581000103,72581000103,72581000103
72581000113,72581000113,72581000113
72581000123,72581000123,72581000123
72581000133,72581000133,72581000133
72581000143,72581000143,72581000143
72581000153,72581000153,72581000153
72581000163,72581000163,72581000163
72581000173,72581000173,72581000173
72581000203,72581000183,72581000183
72581000213,72581000193,72581000193
72581000223,72581000203,72581000203
72581000231,72581000211,72581000211
72581000244,72581000224,72581000224
72581000254,72581000234,72581000234
72581000261,72581000241,72581000241
72581000271,72581000251,72581000251
72581000183,72581000263,72581000263
72581000193,72581000273,72581000273
72582100013,72582100283,72582100283
72583100013,72583100293,72583100293
72583100023,72583100303,72583100303
72581000286,72581000316,72581000316
72582200223,72582200013,72582200013
72582200231,72582200021,72582200021
72582200033,72582200033,72582200033
72582200043,72582200043,72582200043
72582200051,72582200051,72582200051
72582200061,72582200061,72582200061
72582200074,72582200074,72582200074
72582200081,72582200081,72582200081
72582200094,72582200094,72582200094
72582200104,72582200104,72582200104
72582200111,72582200111,72582200111
72582200124,72582200124,72582200124
72582200131,72582200131,72582200131
72582200141,72582200141,72582200141
72582200154,72582200154,72582200154
72582200161,72582200161,72582200161
72582200174,72582200174,72582200174
72582200181,72582200181,72582200181
72582200191,72582200191,72582200191
72582200201,72582200201,72582200201
72582200246,72582200216,72582200216
72582200216,72582200226,72582200226
72582300013,72582300013,72582300013
72582200023,72582200023,72582200023
72582200013,72582200233,72582200233
72582100023,72582100043,72582100043
72583100123,72583100313,72583100313
72582300073,72582300063,72582300063
72582300063,72582300073,72582300073
72582300053,72582300083,72582300083
72582300043,72582300093,72582300093
72582300033,72582300103,72582300103
72582300023,72582300113,72582300113
72582300083,72582300123,72582300123
72582400013,72582400013,72582400013
72582400021,72582400021,72582400021
72582400034,72582400034,72582400034
72582400044,72582400044,72582400044
72582400054,72582400054,72582400054
72582400061,72582400061,72582400061
72582400071,72582400071,72582400071
72582400084,72582400084,72582400084
72582400091,72582400091,72582400091
72582400101,72582400101,72582400101
72582400111,72582400111,72582400111
72582400121,72582400121,72582400121
72582400131,72582400131,72582400131
72582400144,72582400144,72582400144
72582400151,72582400151,72582400151
72582400164,72582400164,72582400164
72582400173,72582400173,72582400173
72582400181,72582400181,72582400181
72582400193,72582400193,72582400193
72582400201,72582400201,72582400201
72582400211,72582400211,72582400211
72582400221,72582400221,72582400221
72582400231,72582400231,72582400231
72582400241,72582400241,72582400241
72582400251,72582400251,72582400251
72582400264,72582400264,72582400264
72582400271,72582400271,72582400271
72582400284,72582400284,72582400284
72582400291,72582400291,72582400291
72582400304,72582400304,72582400304
72582400311,72582400311,72582400311
72582400324,72582400324,72582400324
72582400341,72582400331,72582400331
72582400354,72582400344,72582400344
72582400363,72582400353,72582400353
72582400371,72582400361,72582400361
72582400533,72582400373,72582400373
72582400541,72582400381,72582400381
72582400554,72582400394,72582400394
72582400563,72582400403,72582400403
72582400571,72582400411,72582400411
72582400331,72582400421,72582400421
72582400691,72582400431,72582400431
72582400384,72582400454,72582400454
72582400391,72582400461,72582400461
72582400404,72582400474,72582400474
72582400411,72582400481,72582400481
72582400423,72582400493,72582400493
72582400431,72582400501,72582400501
72582400444,72582400514,72582400514
72582400451,72582400521,72582400521
72582400463,72582400533,72582400533
72582400471,72582400541,72582400541
72582400484,72582400554,72582400554
72582400491,72582400561,72582400561
72582400501,72582400571,72582400571
72582400511,72582400581,72582400581
72582400583,72582400593,72582400593
72582400591,72582400601,72582400601
72582400604,72582400614,72582400614
72582400611,72582400621,72582400621
72582400624,72582400634,72582400634
72582400633,72582400643,72582400643
72582400643,72582400653,72582400653
72582400651,72582400661,72582400661
72582400661,72582400671,72582400671
72582400673,72582400683,72582400683
72582400706,72582400696,72582400696
72582400526,72582400706,72582400706
72582400686,72582400716,72582400716
72582500013,72582500013,72582500013
72582500023,72582500023,72582500023
72582600013,72582600013,72582600013
72582600021,72582600021,72582600021
72582600034,72582600034,72582600034
72582600041,72582600041,72582600041
72582600054,72582600054,72582600054
72582600061,72582600061,72582600061
72582600071,72582600071,72582600071
72582600081,72582600081,72582600081
72582600094,72582600094,72582600094
72582600103,72582600103,72582600103
72582600111,72582600111,72582600111
72582600124,72582600124,72582600124
72582600131,72582600131,72582600131
72582600144,72582600144,72582600144
72582600153,72582600153,72582600153
72582600161,72582600161,72582600161
72582600174,72582600174,72582600174
72582600183,72582600183,72582600183
72582700013,72582700013,72582700013
72582700023,72582700023,72582700023
72582700033,72582700033,72582700033
72582700043,72582700043,72582700043
72582700493,72582700053,72582700053
72582700501,72582700061,72582700061
72582700511,72582700071,72582700071
72582700524,72582700084,72582700084
72582700061,72582700091,72582700091
72582700053,72582700103,72582700103
72582700071,72582700111,72582700111
72582700084,72582700124,72582700124
72582700091,72582700131,72582700131
72582700104,72582700144,72582700144
72582700111,72582700151,72582700151
72582700601,72582700161,72582700161
72582700453,72582700173,72582700173
72582700463,72582700183,72582700183
72582700471,72582700191,72582700191
72582700124,72582700204,72582700204
72582700131,72582700211,72582700211
72582700144,72582700224,72582700224
72582700154,72582700234,72582700234
72582700164,72582700244,72582700244
72582700174,72582700254,72582700254
72582700184,72582700264,72582700264
72582700194,72582700274,72582700274
72582700201,72582700281,72582700281
72582700214,72582700294,72582700294
72582700224,72582700304,72582700304
72582700234,72582700314,72582700314
72582700244,72582700324,72582700324
72582700251,72582700331,72582700331
72582700264,72582700344,72582700344
72582700271,72582700351,72582700351
72582700284,72582700364,72582700364
72582700294,72582700374,72582700374
72582700304,72582700384,72582700384
72582700314,72582700394,72582700394
72582700324,72582700404,72582700404
72582700331,72582700411,72582700411
72582700343,72582700423,72582700423
72582700533,72582700433,72582700433
72582700541,72582700441,72582700441
72582700554,72582700454,72582700454
72582700564,72582700464,72582700464
72582700571,72582700471,72582700471
72582700581,72582700481,72582700481
72582700354,72582700494,72582700494
72582700364,72582700504,72582700504
72582700616,72582700516,72582700516
72582700443,72582700526,72582700526
72582700486,72582700536,72582700536
72582700596,72582700546,72582700546
72582800051,72582800011,72582800011
72582800061,72582800021,72582800021
72582800071,72582800031,72582800031
72582800084,72582800044,72582800044
72582800091,72582800051,72582800051
72582800103,72582800063,72582800063
72582800111,72582800071,72582800071
72582800124,72582800084,72582800084
72582800133,72582800093,72582800093
72582800141,72582800101,72582800101
72582800041,72582800116,72582800116
72582800156,72582800126,72582800126
72582900051,72582900011,72582900011
72582900061,72582900021,72582900021
72582900081,72582900031,72582900031
72582900091,72582900041,72582900041
72582900101,72582900051,72582900051
72582900111,72582900061,72582900061
72582900121,72582900071,72582900071
72582900131,72582900081,72582900081
72582900144,72582900094,72582900094
72582900151,72582900101,72582900101
72582900164,72582900114,72582900114
72582900171,72582900121,72582900121
72582900184,72582900134,72582900134
72582900191,72582900141,72582900141
72582900201,72582900151,72582900151
72582900211,72582900161,72582900161
72582900221,72582900171,72582900171
72582900231,72582900181,72582900181
72582900241,72582900191,72582900191
72582900261,72582900201,72582900201
72582900071,72582900211,72582900211
72582900041,72582900226,72582900226
72582900256,72582900236,72582900236
72582900276,72582900246,72582900246
72583100033,72583100023,72583100023
72583100043,72583100033,72583100033
72583100053,72583100043,72583100043
72583100063,72583100053,72583100053
72583100073,72583100063,72583100063
72583100083,72583100073,72583100073
72583100093,72583100083,72583100083
72583100103,72583100093,72583100093
72583100113,72583100103,72583100103
72583300053,72583300083,72583300083
72583200013,72583200023,72583200023
72583200023,72583200033,72583200033
72583200031,72583200041,72583200041
72583200041,72583200051,72583200051
72583200051,72583200061,72583200061
72583200061,72583200071,72583200071
72583200074,72583200084,72583200084
72583200084,72583200094,72583200094
72583200093,72583200103,72583200103
72583200153,72583200113,72583200113
72583200103,72583200123,72583200123
72583200111,72583200131,72583200131
72583200124,72583200144,72583200144
72583200133,72583200153,72583200153
72583200166,72583200166,72583200166
72583200146,72583200176,72583200176
72583700013,72583700013,72583700013
72583300013,72583300023,72583300023
72583300023,72583300033,72583300033
72583300033,72583300043,72583300043
72583300043,72583300053,72583300053
72583400013,72583400063,72583400063
72583400023,72583400073,72583400073
72583700023,72583700023,72583700023
72583700033,72583700033,72583700033
72583700043,72583700043,72583700043
72583900033,72583900053,72583900053
72583700083,72583700063,72583700063
72583700091,72583700071,72583700071
72583700104,72583700084,72583700084
72583700073,72583700093,72583700093
72583700063,72583700103,72583700103
72583700053,72583700113,72583700113
72583700114,72583700124,72583700124
72583700121,72583700131,72583700131
72583700136,72583700146,72583700146
72583900013,72583900013,72583900013
72583900023,72583900023,72583900023
72585000013,72585000033,72585000033
72587000013,72587000513,72587000513
72586000031,72586000011,72586000011
72586000041,72586000021,72586000021
72586000051,72586000031,72586000031
72586000061,72586000041,72586000041
72586000071,72586000051,72586000051
72586000084,72586000064,72586000064
72586000094,72586000074,72586000074
72586000101,72586000081,72586000081
72586000111,72586000091,72586000091
72586000121,72586000101,72586000101
72586000131,72586000111,72586000111
72586000141,72586000121,72586000121
72586000151,72586000131,72586000131
72586000161,72586000141,72586000141
72586000174,72586000154,72586000154
72586000181,72586000161,72586000161
72586000194,72586000174,72586000174
72586000203,72586000183,72586000183
72586000211,72586000191,72586000191
72586000223,72586000203,72586000203
72586000231,72586000211,72586000211
72586000244,72586000224,72586000224
72586000251,72586000231,72586000231
72586000261,72586000241,72586000241
72586000271,72586000251,72586000251
72586000284,72586000264,72586000264
72586000291,72586000271,72586000271
72586000301,72586000281,72586000281
72586000314,72586000294,72586000294
72586000321,72586000301,72586000301
72586000334,72586000314,72586000314
72586000341,72586000321,72586000321
72586000351,72586000331,72586000331
72586000364,72586000344,72586000344
72586000371,72586000351,72586000351
72586000384,72586000364,72586000364
72586000391,72586000371,72586000371
72586000404,72586000384,72586000384
72586000411,72586000391,72586000391
72586000426,72586000406,72586000406
72587000023,72587000013,72587000013
72587000033,72587000023,72587000023
72587000043,72587000033,72587000033
72587000103,72587000043,72587000043
72587000123,72587000053,72587000053
72587000133,72587000063,72587000063
72587000053,72587000073,72587000073
72587000063,72587000083,72587000083
72587000073,72587000093,72587000093
72587000083,72587000103,72587000103
72587000093,72587000113,72587000113
72586000013,72586000123,72586000123
72586000023,72586000133,72586000133
72587000393,72587000143,72587000143
72587000403,72587000153,72587000153
72587000413,72587000163,72587000163
72587000423,72587000173,72587000173
72587000431,72587000181,72587000181
72588000023,72588000193,72588000193
72587000143,72587000203,72587000203
72587000153,72587000213,72587000213
72587000163,72587000223,72587000223
72587000173,72587000233,72587000233
72587000183,72587000243,72587000243
72588000013,72588000253,72588000253
72587000443,72587000263,72587000263
72587000451,72587000271,72587000271
72587000243,72587000303,72587000303
72587000251,72587000311,72587000311
72587000264,72587000324,72587000324
72587000233,72587000333,72587000333
72587000223,72587000343,72587000343
72587000213,72587000353,72587000353
72587000203,72587000363,72587000363
72587000193,72587000373,72587000373
72587000271,72587000381,72587000381
72587000284,72587000394,72587000394
72587000291,72587000401,72587000401
72587000304,72587000414,72587000414
72587000311,72587000421,72587000421
72587000321,72587000431,72587000431
72587000331,72587000441,72587000441
72587000344,72587000454,72587000454
72587000351,72587000461,72587000461
72587000361,72587000471,72587000471
72587000371,72587000481,72587000481
72587000466,72587000496,72587000496
72587000386,72587000506,72587000506
72588000033,72588000013,72588000013
72588000043,72588000023,72588000023
72589000013,72589000033,72589000033
72588000053,72588000053,72588000053
72588000063,72588000063,72588000063
72588000073,72588000073,72588000073
72588000081,72588000081,72588000081
72588000096,72588000096,72588000096
72589000021,72589000011,72589000011
72589000031,72589000021,72589000021
72589000041,72589000031,72589000031
72589000054,72589000044,72589000044
72589000063,72589000053,72589000053
72589000071,72589000061,72589000061
72589000084,72589000074,72589000074
72589000091,72589000081,72589000081
72589000104,72589000094,72589000094
72589000111,72589000101,72589000101
72589000121,72589000111,72589000111
72589000134,72589000124,72589000124
72589000141,72589000131,72589000131
72589000154,72589000144,72589000144
72589000161,72589000151,72589000151
72589000174,72589000164,72589000164
72589000181,72589000171,72589000171
72589000191,72589000181,72589000181
72589000204,72589000194,72589000194
72589000213,72589000203,72589000203
72589000221,72589000211,72589000211
72589000231,72589000221,72589000221
72589000243,72589000233,72589000233
72589000251,72589000241,72589000241
72589000261,72589000251,72589000251
72589000274,72589000264,72589000264
72589000283,72589000273,72589000273
72589000291,72589000281,72589000281
72589000304,72589000294,72589000294
72589000313,72589000303,72589000303
72589000321,72589000311,72589000311
72589000333,72589000323,72589000323
72589000341,72589000331,72589000331
72589000356,72589000346,72589000346
72591100053,72591100053,72591100053
72591100043,72591100063,72591100063
72591100033,72591100073,72591100073
72591100153,72591100093,72591100093
72591100273,72591100103,72591100103
72591100163,72591100173,72591100173
72591100173,72591100183,72591100183
72591100181,72591100191,72591100191
72591100191,72591100201,72591100201
72591100201,72591100211,72591100211
72591100214,72591100224,72591100224
72591100224,72591100234,72591100234
72591100231,72591100241,72591100241
72591100241,72591100251,72591100251
72591100251,72591100261,72591100261
72591100266,72591100286,72591100286
72591500053,72591500013,72591500013
72591500043,72591500023,72591500023
72591500033,72591500033,72591500033
72591500023,72591500043,72591500043
72591500013,72591500053,72591500053
72591300023,72591300063,72591300063
72591300013,72591300073,72591300073
72591200013,72591200083,72591200083
72591100123,72591100313,72591100313
72591100133,72591100323,72591100323
72591100103,72591100133,72591100133
72591500063,72591500143,72591500143
72591500073,72591500153,72591500153
72591500083,72591500163,72591500163
72591500093,72591500173,72591500173
72594000033,72594000013,72594000013
72594000043,72594000023,72594000023
72594000023,72594000033,72594000033
72594000013,72594000043,72594000043
72591800033,72591800053,72591800053
72591800023,72591800063,72591800063
72591800013,72591800073,72591800073
72591600023,72591600083,72591600083
72591600013,72591600093,72591600093
72594000063,72594000103,72594000103
72594000053,72594000113,72594000113
72594000073,72594000123,72594000123
72595000053,72595000023,72595000023
72595000063,72595000033,72595000033
72595000073,72595000043,72595000043
72599100033,72599100143,72599100143
72599100023,72599100153,72599100153
72599100013,72599100163,72599100163
72595000033,72595000173,72595000173
72595000023,72595000183,72595000183
72595000013,72595000193,72595000193
72597000023,72597000033,72597000033
72597000013,72597000043,72597000043
72595000043,72595000203,72595000203
72599100153,72599100173,72599100173
72599100163,72599100183,72599100183
72599100173,72599100193,72599100193
72598000013,72598000043,72598000043
72599100143,72599100013,72599100013
72599100133,72599100023,72599100023
72599100123,72599100033,72599100033
72599100043,72599100043,72599100043
72599300013,72599300053,72599300053
72599200013,72599200233,72599200233
72599100113,72599100073,72599100073
72599100103,72599100083,72599100083
72599100093,72599100093,72599100093
72599100083,72599100103,72599100103
72599100073,72599100113,72599100113
72599100063,72599100123,72599100123
72599100053,72599100133,72599100133
72599300033,72599300013,72599300013
72599300043,72599300023,72599300023
72599300053,72599300033,72599300033
72599200023,72599200043,72599200043
72599200033,72599200053,72599200053
72599200043,72599200063,72599200063
72599200051,72599200071,72599200071
72599200061,72599200081,72599200081
72599200073,72599200093,72599200093
72599200081,72599200101,72599200101
72599200091,72599200111,72599200111
72599200181,72599200121,72599200121
72599200191,72599200131,72599200131
72599200101,72599200141,72599200141
72599200114,72599200154,72599200154
72599200123,72599200163,72599200163
72599200131,72599200171,72599200171
72599200144,72599200184,72599200184
72599200151,72599200191,72599200191
72599200161,72599200201,72599200201
72599200216,72599200211,72599200211
72599200176,72599200226,72599200226
72599600013,72599600013,72599600013
72599500023,72599500033,72599500033
72599500013,72599500043,72599500043
72599300023,72599300063,72599300063
72599700363,72599700313,72599700313
72599600023,72599600073,72599600073
72599600033,72599600083,72599600083
72599600043,72599600093,72599600093
72599600053,72599600103,72599600103
72599600063,72599600113,72599600113
72599600073,72599600123,72599600123
72599600081,72599600131,72599600131
72599600091,72599600141,72599600141
72599600104,72599600154,72599600154
72599600111,72599600161,72599600161
72599600126,72599600176,72599600176
72599700023,72599700013,72599700013
72599700013,72599700023,72599700023
72599700033,72599700033,72599700033
72599700043,72599700043,72599700043
72599700053,72599700053,72599700053
72599700063,72599700063,72599700063
72599700073,72599700073,72599700073
72599700083,72599700083,72599700083
72599700093,72599700093,72599700093
72599700103,72599700103,72599700103
72599700113,72599700113,72599700113
72599700123,72599700123,72599700123
72599700133,72599700133,72599700133
72599700143,72599700143,72599700143
72599700191,72599700151,72599700151
72599700203,72599700163,72599700163
72599700183,72599700213,72599700213
72599700343,72599700233,72599700233
72599700234,72599700244,72599700244
72599700243,72599700253,72599700253
72599700251,72599700261,72599700261
72599700153,72599700273,72599700273
72599700163,72599700283,72599700283
72599700173,72599700293,72599700293
72599700356,72599700306,72599700306
72599700261,72599700011,72599700011
72599700274,72599700024,72599700024
72599700281,72599700031,72599700031
72599700294,72599700044,72599700044
72599700301,72599700051,72599700051
72599700314,72599700064,72599700064
72599700321,72599700071,72599700071
72599700331,72599700081,72599700081
72599900011,72599900091,72599900091
72599900021,72599900101,72599900101
72599900031,72599900111,72599900111
72599900041,72599900121,72599900121
72599900051,72599900131,72599900131
72599900066,72599900146,72599900146
72608300251,72608300291,72608300291
72608300266,72608300486,72608300486
72608600031,72608600031,72608600031
72608600041,72608600041,72608600041
72608600054,72608600054,72608600054
72608600061,72608600061,72608600061
72608600071,72608600071,72608600071
72608600081,72608600081,72608600081
72608600091,72608600091,72608600091
72608600101,72608600101,72608600101
72608600171,72608600111,72608600111
72608600181,72608600121,72608600121
72608600111,72608600131,72608600131
72608600121,72608600141,72608600141
72608600131,72608600151,72608600151
72608600141,72608600161,72608600161
72608600151,72608600171,72608600171
72608600196,72608600186,72608600186
72608600166,72608600196,72608600196
72608700071,72608700081,72608700081
72608700081,72608700111,72608700111
72608700091,72608700121,72608700121
72608700141,72608700131,72608700131
72608700154,72608700144,72608700144
72608700101,72608700171,72608700171
72608700121,72608700191,72608700191
72608700281,72608700201,72608700201
72608700293,72608700213,72608700213
72608700041,72608700221,72608700221
72608700051,72608700231,72608700231
72608700131,72608700291,72608700291
72608700161,72608700351,72608700351
72608700171,72608700361,72608700361
72608700183,72608700373,72608700373
72608700303,72608700383,72608700383
72608700311,72608700391,72608700391
72608700341,72608700421,72608700421
72608700353,72608700433,72608700433
72608700193,72608700443,72608700443
72608700203,72608700453,72608700453
72608700211,72608700461,72608700461
72608700243,72608700473,72608700473
72608700251,72608700481,72608700481
72608700263,72608700493,72608700493
72608700373,72608700503,72608700503
72608700366,72608700546,72608700546
72608700221,72608700556,72608700556
72608700233,72608700566,72608700566
72608700276,72608700576,72608700576
72608700386,72608700586,72608700586
72608800011,72608800011,72608800011
72608800021,72608800021,72608800021
72608800031,72608800031,72608800031
72608800043,72608800043,72608800043
72608800051,72608800051,72608800051
72608800063,72608800063,72608800063
72608800071,72608800071,72608800071
72608800083,72608800083,72608800083
72608800091,72608800091,72608800091
72608800104,72608800104,72608800104
72608800113,72608800113,72608800113
72608800123,72608800123,72608800123
72608800131,72608800131,72608800131
72608800143,72608800153,72608800153
72608800183,72608800173,72608800173
72608800171,72608800181,72608800181
72608800163,72608800193,72608800193
72608800156,72608800206,72608800206
72608800196,72608800216,72608800216
72608900011,72608900011,72608900011
72608900021,72608900021,72608900021
72608900031,72608900031,72608900031
72608900041,72608900041,72608900041
72608900051,72608900051,72608900051
72608900061,72608900061,72608900061
72608900071,72608900071,72608900071
72608900081,72608900081,72608900081
72608900091,72608900091,72608900091
72608900101,72608900101,72608900101
72608900171,72608900111,72608900111
72608900181,72608900121,72608900121
72608900201,72608900131,72608900131
72608900211,72608900141,72608900141
72608900221,72608900151,72608900151
72608900111,72608900161,72608900161
72608900151,72608900171,72608900171
72608900121,72608900181,72608900181
72608900131,72608900191,72608900191
72608900236,72608900216,72608900216
72608900166,72608900226,72608900226
72608900146,72608900236,72608900236
73111000343,73111000083,73111000083
73111000184,73111000104,73111000104
73111000191,73111000111,73111000111
73111000114,73111000224,73111000224
73111000124,73111000234,73111000234
73111000133,73111000243,73111000243
73111000144,73111000254,73111000254
73111000151,73111000261,73111000261
73111000164,73111000274,73111000274
73111000171,73111000281,73111000281
73111000463,73111000343,73111000343
73111000474,73111000354,73111000354
73111000481,73111000361,73111000361
73111000491,73111000371,73111000371
73111000501,73111000381,73111000381
73111000511,73111000391,73111000391
73111000363,73111000403,73111000403
73111000351,73111000411,73111000411
73111000576,73111000464,73111000464
73111000545,73111000505,73111000505
73111000554,73111000514,73111000514
73111000565,73111000525,73111000525
73111000055,73111000545,73111000545
73111000045,73111000555,73111000555
73111000065,73111000565,73111000565
73111000074,73111000574,73111000574
73111000085,73111000585,73111000585
73111000094,73111000594,73111000594
73111000105,73111000605,73111000605
73111000456,73111000636,73111000636
73111000526,73111000646,73111000646
73111000376,73111000656,73111000656
73111000536,73111000676,73111000676
73111000036,73111000686,73111000686
73112001261,73112000061,73112000061
73112001271,73112000071,73112000071
73112001284,73112000084,73112000084
73112001293,73112000093,73112000093
73112000101,73112000101,73112000101
73112000111,73112000111,73112000111
73112000124,73112000124,73112000124
73112000131,73112000131,73112000131
73112000141,73112000141,73112000141
73112000151,73112000151,73112000151
73112000791,73112000161,73112000161
73112000801,73112000171,73112000171
73112000811,73112000181,73112000181
73112000821,73112000191,73112000191
73112000831,73112000201,73112000201
73112000841,73112000211,73112000211
73112000851,73112000221,73112000221
73112000863,73112000233,73112000233
73112000944,73112000244,73112000244
73112000951,73112000251,73112000251
73112000961,73112000261,73112000261
73112000971,73112000271,73112000271
73112000981,73112000281,73112000281
73112000991,73112000291,73112000291
73112001004,73112000304,73112000304
73112001014,73112000314,73112000314
73112000161,73112000321,73112000321
73112000174,73112000334,73112000334
73112000183,73112000341,73112000341
73112000193,73112000351,73112000351
73112000671,73112000361,73112000361
73112000681,73112000371,73112000371
73112000691,73112000381,73112000381
73112000701,73112000391,73112000391
73112000711,73112000401,73112000401
73112000721,73112000411,73112000411
73112000731,73112000421,73112000421
73112000744,73112000434,73112000434
73112000753,73112000443,73112000443
73112001183,73112000451,73112000451
73112000204,73112000464,73112000464
73112000211,73112000471,73112000471
73112000224,73112000484,73112000484
73112000231,73112000491,73112000491
73112000244,73112000504,73112000504
73112000253,73112000513,73112000513
73112001231,73112000521,73112000521
73112001243,73112000533,73112000533
73112000261,73112000541,73112000541
73112000274,73112000554,73112000554
73112000284,73112000564,73112000564
73112000294,73112000574,73112000574
73112000343,73112000593,73112000593
73112000351,73112000601,73112000601
73112000363,73112000613,73112000613
73112000373,73112000623,73112000623
73112000903,73112000633,73112000633
73112000383,73112000643,73112000643
73112000393,73112000653,73112000653
73112000401,73112000661,73112000661
73112000411,73112000671,73112000671
73112000421,73112000681,73112000681
73112000431,73112000691,73112000691
73112000444,73112000704,73112000704
73112000453,73112000713,73112000713
73112000883,73112000723,73112000723
73112000463,73112000733,73112000733
73112000473,73112000743,73112000743
73112000773,73112000753,73112000753
73112000623,73112000763,73112000763
73112000491,73112000771,73112000771
73112000483,73112000783,73112000783
73112000583,73112000793,73112000793
73112000591,73112000801,73112000801
73112000604,73112000814,73112000814
73112000304,73112000824,73112000824
73112000313,73112000833,73112000833
73112000324,73112000844,73112000844
73112000503,73112000853,73112000853
73112000511,73112000861,73112000861
73112000521,73112000871,73112000871
73112000531,73112000881,73112000881
73112000544,73112000894,73112000894
73112000553,73112000903,73112000903
73112000561,73112000911,73112000911
73112001071,73112000921,73112000921
73112001084,73112000934,73112000934
73112001093,73112000943,73112000943
73112001103,73112000953,73112000953
73112001111,73112000961,73112000961
73112001124,73112000974,73112000974
73112001133,73112000983,73112000983
73112001143,73112000993,73112000993
73112001151,73112001001,73112001001
73112001161,73112001011,73112001011
73112000333,73112001023,73112001023
73112000923,73112001033,73112001033
73112001024,73112001044,73112001044
73112001031,73112001051,73112001051
73112001044,73112001064,73112001064
73112000081,73112001091,73112001091
73112000091,73112001101,73112001101
73112001201,73112001111,73112001111
73112001211,73112001121,73112001121
73112001224,73112001134,73112001134
73112001051,73112001141,73112001141
73112000633,73112001153,73112001153
73112000653,73112001163,73112001163
73111000025,73111001175,73111001175
73112000015,73112001185,73112001185
73112000025,73112001195,73112001195
73112000035,73112001205,73112001205
73112000045,73112001215,73112001215
73112000055,73112001225,73112001225
73112000064,73112001234,73112001234
73112000075,73112001245,73112001245
73112001306,73112001256,73112001256
73112000876,73112001266,73112001266
73112000766,73112001276,73112001276
73112001196,73112001286,73112001286
73112001256,73112001296,73112001296
73112000916,73112001306,73112001306
73112000896,73112001316,73112001316
73112000786,73112001326,73112001326
73112000616,73112001336,73112001336
73112000576,73112001346,73112001346
73112000936,73112001356,73112001356
73112001066,73112001366,73112001366
73112000646,73112001376,73112001376
73112000666,73112001386,73112001386
73111000016,73111001396,73111001396
73113000025,73113000015,73113000015
73113000016,73113000026,73113000026
73113000036,73113000036,73113000036
73114001513,73114000033,73114000033
73114000691,73114000141,73114000141
73114000704,73114000154,73114000154
73114000711,73114000161,73114000161
73114000724,73114000174,73114000174
73114000731,73114000181,73114000181
73114001521,73114000191,73114000191
73114000671,73114000201,73114000201
73114000681,73114000211,73114000211
73114001401,73114000221,73114000221
73114001414,73114000234,73114000234
73114001421,73114000241,73114000241
73114001431,73114000251,73114000251
73114001441,73114000261,73114000261
73114001454,73114000274,73114000274
73114001461,73114000281,73114000281
73114001471,73114000291,73114000291
73114001484,73114000304,73114000304
73114001493,73114000313,73114000313
73114000761,73114000371,73114000371
73114000774,73114000384,73114000384
73114000784,73114000394,73114000394
73114000794,73114000404,73114000404
73114000801,73114000411,73114000411
73114001361,73114000421,73114000421
73114001371,73114000431,73114000431
73114001381,73114000441,73114000441
73114000741,73114000451,73114000451
73114000753,73114000461,73114000461
73114001301,73114000471,73114000471
73114001311,73114000481,73114000481
73114001321,73114000491,73114000491
73114001331,73114000501,73114000501
73114001341,73114000511,73114000511
73114000071,73114000541,73114000541
73114000084,73114000554,73114000554
73114000091,73114000561,73114000561
73114000104,73114000574,73114000574
73114000111,73114000581,73114000581
73114000124,73114000594,73114000594
73114000131,73114000601,73114000601
73114000141,73114000611,73114000611
73114000154,73114000624,73114000624
73114000161,73114000631,73114000631
73114000174,73114000644,73114000644
73114000181,73114000651,73114000651
73114000194,73114000664,73114000664
73114000201,73114000671,73114000671
73114000211,73114000681,73114000681
73114000221,73114000691,73114000691
73114000231,73114000701,73114000701
73114000244,73114000714,73114000714
73114000251,73114000721,73114000721
73114000264,73114000734,73114000734
73114000271,73114000741,73114000741
73114000281,73114000751,73114000751
73114000294,73114000764,73114000764
73114000304,73114000774,73114000774
73114000311,73114000781,73114000781
73114000321,73114000791,73114000791
73114000331,73114000801,73114000801
73114000341,73114000811,73114000811
73114000351,73114000821,73114000821
73114000361,73114000831,73114000831
73114000374,73114000844,73114000844
73114000383,73114000853,73114000853
73114000391,73114000861,73114000861
73114000404,73114000874,73114000874
73114000414,73114000884,73114000884
73114000421,73114000891,73114000891
73114000434,73114000904,73114000904
73114000444,73114000914,73114000914
73114000454,73114000924,73114000924
73114000464,73114000934,73114000934
73114000471,73114000941,73114000941
73114000484,73114000954,73114000954
73114000491,73114000961,73114000961
73114000504,73114000974,73114000974
73114000511,73114000981,73114000981
73114000521,73114000991,73114000991
73114000534,73114001004,73114001004
73114000543,73114001013,73114001013
73114000551,73114001021,73114001021
73114000563,73114001033,73114001033
73114000811,73114001041,73114001041
73114000824,73114001054,73114001054
73114000831,73114001061,73114001061
73114000844,73114001074,73114001074
73114000853,73114001083,73114001083
73114000863,73114001093,73114001093
73114000871,73114001101,73114001101
73114001081,73114001111,73114001111
73114001091,73114001121,73114001121
73114001104,73114001134,73114001134
73114001111,73114001141,73114001141
73114001124,73114001154,73114001154
73114001133,73114001163,73114001163
73114001141,73114001171,73114001171
73114001151,73114001181,73114001181
73114001163,73114001193,73114001193
73114001213,73114001203,73114001203
73114000881,73114001211,73114001211
73114000894,73114001224,73114001224
73114000903,73114001233,73114001233
73114000911,73114001241,73114001241
73114000923,73114001253,73114001253
73114000951,73114001261,73114001261
73114000943,73114001273,73114001273
73114001283,73114001283,73114001283
73114000573,73114001293,73114001293
73114000581,73114001301,73114001301
73114000963,73114001313,73114001313
73114000971,73114001321,73114001321
73114000983,73114001333,73114001333
73114000991,73114001341,73114001341
73114001004,73114001354,73114001354
73114001041,73114001361,73114001361
73114001053,73114001373,73114001373
73114001063,73114001383,73114001383
73114000603,73114001393,73114001393
73114000611,73114001401,73114001401
73114001011,73114001411,73114001411
73114001023,73114001423,73114001423
73114001173,73114001433,73114001433
73114001181,73114001441,73114001441
73114001193,73114001453,73114001453
73114000933,73114001463,73114001463
73114001233,73114001473,73114001473
73114001241,73114001481,73114001481
73114001253,73114001493,73114001493
73114000623,73114001503,73114001503
73114001263,73114001513,73114001513
73114000015,73114001525,73114001525
73115000025,73115001535,73115001535
73114000025,73114001545,73114001545
73114001595,73114001555,73114001555
73114000645,73114001565,73114001565
73114000651,73114001571,73114001571
73114000661,73114001581,73114001581
73114000035,73114001595,73114001595
73114001545,73114001605,73114001605
73114000045,73114001615,73114001615
73114000063,73114001623,73114001623
73114001575,73114001635,73114001635
73114001555,73114001645,73114001645
73114001506,73114001656,73114001656
73114001396,73114001666,73114001666
73114001356,73114001676,73114001676
73114001226,73114001686,73114001686
73114001296,73114001696,73114001696
73114000596,73114001706,73114001706
73114001076,73114001716,73114001716
73114001036,73114001726,73114001726
73114001206,73114001736,73114001736
73114000636,73114001746,73114001746
73114001276,73114001756,73114001756
73115000016,73115001766,73115001766
73114001606,73114001776,73114001776
73114000053,73114001786,73114001786
73114001586,73114001796,73114001796
73114001566,73114001806,73114001806
73116000013,73116000013,73116000013
73116000021,73116000021,73116000021
73116000034,73116000034,73116000034
73116000043,73116000043,73116000043
73116000051,73116000051,73116000051
73116000064,73116000064,73116000064
73116000071,73116000071,73116000071
73116000084,73116000084,73116000084
73116000091,73116000091,73116000091
73116000104,73116000104,73116000104
73116000111,73116000111,73116000111
73116000121,73116000121,73116000121
73116000134,73116000134,73116000134
73116000141,73116000141,73116000141
73116000241,73116000151,73116000151
73116000251,73116000161,73116000161
73116000261,73116000171,73116000171
73116000151,73116000181,73116000181
73116000161,73116000191,73116000191
73116000171,73116000201,73116000201
73116000181,73116000211,73116000211
73116000191,73116000221,73116000221
73116000204,73116000234,73116000234
73116000211,73116000241,73116000241
73117000016,73117000266,73117000266
73116000276,73116000276,73116000276
73118000013,73118000013,73118000013
73118000023,73118000023,73118000023
73118000031,73118000031,73118000031
73118000041,73118000041,73118000041
73118000053,73118000051,73118000051
73118000331,73118000061,73118000061
73118000344,73118000074,73118000074
73118000064,73118000084,73118000084
73118000071,73118000091,73118000091
73118000084,73118000104,73118000104
73118000091,73118000111,73118000111
73118000104,73118000124,73118000124
73118000111,73118000131,73118000131
73118000121,73118000141,73118000141
73118000134,73118000154,73118000154
73118000141,73118000161,73118000161
73118000154,73118000174,73118000174
73118000161,73118000181,73118000181
73118000174,73118000194,73118000194
73118000181,73118000201,73118000201
73118000191,73118000211,73118000211
73118000201,73118000221,73118000221
73118000211,73118000231,73118000231
73118000221,73118000241,73118000241
73118000234,73118000254,73118000254
73118000241,73118000261,73118000261
73118000254,73118000274,73118000274
73118000263,73118000281,73118000281
73118000274,73118000294,73118000294
73118000281,73118000301,73118000301
73118000291,73118000311,73118000311
73118000351,73118000321,73118000321
73118000361,73118000331,73118000331
73118000371,73118000341,73118000341
73118000301,73118000351,73118000351
73118000311,73118000361,73118000361
73118000386,73118000386,73118000386
73118000326,73118000396,73118000396
73119000061,73119000011,73119000011
73119000071,73119000021,73119000021
73119000084,73119000034,73119000034
73119000091,73119000041,73119000041
73119000151,73119000051,73119000051
73119000164,73119000064,73119000064
73119000171,73119000071,73119000071
73119000184,73119000084,73119000084
73119000191,73119000091,73119000091
73119000101,73119000101,73119000101
73119000111,73119000111,73119000111
73119000121,73119000121,73119000121
73119000131,73119000131,73119000131
73119000035,73119000155,73119000155
73119000045,73119000165,73119000165
73119000055,73119000175,73119000175
73119000206,73119000186,73119000186
73119000146,73119000196,73119000196
73119000026,73119000206,73119000206
73130000043,73130000013,73130000013
73130000051,73130000021,73130000021
73130000064,73130000034,73130000034
73130000071,73130000041,73130000041
73130000084,73130000054,73130000054
73130000091,73130000061,73130000061
73130000104,73130000074,73130000074
73130000111,73130000081,73130000081
73130000121,73130000091,73130000091
73130000134,73130000104,73130000104
73130000144,73130000114,73130000114
73130000151,73130000121,73130000121
73130000161,73130000131,73130000131
73130000171,73130000141,73130000141
73130000181,73130000151,73130000151
73130000036,73130000166,73130000166
73130000196,73130000176,73130000176
73140100025,73140100015,73140100015
73140100035,73140100025,73140100025
73140100045,73140100035,73140100035
73140100055,73140100045,73140100045
73140100065,73140100055,73140100055
73140100075,73140100065,73140100065
73140100085,73140100075,73140100075
73140100095,73140100085,73140100085
73140100016,73140100096,73140100096
73140200011,73140200011,73140200011
73140200024,73140200024,73140200024
73140200031,73140200031,73140200031
73140200044,73140200044,73140200044
73140200053,73140200053,73140200053
73140200061,73140200061,73140200061
73140200074,73140200074,73140200074
73140200081,73140200081,73140200081
73140200091,73140200091,73140200091
73140200101,73140200101,73140200101
73140200114,73140200114,73140200114
73140200121,73140200121,73140200121
73140200134,73140200134,73140200134
73140200144,73140200144,73140200144
73140200151,73140200151,73140200151
73140200164,73140200164,73140200164
73140200171,73140200171,73140200171
73140200186,73140200186,73140200186
73140300013,73140300013,73140300013
73140300023,73140300023,73140300023
73140300033,73140300033,73140300033
73140300043,73140300043,73140300043
73140300053,73140300053,73140300053
73140300063,73140300063,73140300063
73140300073,73140300073,73140300073
73140300083,73140300083,73140300083
73140300093,73140300093,73140300093
73140300104,73140300104,73140300104
73140500011,73140500111,73140500111
73140400014,73140400014,73140400014
73140400021,73140400021,73140400021
73140400034,73140400034,73140400034
73140400044,73140400044,73140400044
73140400053,73140400051,73140400051
73140400064,73140400064,73140400064
73140400071,73140400071,73140400071
73140400084,73140400084,73140400084
73140400091,73140400091,73140400091
73140400104,73140400104,73140400104
73140400111,73140400111,73140400111
73140400124,73140400124,73140400124
73140400131,73140400131,73140400131
73140400144,73140400144,73140400144
73140400151,73140400151,73140400151
73140400164,73140400164,73140400164
73140400491,73140400171,73140400171
73140400504,73140400184,73140400184
73140400511,73140400191,73140400191
73140400171,73140400201,73140400201
73140400184,73140400214,73140400214
73140400191,73140400221,73140400221
73140400204,73140400234,73140400234
73140400211,73140400241,73140400241
73140400224,73140400254,73140400254
73140400231,73140400261,73140400261
73140400244,73140400274,73140400274
73140400251,73140400281,73140400281
73140400264,73140400294,73140400294
73140400271,73140400301,73140400301
73140400284,73140400314,73140400314
73140400294,73140400324,73140400324
73140400301,73140400331,73140400331
73140400314,73140400344,73140400344
73140400321,73140400351,73140400351
73140400334,73140400364,73140400364
73140400341,73140400371,73140400371
73140400354,73140400384,73140400384
73140400361,73140400391,73140400391
73140400371,73140400401,73140400401
73140400384,73140400414,73140400414
73140400391,73140400421,73140400421
73140400411,73140400431,73140400431
73140400424,73140400444,73140400444
73140400431,73140400451,73140400451
73140400444,73140400464,73140400464
73140400451,73140400471,73140400471
73140400464,73140400484,73140400484
73140400471,73140400491,73140400491
73140400526,73140400506,73140400506
73140400406,73140400516,73140400516
73140400486,73140400526,73140400526
73140500024,73140500014,73140500014
73140500031,73140500021,73140500021
73140500044,73140500034,73140500034
73140500051,73140500041,73140500041
73140500064,73140500054,73140500054
73140500071,73140500061,73140500061
73140500084,73140500074,73140500074
73140500091,73140500081,73140500081
73140500101,73140500011,73140500011
73140500114,73140500024,73140500024
73140600011,73140600031,73140600031
73140600021,73140600041,73140600041
73140600031,73140600051,73140600051
73140600046,73140600066,73140600066
73140700011,73140700011,73140700011
73140700021,73140700021,73140700021
73140700034,73140700034,73140700034
73140700041,73140700041,73140700041
73140700054,73140700054,73140700054
73140700061,73140700061,73140700061
73140700314,73140700074,73140700074
73140700321,73140700081,73140700081
73140700334,73140700094,73140700094
73140700341,73140700101,73140700101
73140700354,73140700114,73140700114
73140700364,73140700124,73140700124
73140700371,73140700131,73140700131
73140700384,73140700144,73140700144
73140700394,73140700154,73140700154
73140700401,73140700161,73140700161
73140700414,73140700174,73140700174
73140700421,73140700181,73140700181
73140700074,73140700344,73140700344
73140700081,73140700351,73140700351
73140700091,73140700361,73140700361
73140700104,73140700374,73140700374
73140700111,73140700381,73140700381
73140700124,73140700394,73140700394
73140700131,73140700401,73140700401
73140700144,73140700414,73140700414
73140700151,73140700421,73140700421
73140700164,73140700434,73140700434
73140700173,73140700441,73140700441
73140700184,73140700454,73140700454
73140700193,73140700461,73140700461
73140700204,73140700474,73140700474
73140700214,73140700484,73140700484
73140700224,73140700494,73140700494
73140700231,73140700501,73140700501
73140700264,73140700534,73140700534
73140700244,73140700544,73140700544
73140700295,73140700555,73140700555
73140700284,73140700564,73140700564
73140700275,73140700575,73140700575
73140700255,73140700585,73140700585
73140700436,73140700596,73140700596
73140700306,73140700606,73140700606
73140800011,73140800011,73140800011
73140800021,73140800021,73140800021
73140800031,73140800031,73140800031
73140800041,73140800041,73140800041
73140800051,73140800051,73140800051
73140800061,73140800061,73140800061
73140800071,73140800071,73140800071
73140800081,73140800081,73140800081
73140800091,73140800091,73140800091
73140800104,73140800104,73140800104
73140800113,73140800113,73140800113
73140800121,73140800121,73140800121
73140800134,73140800134,73140800134
73140800143,73140800143,73140800143
73140800153,73140800153,73140800153
73140800171,73140800161,73140800161
73140800166,73140800176,73140800176
73140800186,73140800186,73140800186
73140900011,73140900011,73140900011
73140900024,73140900024,73140900024
73140900033,73140900033,73140900033
73140900044,73140900044,73140900044
73140900053,73140900053,73140900053
73140900063,73140900063,73140900063
73140900073,73140900073,73140900073
73140900083,73140900083,73140900083
73140900091,73140900091,73140900091
73140900104,73140900104,73140900104
73140900111,73140900111,73140900111
73140900124,73140900124,73140900124
73140900133,73140900133,73140900133
73140900163,73140900143,73140900143
73140900141,73140900151,73140900151
73140900176,73140900166,73140900166
73140900156,73140900176,73140900176
73150500015,73150500015,73150500015
73150500045,73150500025,73150500025
73150500025,73150500035,73150500035
73150500056,73150500046,73150500046
73150500036,73150500056,73150500056
73150600053,73150600013,73150600013
73150600723,73150600023,73150600023
73150600734,73150600034,73150600034
73150600741,73150600041,73150600041
73150600751,73150600051,73150600051
73150600761,73150600061,73150600061
73150600851,73150600071,73150600071
73150600861,73150600081,73150600081
73150600063,73150600093,73150600093
73150600073,73150600103,73150600103
73150600083,73150600113,73150600113
73150600093,73150600123,73150600123
73150600103,73150600133,73150600133
73150600111,73150600141,73150600141
73150600121,73150600151,73150600151
73150600131,73150600161,73150600161
73150600141,73150600171,73150600171
73150600151,73150600181,73150600181
73150600161,73150600191,73150600191
73150600571,73150600201,73150600201
73150600581,73150600211,73150600211
73150600591,73150600221,73150600221
73150600604,73150600234,73150600234
73150600611,73150600241,73150600241
73150600624,73150600254,73150600254
73150600631,73150600261,73150600261
73150600644,73150600274,73150600274
73150600651,73150600281,73150600281
73150600883,73150600293,73150600293
73150600171,73150600301,73150600301
73150600181,73150600311,73150600311
73150600191,73150600321,73150600321
73150600201,73150600331,73150600331
73150600211,73150600341,73150600341
73150600221,73150600351,73150600351
73150600231,73150600361,73150600361
73150600241,73150600371,73150600371
73150600251,73150600381,73150600381
73150600261,73150600391,73150600391
73150600271,73150600401,73150600401
73150600281,73150600411,73150600411
73150600291,73150600421,73150600421
73150600301,73150600431,73150600431
73150600311,73150600441,73150600441
73150600321,73150600451,73150600451
73150600331,73150600461,73150600461
73150600341,73150600471,73150600471
73150600351,73150600481,73150600481
73150600361,73150600491,73150600491
73150600461,73150600501,73150600501
73150600471,73150600511,73150600511
73150600484,73150600524,73150600524
73150600491,73150600531,73150600531
73150600504,73150600544,73150600544
73150600513,73150600553,73150600553
73150600523,73150600563,73150600563
73150600531,73150600571,73150600571
73150600551,73150600581,73150600581
73150600771,73150600591,73150600591
73150600781,73150600601,73150600601
73150600791,73150600611,73150600611
73150600801,73150600621,73150600621
73150600811,73150600631,73150600631
73150600821,73150600641,73150600641
73150600831,73150600651,73150600651
73150600664,73150600664,73150600664
73150600671,73150600671,73150600671
73150600684,73150600684,73150600684
73150600693,73150600693,73150600693
73150600701,73150600701,73150600701
73150600371,73150600711,73150600711
73150600381,73150600721,73150600721
73150600391,73150600731,73150600731
73150600404,73150600744,73150600744
73150600414,73150600754,73150600754
73150600423,73150600763,73150600763
73150600433,73150600773,73150600773
73150600443,73150600783,73150600783
73150600045,73150600795,73150600795
73150600035,73150600805,73150600805
73150600025,73150600815,73150600815
73150700055,73150700835,73150700835
73150600015,73150600845,73150600845
73150700045,73150700855,73150700855
73150600876,73150600866,73150600866
73150600896,73150600876,73150600876
73150600546,73150600886,73150600886
73150600566,73150600896,73150600896
73150600846,73150600906,73150600906
73150600716,73150600916,73150600916
73150600456,73150600926,73150600926
73150700035,73150700015,73150700015
73150700025,73150700025,73150700025
73150700016,73150700036,73150700036
73160100011,73160100011,73160100011
73160100024,73160100024,73160100024
73160100033,73160100033,73160100033
73160100043,73160100043,73160100043
73160100051,73160100051,73160100051
73160100064,73160100064,73160100064
73160100071,73160100071,73160100071
73160100084,73160100084,73160100084
73160100093,73160100093,73160100093
73160100103,73160100103,73160100103
73160100113,73160100113,73160100113
73160100121,73160100121,73160100121
73160100134,73160100134,73160100134
73160100141,73160100141,73160100141
73160100151,73160100151,73160100151
73160100181,73160100161,73160100161
73160100191,73160100171,73160100171
73160100204,73160100184,73160100184
73160100221,73160100191,73160100191
73160100231,73160100201,73160100201
73160100244,73160100214,73160100214
73160100161,73160100221,73160100221
73160100171,73160100231,73160100231
73150900016,73150900246,73150900246
73160100216,73160100256,73160100256
73160100256,73160100266,73160100266
73160200011,73160200011,73160200011
73160200021,73160200021,73160200021
73160200031,73160200031,73160200031
73160200041,73160200041,73160200041
73160200051,73160200051,73160200051
73160200061,73160200061,73160200061
73160200071,73160200071,73160200071
73160200081,73160200081,73160200081
73160200091,73160200091,73160200091
73160200101,73160200101,73160200101
73160200111,73160200111,73160200111
73160200124,73160200124,73160200124
73160200133,73160200133,73160200133
73160200143,73160200143,73160200143
73160200153,73160200153,73160200153
73160200161,73160200161,73160200161
73160200171,73160200171,73160200171
73160200181,73160200181,73160200181
73160200191,73160200191,73160200191
73160200201,73160200201,73160200201
73160200214,73160200214,73160200214
73160200221,73160200221,73160200221
73160200241,73160200241,73160200241
73160200251,73160200251,73160200251
73160200264,73160200264,73160200264
73160200273,73160200271,73160200271
73160200236,73160200296,73160200296
73160200286,73160200306,73160200306
73160300011,73160300011,73160300011
73160300021,73160300021,73160300021
73160300031,73160300031,73160300031
73160300041,73160300041,73160300041
73160300051,73160300051,73160300051
73160300064,73160300064,73160300064
73160300071,73160300071,73160300071
73160400011,73160400801,73160400801
73160400021,73160400811,73160400811
73160400031,73160400821,73160400821
73160400041,73160400831,73160400831
73160400051,73160400841,73160400841
73160400061,73160400851,73160400851
73160400071,73160400861,73160400861
73160400081,73160400871,73160400871
73160400091,73160400881,73160400881
73160400101,73160400891,73160400891
73160400111,73160400901,73160400901
73160400121,73160400911,73160400911
73160400131,73160400921,73160400921
73160400141,73160400951,73160400951
73160400151,73160400961,73160400961
73160400161,73160400981,73160400981
73160400171,73160401031,73160401031
73160400181,73160401041,73160401041
73160400191,73160401051,73160401051
73160400201,73160401061,73160401061
73160400211,73160401071,73160401071
73160400224,73160401084,73160401084
73160400231,73160401091,73160401091
73160400241,73160401101,73160401101
73160400251,73160401111,73160401111
73160400261,73160401121,73160401121
73160400271,73160401131,73160401131
73160400291,73160401141,73160401141
73160400301,73160401151,73160401151
73160400313,73160401163,73160401163
73160400286,73160401206,73160401206
73160500011,73160500011,73160500011
73160500021,73160500021,73160500021
73160500031,73160500031,73160500031
73160500041,73160500041,73160500041
73160500051,73160500051,73160500051
73160500061,73160500061,73160500061
73160500071,73160500071,73160500071
73160500081,73160500081,73160500081
73160500091,73160500091,73160500091
73160500101,73160500101,73160500101
73160500111,73160500111,73160500111
73160500121,73160500121,73160500121
73160500131,73160500131,73160500131
73160500141,73160500141,73160500141
73160500151,73160500151,73160500151
73160500161,73160500161,73160500161
73160500171,73160500171,73160500171
73160500181,73160500181,73160500181
73160500191,73160500191,73160500191
73160500201,73160500201,73160500201
73160700011,73160700211,73160700211
73160700021,73160700221,73160700221
73160700031,73160700231,73160700231
73160700041,73160700241,73160700241
73160700051,73160700251,73160700251
73160700064,73160700264,73160700264
73160700071,73160700271,73160700271
73160700084,73160700014,73160700014
73160800011,73160800021,73160800021
73160800021,73160800031,73160800031
73160800036,73160800046,73160800046
73160900014,73160900014,73160900014
73160900021,73160900021,73160900021
73160900031,73160900031,73160900031
73160900041,73160900041,73160900041
73160900051,73160900051,73160900051
73160900061,73160900061,73160900061
73160900071,73160900071,73160900071
73160900081,73160900081,73160900081
73160900091,73160900091,73160900091
73160900101,73160900101,73160900101
73160900111,73160900111,73160900111
73160900126,73160900126,73160900126
73170000175,73170000015,73170000015
73170000115,73170000025,73170000025
73170000125,73170000035,73170000035
73170000135,73170000045,73170000045
73170000155,73170000065,73170000065
73170000145,73170000075,73170000075
73170000065,73170000085,73170000085
73170000235,73170000095,73170000095
73170000075,73170000105,73170000105
73170000105,73170000145,73170000145
73170000095,73170000155,73170000155
73170000085,73170000165,73170000165
73170000205,73170000175,73170000175
73170000045,73170000185,73170000185
73170000255,73170000195,73170000195
73170000055,73170000205,73170000205
73170000035,73170000215,73170000215
73170000015,73170000235,73170000235
73170000335,73170000245,73170000245
73170000345,73170000255,73170000255
73170000365,73170000265,73170000265
73170000186,73170000276,73170000276
73170000166,73170000286,73170000286
73170000246,73170000296,73170000296
73170000216,73170000306,73170000306
73170000286,73170000316,73170000316
73170000266,73170000326,73170000326
73170000306,73170000336,73170000336
73170000326,73170000346,73170000346
73170000356,73170000356,73170000356
73170000376,73170000366,73170000366
73180100013,73180100013,73180100013
73180100021,73180100021,73180100021
73180100034,73180100034,73180100034
73180100041,73180100041,73180100041
73180100054,73180100054,73180100054
73180100061,73180100061,73180100061
73180100074,73180100074,73180100074
73180100081,73180100081,73180100081
73180100094,73180100094,73180100094
73180100101,73180100101,73180100101
73180100111,73180100111,73180100111
73180100121,73180100121,73180100121
73180200011,73180200011,73180200011
73180200021,73180200021,73180200021
73180200036,73180200036,73180200036
73180300011,73180300011,73180300011
73180300021,73180300021,73180300021
73180400011,73180400011,73180400011
73180400024,73180400024,73180400024
73180400031,73180400031,73180400031
73180400041,73180400041,73180400041
73180400051,73180400051,73180400051
73180400061,73180400061,73180400061
73180400071,73180400071,73180400071
73180400081,73180400091,73180400091
73180400091,73180400111,73180400111
73180400101,73180400121,73180400121
73180400111,73180400131,73180400131
73180400121,73180400141,73180400141
73180400134,73180400154,73180400154
73180400141,73180400161,73180400161
73180400151,73180400171,73180400171
73180400161,73180400181,73180400181
73180400174,73180400194,73180400194
73180400181,73180400201,73180400201
73180400194,73180400214,73180400214
73180400201,73180400221,73180400221
73180400214,73180400234,73180400234
73180400221,73180400241,73180400241
73180400231,73180400251,73180400251
73180400244,73180400264,73180400264
73180400251,73180400271,73180400271
73180400261,73180400281,73180400281
73180400271,73180400291,73180400291
73180400286,73180400316,73180400316
73180500084,73180500084,73180500084
73180500091,73180500091,73180500091
73180500101,73180500101,73180500101
73180500111,73180500111,73180500111
73180500024,73180500274,73180500274
73180500031,73180500281,73180500281
73180500041,73180500291,73180500291
73180500051,73180500301,73180500301
73180500061,73180500311,73180500311
73180500071,73180500321,73180500321
73180500011,73180500331,73180500331
73180500121,73180500011,73180500011
73180500131,73180500021,73180500021
73180500141,73180500031,73180500031
73180700011,73180700041,73180700041
73180700021,73180700051,73180700051
73180700031,73180700061,73180700061
73180800016,73180800076,73180800076
73190100255,73190100025,73190100025
73190100265,73190100035,73190100035
73190100105,73190100055,73190100055
73190100145,73190100065,73190100065
73190100135,73190100075,73190100075
73190100165,73190100095,73190100095
73190100095,73190100105,73190100105
73190100115,73190100115,73190100115
73190100125,73190100125,73190100125
73190100205,73190100135,73190100135
73190100225,73190100145,73190100145
73190100234,73190100154,73190100154
73190100185,73190100195,73190100195
73190100085,73190100205,73190100205
73190100075,73190100225,73190100225
73190100276,73190100236,73190100236
73190100156,73190100246,73190100246
73190100176,73190100256,73190100256
73190100216,73190100266,73190100266
73190100246,73190100276,73190100276
73190300073,73190300013,73190300013
73190300081,73190300021,73190300021
73190200013,73190200033,73190200033
73190200023,73190200043,73190200043
73190200031,73190200051,73190200051
73190200041,73190200061,73190200061
73190200051,73190200071,73190200071
73190200061,73190200081,73190200081
73190200071,73190200091,73190200091
73190200081,73190200101,73190200101
73190200091,73190200111,73190200111
73190200106,73190200126,73190200126
73190300025,73190300015,73190300015
73190300115,73190300025,73190300025
73190300035,73190300035,73190300035
73190300045,73190300045,73190300045
73190300055,73190300055,73190300055
73190300095,73190300065,73190300065
73190300065,73190300075,73190300075
73190300016,73190300086,73190300086
73190300126,73190300096,73190300096
73190300106,73190300106,73190300106
73190500065,73190500025,73190500025
73190500075,73190500045,73190500045
73190500095,73190500065,73190500065
73190500084,73190500074,73190500074
73190500015,73190500085,73190500085
73190500025,73190500095,73190500095
73190500035,73190500105,73190500105
73190500045,73190500115,73190500115
73190500055,73190500125,73190500125
73190500115,73190500135,73190500135
73190500106,73190500146,73190500146
73190500126,73190500156,73190500156
73190600151,73190600061,73190600061
73190600161,73190600071,73190600071
73190600171,73190600081,73190600081
73190600184,73190600094,73190600094
73190600191,73190600101,73190600101
73190600201,73190600111,73190600111
73190600211,73190600121,73190600121
73190600221,73190600131,73190600131
73190600231,73190600141,73190600141
73190600241,73190600151,73190600151
73190600251,73190600161,73190600161
73190600261,73190600171,73190600171
73190600271,73190600181,73190600181
73190600284,73190600194,73190600194
73190600291,73190600201,73190600201
73190600304,73190600214,73190600214
73190600313,73190600223,73190600223
73190600321,73190600231,73190600231
73190600334,73190600244,73190600244
73190600341,73190600251,73190600251
73190600354,73190600264,73190600264
73190600361,73190600271,73190600271
73190600374,73190600284,73190600284
73190600381,73190600291,73190600291
73190600394,73190600304,73190600304
73190600401,73190600311,73190600311
73190600414,73190600324,73190600324
73190600421,73190600331,73190600331
73190600431,73190600341,73190600341
73190600441,73190600351,73190600351
73190600451,73190600361,73190600361
73190600461,73190600371,73190600371
73190600471,73190600381,73190600381
73190600074,73190600644,73190600644
73190600084,73190600654,73190600654
73190600091,73190600661,73190600661
73190600101,73190600671,73190600671
73190600111,73190600681,73190600681
73190600124,73190600694,73190600694
73190600131,73190600701,73190600701
73190600141,73190600711,73190600711
73190600023,73190600823,73190600823
73190600033,73190600833,73190600833
73190600043,73190600843,73190600843
73190600051,73190600851,73190600851
73190600064,73190600864,73190600864
73190600013,73190600873,73190600873
73190600486,73190600886,73190600886
73190800013,73190800013,73190800013
73190800021,73190800021,73190800021
73190800031,73190800031,73190800031
73190800043,73190800043,73190800043
73190800051,73190800051,73190800051
73190800061,73190800061,73190800061
73190800076,73190800076,73190800076
73190900065,73190900015,73190900015
73190900095,73190900055,73190900055
73190900085,73190900065,73190900065
73190900075,73190900075,73190900075
73190900025,73190900085,73190900085
73190900225,73190900095,73190900095
73190900035,73190900105,73190900105
73190900135,73190900115,73190900115
73190900145,73190900125,73190900125
73190900205,73190900135,73190900135
73190900165,73190900155,73190900155
73190900155,73190900165,73190900165
73190900105,73190900175,73190900175
73190900055,73190900185,73190900185
73190900115,73190900195,73190900195
73190900185,73190900205,73190900205
73190900255,73190900215,73190900215
73190900016,73190900226,73190900226
73190900236,73190900236,73190900236
73190900216,73190900246,73190900246
73190900176,73190900256,73190900256
73190900126,73190900266,73190900266
73190900196,73190900276,73190900276
73190900246,73190900286,73190900286
73213000031,73213000011,73213000011
73213000041,73213000031,73213000031
73213000051,73213000041,73213000041
73213000025,73213000055,73213000055
73213000066,73213000066,73213000066
73213000016,73213000076,73213000076
73214000661,73214000011,73214000011
73214000021,73214000021,73214000021
73214000031,73214000031,73214000031
73214000011,73214000041,73214000041
73214000041,73214000051,73214000051
73214000051,73214000061,73214000061
73214000061,73214000071,73214000071
73214000071,73214000081,73214000081
73214000081,73214000091,73214000091
73214000091,73214000101,73214000101
73214000101,73214000111,73214000111
73214000111,73214000121,73214000121
73214000121,73214000131,73214000131
73214000193,73214000163,73214000163
73214000203,73214000173,73214000173
73214000211,73214000181,73214000181
73214000224,73214000194,73214000194
73214000233,73214000203,73214000203
73214000543,73214000213,73214000213
73214000254,73214000224,73214000224
73214000243,73214000233,73214000233
73214000583,73214000243,73214000243
73214000263,73214000253,73214000253
73214000563,73214000263,73214000263
73214000273,73214000273,73214000273
73214000523,73214000283,73214000283
73214000283,73214000293,73214000293
73214000491,73214000311,73214000311
73214000501,73214000321,73214000321
73214000311,73214000331,73214000331
73214000321,73214000341,73214000341
73214000331,73214000351,73214000351
73214000341,73214000361,73214000361
73214000351,73214000371,73214000371
73214000361,73214000381,73214000381
73214000371,73214000391,73214000391
73214000384,73214000404,73214000404
73214000293,73214000413,73214000413
73214000303,73214000423,73214000423
73214000131,73214000431,73214000431
73214000141,73214000441,73214000441
73214000154,73214000454,73214000454
73214000163,73214000463,73214000463
73214000171,73214000471,73214000471
73214000184,73214000484,73214000484
73214000633,73214000493,73214000493
73214000391,73214000501,73214000501
73214000404,73214000514,73214000514
73214000414,73214000524,73214000524
73214000423,73214000533,73214000533
73214000431,73214000541,73214000541
73214000444,73214000554,73214000554
73214000451,73214000561,73214000561
73214000461,73214000571,73214000571
73214000471,73214000581,73214000581
73214000593,73214000593,73214000593
73214000613,73214000603,73214000603
73214000656,73214000616,73214000616
73214000556,73214000626,73214000626
73214000576,73214000636,73214000636
73214000536,73214000646,73214000646
73214000516,73214000656,73214000656
73214000646,73214000666,73214000666
73214000486,73214000676,73214000676
73214000606,73214000686,73214000686
73214000626,73214000696,73214000696
73215000255,73215000015,73215000015
73215000045,73215000025,73215000025
73215000055,73215000035,73215000035
73215000185,73215000045,73215000045
73215000065,73215000055,73215000055
73215000165,73215000065,73215000065
73215000075,73215000075,73215000075
73215000085,73215000085,73215000085
73215000095,73215000095,73215000095
73215000105,73215000105,73215000105
73215000115,73215000115,73215000115
73215000125,73215000125,73215000125
73215000135,73215000135,73215000135
73215000145,73215000145,73215000145
73215000205,73215000155,73215000155
73215000035,73215000165,73215000165
73215000025,73215000175,73215000175
73215000225,73215000185,73215000185
73215000246,73215000196,73215000196
73215000196,73215000206,73215000206
73215000176,73215000216,73215000216
73215000156,73215000226,73215000226
73215000216,73215000236,73215000236
73215000016,73215000246,73215000246
73215000236,73215000256,73215000256
73216000013,73216000183,73216000183
73216000021,73216000191,73216000191
73216000031,73216000201,73216000201
73216000041,73216000211,73216000211
73216000051,73216000221,73216000221
73216000061,73216000231,73216000231
73216000071,73216000241,73216000241
73216000081,73216000251,73216000251
73216000091,73216000261,73216000261
73216000121,73216000281,73216000281
73216000131,73216000291,73216000291
73216000141,73216000351,73216000351
73216000153,73216000363,73216000363
73216000161,73216000371,73216000371
73216000171,73216000381,73216000381
73216000181,73216000391,73216000391
73216000191,73216000401,73216000401
73216000201,73216000411,73216000411
73216000211,73216000421,73216000421
73216000221,73216000431,73216000431
73216000231,73216000441,73216000441
73216000246,73216000456,73216000456
73217000135,73217000015,73217000015
73217000025,73217000025,73217000025
73217000035,73217000035,73217000035
73217000105,73217000045,73217000045
73217000075,73217000055,73217000055
73217000085,73217000065,73217000065
73217000065,73217000075,73217000075
73217000055,73217000085,73217000085
73217000045,73217000095,73217000095
73217000126,73217000106,73217000106
73217000016,73217000116,73217000116
73217000116,73217000126,73217000126
73217000096,73217000136,73217000136
73218000773,73218000013,73218000013
73218000783,73218000023,73218000023
73218000011,73218000041,73218000041
73218000021,73218000051,73218000051
73218000721,73218000061,73218000061
73218000731,73218000071,73218000071
73218000741,73218000081,73218000081
73218000031,73218000091,73218000091
73218000041,73218000101,73218000101
73218000051,73218000111,73218000111
73218000061,73218000121,73218000121
73218000071,73218000131,73218000131
73218000081,73218000141,73218000141
73218000091,73218000151,73218000151
73218000101,73218000161,73218000161
73218000111,73218000171,73218000171
73218000121,73218000181,73218000181
73218000131,73218000191,73218000191
73218000141,73218000201,73218000201
73218000151,73218000211,73218000211
73218000164,73218000224,73218000224
73218000171,73218000231,73218000231
73218000181,73218000241,73218000241
73218000191,73218000251,73218000251
73218000204,73218000264,73218000264
73218000211,73218000271,73218000271
73218000491,73218000281,73218000281
73218000504,73218000294,73218000294
73218000793,73218000303,73218000303
73218000803,73218000313,73218000313
73218000811,73218000321,73218000321
73218000821,73218000331,73218000331
73218000221,73218000341,73218000341
73218000234,73218000354,73218000354
73218000241,73218000361,73218000361
73218000251,73218000371,73218000371
73218000261,73218000381,73218000381
73218000271,73218000391,73218000391
73218000281,73218000401,73218000401
73218000294,73218000414,73218000414
73218000301,73218000421,73218000421
73218000311,73218000431,73218000431
73218000321,73218000441,73218000441
73218000334,73218000454,73218000454
73218000341,73218000461,73218000461
73218000354,73218000474,73218000474
73218000361,73218000481,73218000481
73218000374,73218000494,73218000494
73218000693,73218000503,73218000503
73218000703,73218000513,73218000513
73218000513,73218000523,73218000523
73218000521,73218000531,73218000531
73218000534,73218000544,73218000544
73218000541,73218000551,73218000551
73218000554,73218000564,73218000564
73218000561,73218000571,73218000571
73218000574,73218000584,73218000584
73218000581,73218000591,73218000591
73218000594,73218000604,73218000604
73218000601,73218000611,73218000611
73218000614,73218000624,73218000624
73218000621,73218000631,73218000631
73218000634,73218000644,73218000644
73218000641,73218000651,73218000651
73218000654,73218000664,73218000664
73218000663,73218000673,73218000673
73218000671,73218000681,73218000681
73218000384,73218000694,73218000694
73218000394,73218000704,73218000704
73218000404,73218000714,73218000714
73218000411,73218000721,73218000721
73218000424,73218000734,73218000734
73218000431,73218000741,73218000741
73218000444,73218000754,73218000754
73218000451,73218000761,73218000761
73218000464,73218000774,73218000774
73218000471,73218000781,73218000781
73218000766,73218000806,73218000806
73218000756,73218000816,73218000816
73218000836,73218000826,73218000826
73218000716,73218000836,73218000836
73218000686,73218000846,73218000846
73218000486,73218000856,73218000856
73219000025,73219000015,73219000015
73219000015,73219000025,73219000025
73219000045,73219000035,73219000035
73230000016,73230000046,73230000046
73219000036,73219000056,73219000056
73220100023,73220100013,73220100013
73220100031,73220100021,73220100021
73220100041,73220100051,73220100051
73220100051,73220100061,73220100061
73220100061,73220100071,73220100071
73220100073,73220100083,73220100083
73220100083,73220100093,73220100093
73220100015,73220100105,73220100105
73220200013,73220200013,73220200013
73220200021,73220200021,73220200021
73220200041,73220200031,73220200031
73220300041,73220300011,73220300011
73220300011,73220300021,73220300021
73220300021,73220300031,73220300031
73220300031,73220300041,73220300041
73220500011,73220500011,73220500011
73220500021,73220500021,73220500021
73220500031,73220500031,73220500031
73220500041,73220500041,73220500041
73220700011,73220700051,73220700051
73220700021,73220700061,73220700061
73220700031,73220700071,73220700071
73220700041,73220700081,73220700081
73220700051,73220700091,73220700091
73220700061,73220700101,73220700101
73220700071,73220700111,73220700111
73220700081,73220700121,73220700121
73220700091,73220700131,73220700131
73220700101,73220700141,73220700141
73220700111,73220700151,73220700151
73220700121,73220700161,73220700161
73220700131,73220700171,73220700171
73220700141,73220700181,73220700181
73220700151,73220700191,73220700191
73220700161,73220700201,73220700201
73220700171,73220700211,73220700211
73220700181,73220700221,73220700221
73220700194,73220700234,73220700234
73220700203,73220700243,73220700243
73220700211,73220700251,73220700251
73220700223,73220700263,73220700263
73220700231,73220700271,73220700271
73220700241,73220700281,73220700281
73220800011,73220800011,73220800011
73220800026,73220800026,73220800026
73220900011,73220900011,73220900011
73220900024,73220900024,73220900024
73220900033,73220900033,73220900033
73220900043,73220900053,73220900053
73220900054,73220900064,73220900064
73220900063,73220900073,73220900073
73220900074,73220900084,73220900084
73220900083,73220900093,73220900093
73220900094,73220900104,73220900104
73220900103,73220900113,73220900113
73220900143,73220900123,73220900123
73220900151,73220900131,73220900131
73220900161,73220900141,73220900141
73220900171,73220900151,73220900151
73220900181,73220900161,73220900161
73220900194,73220900174,73220900174
73220900201,73220900181,73220900181
73220900211,73220900191,73220900191
73220900224,73220900204,73220900204
73220900231,73220900211,73220900211
73220900244,73220900224,73220900224
73220900323,73220900233,73220900233
73220900113,73220900243,73220900243
73220900124,73220900254,73220900254
73220900133,73220900263,73220900263
73220900251,73220900271,73220900271
73220900264,73220900284,73220900284
73220900271,73220900291,73220900291
73220900281,73220900301,73220900301
73220900291,73220900311,73220900311
73220900301,73220900321,73220900321
73220900346,73220900356,73220900356
73220900336,73220900366,73220900366
73220900316,73220900376,73220900376
73230000073,73230000013,73230000013
73230000081,73230000021,73230000021
73230000021,73230000031,73230000031
73230000031,73230000041,73230000041
73230000041,73230000051,73230000051
73230000051,73230000061,73230000061
73230000096,73230000076,73230000076
73230000066,73230000086,73230000086
73240100221,73240100011,73240100011
73240100231,73240100031,73240100031
73240100241,73240100041,73240100041
73240100251,73240100051,73240100051
73240100041,73240100061,73240100061
73240100051,73240100071,73240100071
73240100061,73240100081,73240100081
73240100071,73240100091,73240100091
73240100081,73240100101,73240100101
73240100094,73240100114,73240100114
73240100103,73240100123,73240100123
73240100173,73240100133,73240100133
73240100113,73240100143,73240100143
73240100123,73240100153,73240100153
73240100133,73240100163,73240100163
73240100141,73240100171,73240100171
73240100153,73240100183,73240100183
73240100161,73240100191,73240100191
73240100195,73240100205,73240100205
73240100205,73240100215,73240100215
73240100215,73240100225,73240100225
73240100186,73240100236,73240100236
73240200011,73240200011,73240200011
73240200021,73240200021,73240200021
73240200031,73240200031,73240200031
73240200041,73240200041,73240200041
73240200051,73240200051,73240200051
73240200061,73240200061,73240200061
73240200071,73240200071,73240200071
73240200081,73240200081,73240200081
73240200093,73240200093,73240200093
73240200103,73240200103,73240200103
73240200113,73240200113,73240200113
73240200121,73240200121,73240200121
73240200411,73240200131,73240200131
73240200424,73240200144,73240200144
73240200433,73240200153,73240200153
73240200703,73240200163,73240200163
73240200134,73240200174,73240200174
73240200143,73240200183,73240200183
73240200153,73240200193,73240200193
73240200163,73240200203,73240200203
73240200173,73240200213,73240200213
73240200183,73240200223,73240200223
73240200191,73240200231,73240200231
73240200203,73240200243,73240200243
73240200211,73240200251,73240200251
73240200221,73240200261,73240200261
73240200234,73240200274,73240200274
73240200241,73240200281,73240200281
73240200254,73240200294,73240200294
73240200261,73240200301,73240200301
73240200271,73240200311,73240200311
73240200281,73240200321,73240200321
73240200294,73240200334,73240200334
73240200303,73240200343,73240200343
73240200311,73240200351,73240200351
73240200324,73240200364,73240200364
73240200331,73240200371,73240200371
73240200344,73240200384,73240200384
73240200351,73240200391,73240200391
73240200361,73240200401,73240200401
73240200374,73240200414,73240200414
73240200381,73240200421,73240200421
73240200391,73240200431,73240200431
73240200443,73240200443,73240200443
73240200453,73240200453,73240200453
73240200683,73240200463,73240200463
73240200663,73240200473,73240200473
73240200463,73240200483,73240200483
73240200473,73240200493,73240200493
73240200481,73240200501,73240200501
73240200491,73240200511,73240200511
73240200501,73240200521,73240200521
73240200514,73240200534,73240200534
73240200523,73240200543,73240200543
73240200533,73240200553,73240200553
73240200543,73240200563,73240200563
73240200551,73240200571,73240200571
73240200564,73240200584,73240200584
73240200571,73240200591,73240200591
73240200581,73240200601,73240200601
73240200593,73240200613,73240200613
73240200601,73240200621,73240200621
73240200614,73240200634,73240200634
73240200621,73240200641,73240200641
73240200634,73240200654,73240200654
73240200641,73240200661,73240200661
73240200716,73240200676,73240200676
73240200406,73240200686,73240200686
73240200696,73240200696,73240200696
73240200676,73240200706,73240200706
73240200656,73240200716,73240200716
73240300011,73240300011,73240300011
73240300021,73240300021,73240300021
73240300031,73240300031,73240300031
73240300041,73240300041,73240300041
73240300051,73240300051,73240300051
73240300061,73240300061,73240300061
73240300071,73240300071,73240300071
73240300196,73240300083,73240300083
73240300201,73240300091,73240300091
73240300216,73240300106,73240300106
73240300084,73240300014,73240300014
73240300093,73240300023,73240300023
73240300103,73240300033,73240300033
73240300113,73240300043,73240300043
73240300123,73240300053,73240300053
73240300134,73240300064,73240300064
73240300143,73240300073,73240300073
73240300154,73240300084,73240300084
73240300161,73240300111,73240300111
73240300174,73240300104,73240300104
73240300183,73240300113,73240300113
73240500014,73240500124,73240500124
73240500023,73240500133,73240500133
73240500033,73240500143,73240500143
73240500041,73240500151,73240500151
73240500051,73240500161,73240500161
73240500061,73240500171,73240500171
73240700011,73240700181,73240700181
73240700024,73240700194,73240700194
73240700033,73240700203,73240700203
73240700043,73240700213,73240700213
73240800013,73240800013,73240800013
73240800023,73240800023,73240800023
73240800031,73240800031,73240800031
73240800046,73240800046,73240800046
73240900013,73240900013,73240900013
73240900021,73240900021,73240900021
73240900323,73240900033,73240900033
73240900093,73240900043,73240900043
73240900103,73240900053,73240900053
73240900113,73240900063,73240900063
73240900123,73240900073,73240900073
73240900283,73240900083,73240900083
73240900303,73240900093,73240900093
73240900133,73240900103,73240900103
73240900143,73240900113,73240900113
73240900151,73240900121,73240900121
73240900164,73240900134,73240900134
73240900173,73240900143,73240900143
73240900034,73240900154,73240900154
73240900043,73240900163,73240900163
73240900181,73240900171,73240900171
73240900194,73240900184,73240900184
73240900203,73240900193,73240900193
73240900213,73240900203,73240900203
73240900223,73240900213,73240900213
73240900234,73240900224,73240900224
73240900243,73240900233,73240900233
73240900051,73240900241,73240900241
73240900061,73240900251,73240900251
73240900074,73240900264,73240900264
73240900083,73240900273,73240900273
73240900253,73240900283,73240900283
73240900261,73240900291,73240900291
73240900333,73240900303,73240900303
73240900344,73240900314,73240900314
73240900363,73240900323,73240900323
73240900296,73240900336,73240900336
73240900316,73240900346,73240900346
73240900276,73240900356,73240900356
73240900356,73240900366,73240900366
73240900376,73240900376,73240900376
73240100031,73240100241,73240100241
73240100024,73240100024,73240100024
73240100013,73240100033,73240100033
73251000121,73251000041,73251000041
73251000153,73251000083,73251000083
73251000103,73251000093,73251000093
73251000113,73251000103,73251000103
73251000133,73251000113,73251000113
73251000245,73251000135,73251000135
73251000255,73251000145,73251000145
73251000235,73251000155,73251000155
73251000275,73251000165,73251000165
73251000285,73251000175,73251000175
73251000295,73251000185,73251000185
73251000305,73251000195,73251000195
73251000315,73251000205,73251000205
73251000355,73251000215,73251000215
73251000345,73251000225,73251000225
73251000025,73251000235,73251000235
73251000195,73251000245,73251000245
73251000035,73251000255,73251000255
73251000045,73251000265,73251000265
73251000055,73251000275,73251000275
73251000175,73251000285,73251000285
73251000065,73251000295,73251000295
73251000075,73251000305,73251000305
73251000084,73251000314,73251000314
73251000095,73251000325,73251000325
73251000166,73251000336,73251000336
73251000146,73251000346,73251000346
73251000226,73251000356,73251000356
73251000266,73251000366,73251000366
73251000326,73251000376,73251000376
73251000366,73251000386,73251000386
73251000336,73251000396,73251000396
73251000016,73251000406,73251000406
73251000206,73251000416,73251000416
73251000186,73251000426,73251000426
73252000063,73252000033,73252000033
73252000071,73252000041,73252000041
73252000081,73252000051,73252000051
73252000091,73252000061,73252000061
73252000101,73252000071,73252000071
73252000111,73252000081,73252000081
73252000121,73252000091,73252000091
73252000131,73252000101,73252000101
73252000141,73252000111,73252000111
73252000151,73252000121,73252000121
73252000161,73252000131,73252000131
73252000171,73252000141,73252000141
73252000181,73252000151,73252000151
73252000191,73252000161,73252000161
73252000201,73252000171,73252000171
73252000311,73252000181,73252000181
73252000323,73252000193,73252000193
73252000331,73252000201,73252000201
73252000343,73252000213,73252000213
73252000351,73252000221,73252000221
73252000363,73252000233,73252000233
73252000374,73252000244,73252000244
73252000383,73252000253,73252000253
73252001763,73252000263,73252000263
73252000393,73252000273,73252000273
73252001653,73252000283,73252000283
73252000403,73252000293,73252000293
73252001613,73252000303,73252000303
73252001626,73252000311,73252000311
73252001631,73252000321,73252000321
73252000413,73252000333,73252000333
73252001573,73252000343,73252000343
73252000423,73252000353,73252000353
73252000433,73252000363,73252000363
73252000443,73252000373,73252000373
73252001773,73252000383,73252000383
73252001781,73252000391,73252000391
73252001553,73252000403,73252000403
73252001443,73252000413,73252000413
73252001383,73252000423,73252000423
73252001393,73252000433,73252000433
73252001401,73252000441,73252000441
73252000453,73252000453,73252000453
73252000464,73252000464,73252000464
73252001423,73252000473,73252000473
73252000211,73252000481,73252000481
73252000221,73252000491,73252000491
73252000231,73252000501,73252000501
73252000241,73252000511,73252000511
73252000251,73252000521,73252000521
73252000264,73252000534,73252000534
73252000473,73252000543,73252000543
73252001323,73252000553,73252000553
73252000483,73252000563,73252000563
73252000493,73252000573,73252000573
73252001263,73252000583,73252000583
73252001273,73252000593,73252000593
73252001284,73252000604,73252000604
73252001293,73252000613,73252000613
73252001363,73252000623,73252000623
73252000503,73252000633,73252000633
73252000513,73252000643,73252000643
73252000523,73252000653,73252000653
73252000534,73252000664,73252000664
73252000543,73252000673,73252000673
73252000953,73252000683,73252000683
73252001213,73252000693,73252000693
73252000271,73252000701,73252000701
73252000281,73252000711,73252000711
73252000291,73252000721,73252000721
73252000304,73252000734,73252000734
73252000551,73252000741,73252000741
73252000563,73252000753,73252000753
73252001243,73252000763,73252000763
73252000583,73252000773,73252000773
73252000593,73252000783,73252000783
73252000603,73252000793,73252000793
73252000613,73252000803,73252000803
73252000621,73252000811,73252000811
73252000634,73252000824,73252000824
73252000643,73252000833,73252000833
73252000963,73252000843,73252000843
73252001173,73252000853,73252000853
73252001193,73252000863,73252000863
73252000973,73252000873,73252000873
73252000983,73252000883,73252000883
73252000991,73252000891,73252000891
73252001333,73252000903,73252000903
73252001341,73252000911,73252000911
73252001473,73252000923,73252000923
73252001483,73252000933,73252000933
73252001493,73252000943,73252000943
73252001503,73252000953,73252000953
73252001513,73252000963,73252000963
73252001523,73252000973,73252000973
73252001531,73252000981,73252000981
73252001713,73252000993,73252000993
73252001721,73252001001,73252001001
73252001693,73252001013,73252001013
73252001451,73252001021,73252001021
73252001673,73252001033,73252001033
73252001593,73252001043,73252001043
73252000903,73252001123,73252001123
73252000911,73252001131,73252001131
73252000921,73252001141,73252001141
73252000931,73252001151,73252001151
73252001003,73252001163,73252001163
73252001011,73252001171,73252001171
73252001023,73252001183,73252001183
73252001033,73252001193,73252001193
73252001043,73252001203,73252001203
73252001054,73252001214,73252001214
73252001123,73252001223,73252001223
73252001133,73252001233,73252001233
73252000751,73252001241,73252001241
73252000761,73252001251,73252001251
73252000773,73252001263,73252001263
73252000781,73252001271,73252001271
73252000791,73252001281,73252001281
73252000803,73252001293,73252001293
73252000811,73252001301,73252001301
73252000824,73252001314,73252001314
73252000831,73252001321,73252001321
73252000841,73252001331,73252001331
73252000851,73252001341,73252001341
73252000864,73252001354,73252001354
73252000873,73252001363,73252001363
73252001301,73252001371,73252001371
73252000651,73252001381,73252001381
73252000663,73252001393,73252001393
73252000674,73252001404,73252001404
73252000683,73252001413,73252001413
73252000691,73252001421,73252001421
73252000704,73252001434,73252001434
73252000713,73252001443,73252001443
73252000721,73252001451,73252001451
73252000731,73252001461,73252001461
73252000743,73252001473,73252001473
73252001063,73252001483,73252001483
73252001073,73252001493,73252001493
73252001084,73252001504,73252001504
73252001093,73252001513,73252001513
73252001103,73252001523,73252001523
73252001223,73252001533,73252001533
73252000573,73252001543,73252001543
73252001153,73252001553,73252001553
73252000883,73252001573,73252001573
73252001743,73252001583,73252001583
73252001883,73252001593,73252001593
73252000025,73252001605,73252001605
73252000035,73252001615,73252001615
73252000045,73252001625,73252001625
73252000053,73252001633,73252001633
73252001875,73252001645,73252001645
73252001805,73252001655,73252001655
73252001845,73252001665,73252001665
73252001815,73252001675,73252001675
73252001825,73252001685,73252001685
73252001865,73252001695,73252001695
73252001666,73252001706,73252001706
73252001646,73252001716,73252001716
73252001586,73252001726,73252001726
73252001566,73252001736,73252001736
73252001416,73252001746,73252001746
73252001436,73252001756,73252001756
73252001376,73252001766,73252001766
73252001256,73252001776,73252001776
73252001186,73252001786,73252001786
73252001206,73252001796,73252001796
73252001356,73252001806,73252001806
73252001546,73252001816,73252001816
73252001736,73252001826,73252001826
73252001706,73252001836,73252001836
73252001466,73252001846,73252001846
73252001686,73252001856,73252001856
73252001606,73252001866,73252001866
73252000946,73252001876,73252001876
73252001146,73252001886,73252001886
73252001316,73252001896,73252001896
73252001116,73252001906,73252001906
73252001236,73252001916,73252001916
73252001166,73252001926,73252001926
73252000896,73252001956,73252001956
73252001756,73252001966,73252001966
73252001856,73252001976,73252001976
73252001836,73252001986,73252001986
73253000065,73253000025,73253000025
73253000055,73253000035,73253000035
73253000045,73253000045,73253000045
73253000035,73253000055,73253000055
73253000025,73253000065,73253000065
73253000076,73253000086,73253000086
73253000016,73253000096,73253000096
73254100013,73254100013,73254100013
73254100021,73254100021,73254100021
73254100031,73254100031,73254100031
73254100041,73254100041,73254100041
73254100051,73254100051,73254100051
73254100061,73254100061,73254100061
73254100071,73254100071,73254100071
73254100081,73254100081,73254100081
73254100091,73254100091,73254100091
73254100101,73254100101,73254100101
73254300011,73254300111,73254300111
73254300021,73254300121,73254300121
73254300031,73254300131,73254300131
73254300041,73254300141,73254300141
73254300051,73254300151,73254300151
73254100115,73254100165,73254100165
73254400011,73254400011,73254400011
73254400021,73254400021,73254400021
73254400031,73254400031,73254400031
73254400041,73254400041,73254400041
73254400051,73254400051,73254400051
73254400061,73254400061,73254400061
73254400071,73254400071,73254400071
73254400081,73254400081,73254400081
73254400091,73254400091,73254400091
73254400101,73254400101,73254400101
73254400111,73254400111,73254400111
73254400121,73254400121,73254400121
73254400131,73254400131,73254400131
73254400141,73254400141,73254400141
73254400154,73254400154,73254400154
73254400433,73254400163,73254400163
73254400163,73254400173,73254400173
73254400173,73254400183,73254400183
73254400181,73254400191,73254400191
73254400193,73254400203,73254400203
73254400203,73254400213,73254400213
73254400213,73254400223,73254400223
73254400413,73254400233,73254400233
73254400224,73254400244,73254400244
73254400233,73254400253,73254400253
73254400381,73254400261,73254400261
73254400393,73254400273,73254400273
73254400243,73254400283,73254400283
73254400363,73254400293,73254400293
73254400253,73254400303,73254400303
73254400263,73254400313,73254400313
73254400313,73254400323,73254400323
73254400271,73254400331,73254400331
73254400281,73254400341,73254400341
73254400291,73254400351,73254400351
73254400321,73254400361,73254400361
73254400333,73254400373,73254400373
73254400341,73254400381,73254400381
73254400426,73254400396,73254400396
73254400406,73254400406,73254400406
73254400376,73254400416,73254400416
73254400306,73254400426,73254400426
73254400356,73254400436,73254400436
73254500011,73254500011,73254500011
73254500021,73254500021,73254500021
73254700011,73254700031,73254700031
73254700021,73254700041,73254700041
73254700031,73254700051,73254700051
73254700041,73254700061,73254700061
73254700051,73254700071,73254700071
73254700061,73254700081,73254700081
73254700071,73254700091,73254700091
73254700081,73254700261,73254700261
73254700091,73254700271,73254700271
73254700101,73254700281,73254700281
73254700111,73254700291,73254700291
73254700121,73254700301,73254700301
73254700131,73254700311,73254700311
73254700141,73254700321,73254700321
73254700151,73254700331,73254700331
73254700161,73254700341,73254700341
73254700171,73254700351,73254700351
73254700181,73254700361,73254700361
73254700191,73254700371,73254700371
73254700201,73254700381,73254700381
73254700211,73254700391,73254700391
73254700221,73254700401,73254700401
73254700231,73254700411,73254700411
73254700241,73254700421,73254700421
73254700254,73254700434,73254700434
73254700263,73254700443,73254700443
73254700293,73254700451,73254700451
73254700273,73254700463,73254700463
73254700286,73254700476,73254700476
73255000083,73255000013,73255000013
73255000093,73255000023,73255000023
73255000101,73255000031,73255000031
73255000111,73255000041,73255000041
73255000121,73255000051,73255000051
73255000131,73255000061,73255000061
73255000141,73255000071,73255000071
73255000151,73255000081,73255000081
73255000161,73255000091,73255000091
73255000273,73255000103,73255000103
73255000283,73255000113,73255000113
73255000291,73255000121,73255000121
73255000301,73255000131,73255000131
73255000171,73255000141,73255000141
73255000181,73255000151,73255000151
73255000191,73255000161,73255000161
73255000201,73255000171,73255000171
73255000311,73255000181,73255000181
73255000321,73255000191,73255000191
73255000331,73255000201,73255000201
73255000025,73255000215,73255000215
73255000035,73255000225,73255000225
73255000225,73255000235,73255000235
73255000065,73255000255,73255000255
73255000075,73255000265,73255000265
73255000365,73255000275,73255000275
73255000265,73255000285,73255000285
73255000255,73255000295,73255000295
73255000216,73255000306,73255000306
73255000346,73255000316,73255000316
73255000046,73255000336,73255000336
73255000236,73255000346,73255000346
73255000056,73255000356,73255000356
73255000356,73255000366,73255000366
73255000246,73255000376,73255000376
73256000633,73256000013,73256000013
73256000641,73256000021,73256000021
73256000651,73256000061,73256000061
73256000221,73256000071,73256000071
73256000561,73256000101,73256000101
73256000231,73256000111,73256000111
73256000243,73256000123,73256000123
73256000251,73256000131,73256000131
73256000261,73256000141,73256000141
73256000293,73256000153,73256000153
73256000271,73256000161,73256000161
73256000281,73256000171,73256000171
73256000543,73256000183,73256000183
73256000301,73256000191,73256000191
73256000311,73256000201,73256000201
73256000321,73256000211,73256000211
73256000333,73256000223,73256000223
73256000341,73256000231,73256000231
73256000353,73256000243,73256000243
73256000361,73256000251,73256000251
73256000373,73256000263,73256000263
73256000381,73256000271,73256000271
73256000393,73256000283,73256000283
73256000401,73256000291,73256000291
73256000411,73256000301,73256000301
73256000423,73256000313,73256000313
73256000431,73256000321,73256000321
73256000481,73256000331,73256000331
73256000493,73256000343,73256000343
73256000501,73256000351,73256000351
73256000511,73256000361,73256000361
73256000443,73256000383,73256000383
73256000451,73256000391,73256000391
73256000613,73256000403,73256000403
73256000464,73256000424,73256000424
73256000473,73256000433,73256000433
73256000025,73256000445,73256000445
73256000035,73256000455,73256000455
73256000715,73256000465,73256000465
73256000724,73256000474,73256000474
73256000735,73256000485,73256000485
73256000045,73256000495,73256000495
73256000755,73256000505,73256000505
73256000055,73256000515,73256000515
73256000065,73256000525,73256000525
73256000075,73256000535,73256000535
73256000675,73256000545,73256000545
73256000085,73256000565,73256000565
73256000095,73256000575,73256000575
73256000105,73256000585,73256000585
73256000115,73256000595,73256000595
73256000125,73256000605,73256000605
73256000135,73256000615,73256000615
73256000145,73256000625,73256000625
73256000605,73256000635,73256000635
73256000195,73256000645,73256000645
73256000185,73256000655,73256000655
73256000175,73256000665,73256000665
73256000165,73256000675,73256000675
73256000155,73256000685,73256000685
73256000695,73256000695,73256000695
73256000684,73256000704,73256000704
73256000205,73256000715,73256000715
73256000213,73256000723,73256000723
73256000585,73256000735,73256000735
73256000666,73256000746,73256000746
73256000576,73256000756,73256000756
73256000556,73256000766,73256000766
73256000526,73256000776,73256000776
73256000536,73256000786,73256000786
73256000016,73256000796,73256000796
73256000746,73256000806,73256000806
73256000766,73256000816,73256000816
73256000706,73256000826,73256000826
73256000596,73256000836,73256000836
73257500063,73257500013,73257500013
73257400013,73257400023,73257400023
73257400023,73257400033,73257400033
73257400031,73257400041,73257400041
73257400044,73257400054,73257400054
73257400051,73257400061,73257400061
73257400061,73257400071,73257400071
73257400071,73257400081,73257400081
73257400084,73257400094,73257400094
73257400091,73257400101,73257400101
73257400101,73257400111,73257400111
73257400114,73257400124,73257400124
73257400121,73257400131,73257400131
73257500053,73257500146,73257500146
73257400136,73257400156,73257400156
73257500025,73257500015,73257500015
73257500035,73257500025,73257500025
73257500016,73257500036,73257500036
73257500045,73257500046,73257500046
73257800015,73257800045,73257800045
73257800024,73257800054,73257800054
73257800035,73257800065,73257800065
73257800055,73257800075,73257800075
73257800044,73257800084,73257800084
73257800065,73257800095,73257800095
73257800075,73257800105,73257800105
73257800085,73257800115,73257800115
73257800095,73257800125,73257800125
73257800105,73257800135,73257800135
73257800125,73257800155,73257800155
73257800114,73257800164,73257800164
73257800135,73257800175,73257800175
73257800145,73257800185,73257800185
73257800155,73257800195,73257800195
73257700016,73257700206,73257700206
73257800166,73257800216,73257800216
73258000021,73258000011,73258000011
73258000031,73258000021,73258000021
73258000041,73258000031,73258000031
73258000051,73258000041,73258000041
73258000061,73258000051,73258000051
73258000071,73258000061,73258000061
73258000081,73258000071,73258000071
73258000091,73258000081,73258000081
73258000101,73258000091,73258000091
73258000111,73258000101,73258000101
73258000121,73258000111,73258000111
73258000131,73258000121,73258000121
73258000141,73258000131,73258000131
73258000171,73258000141,73258000141
73258000191,73258000151,73258000151
73258000204,73258000164,73258000164
73258000211,73258000171,73258000171
73258000151,73258000181,73258000181
73258000161,73258000191,73258000191
73258000016,73258000206,73258000206
73258000186,73258000216,73258000216
73258000226,73258000226,73258000226
73259000041,73259000011,73259000011
73259000051,73259000021,73259000021
73259000151,73259000031,73259000031
73259000061,73259000041,73259000041
73259000071,73259000051,73259000051
73259000081,73259000061,73259000061
73259000091,73259000071,73259000071
73259000104,73259000084,73259000084
73259000113,73259000093,73259000093
73259000123,73259000103,73259000103
73259000131,73259000111,73259000111
73259000035,73259000125,73259000125
73259000166,73259000136,73259000136
73259000146,73259000146,73259000146
73259000026,73259000156,73259000156
73260100015,73260100015,73260100015
73260100025,73260100025,73260100025
73260100035,73260100035,73260100035
73260100105,73260100045,73260100045
73260100045,73260100055,73260100055
73260100085,73260100065,73260100065
73260100055,73260100075,73260100075
73260100065,73260100085,73260100085
73260100075,73260100095,73260100095
73259000016,73259000106,73259000106
73260100116,73260100116,73260100116
73260100096,73260100126,73260100126
73260200011,73260200011,73260200011
73260200021,73260200021,73260200021
73260200033,73260200033,73260200033
73260200041,73260200041,73260200041
73260200056,73260200056,73260200056
73260300011,73260300011,73260300011
73260300021,73260300021,73260300021
73260300031,73260300031,73260300031
73260300041,73260300041,73260300041
73260300051,73260300051,73260300051
73260300061,73260300061,73260300061
73260300071,73260300071,73260300071
73260300143,73260300083,73260300083
73260300134,73260300094,73260300094
73260300081,73260300101,73260300101
73260300091,73260300111,73260300111
73260300101,73260300121,73260300121
73260300111,73260300131,73260300131
73260300121,73260300141,73260300141
73260400013,73260400013,73260400013
73260400021,73260400021,73260400021
73260400031,73260400031,73260400031
73260400043,73260400043,73260400043
73260400053,73260400053,73260400053
73260400061,73260400061,73260400061
73260400071,73260400071,73260400071
73260400081,73260400081,73260400081
73260400091,73260400091,73260400091
73260400101,73260400101,73260400101
73260400111,73260400111,73260400111
73260400121,73260400121,73260400121
73260400131,73260400131,73260400131
73260400141,73260400141,73260400141
73260400151,73260400151,73260400151
73260400164,73260400164,73260400164
73260400173,73260400173,73260400173
73260400183,73260400183,73260400183
73260400511,73260400191,73260400191
73260400523,73260400203,73260400203
73260400531,73260400211,73260400211
73260400491,73260400221,73260400221
73260400481,73260400231,73260400231
73260400231,73260400291,73260400291
73260400241,73260400301,73260400301
73260400254,73260400314,73260400314
73260400263,73260400323,73260400323
73260400461,73260400341,73260400341
73260400291,73260400371,73260400371
73260400311,73260400391,73260400391
73260400321,73260400401,73260400401
73260400331,73260400411,73260400411
73260400341,73260400421,73260400421
73260400351,73260400431,73260400431
73260400361,73260400441,73260400441
73260400371,73260400451,73260400451
73260400381,73260400461,73260400461
73260400391,73260400471,73260400471
73260400401,73260400481,73260400481
73260400411,73260400491,73260400491
73260400421,73260400501,73260400501
73260400434,73260400514,73260400514
73260400441,73260400521,73260400521
73260400301,73260400531,73260400531
73260400273,73260400543,73260400543
73260400281,73260400551,73260400551
73260400191,73260400561,73260400561
73260400201,73260400571,73260400571
73260400211,73260400581,73260400581
73260400221,73260400591,73260400591
73260400546,73260400636,73260400636
73260400506,73260400646,73260400646
73260400456,73260400656,73260400656
73260500013,73260500013,73260500013
73260500021,73260500021,73260500021
73260500031,73260500031,73260500031
73260500041,73260500041,73260500041
73260500051,73260500051,73260500051
73260500061,73260500061,73260500061
73260500071,73260500071,73260500071
73260500233,73260500123,73260500123
73260500241,73260500131,73260500131
73260500084,73260500144,73260500144
73260500091,73260500151,73260500151
73260500101,73260500161,73260500161
73260500111,73260500171,73260500171
73260500121,73260500181,73260500181
73260500134,73260500194,73260500194
73260500143,73260500203,73260500203
73260500153,73260500213,73260500213
73260500163,73260500223,73260500223
73260500173,73260500233,73260500233
73260500203,73260500243,73260500243
73260500211,73260500251,73260500251
73260500183,73260500263,73260500263
73260500256,73260500276,73260500276
73260500226,73260500286,73260500286
73260500196,73260500296,73260500296
73260600013,73260600013,73260600013
73260600023,73260600023,73260600023
73260600036,73260600046,73260600046
73260700013,73260700013,73260700013
73260700021,73260700021,73260700021
73260700033,73260700033,73260700033
73260700041,73260700041,73260700041
73260700051,73260700011,73260700011
73260700061,73260700051,73260700051
73260700073,73260700063,73260700063
73260700083,73260700043,73260700043
73260700091,73260700071,73260700071
73260900011,73260900061,73260900061
73260900024,73260900074,73260900074
73260900033,73260900083,73260900083
73260900044,73260900094,73260900094
73260900053,73260900103,73260900103
73260900064,73260900114,73260900114
73260900073,73260900123,73260900123
73260900084,73260900134,73260900134
73260900093,73260900143,73260900143
73260900101,73260900151,73260900151
73260900114,73260900164,73260900164
73260900173,73260900203,73260900203
73260900783,73260900213,73260900213
73260900443,73260900233,73260900233
73260900431,73260900241,73260900241
73260900401,73260900281,73260900281
73260900414,73260900294,73260900294
73260900423,73260900303,73260900303
73260900381,73260900321,73260900321
73260900394,73260900334,73260900334
73260900121,73260900371,73260900371
73260900134,73260900384,73260900384
73260900141,73260900391,73260900391
73260900154,73260900404,73260900404
73260900163,73260900413,73260900413
73260900803,73260900423,73260900423
73260900811,73260900431,73260900431
73260900261,73260901071,73260901071
73260900274,73260901084,73260901084
73260900281,73260901091,73260901091
73260900291,73260901101,73260901101
73260900301,73260901111,73260901111
73260900311,73260901121,73260901121
73260900321,73260901131,73260901131
73260900334,73260901144,73260901144
73260900343,73260901153,73260901153
73260900351,73260901161,73260901161
73260900361,73260901171,73260901171
73260900371,73260901181,73260901181
73260900453,73260901223,73260901223
73260900463,73260901233,73260901233
73260900473,73260901243,73260901243
73260900633,73260901443,73260901443
73260900643,73260901453,73260901453
73260900483,73260901463,73260901463
73260900493,73260901473,73260901473
73260900503,73260901483,73260901483
73260900511,73260901491,73260901491
73260900523,73260901503,73260901503
73260900533,73260901513,73260901513
73260900541,73260901521,73260901521
73260900551,73260901531,73260901531
73260900563,73260901543,73260901543
73260900571,73260901551,73260901551
73260900583,73260901563,73260901563
73260900591,73260901571,73260901571
73260900603,73260901583,73260901583
73260900611,73260901591,73260901591
73260900733,73260901603,73260901603
73260900743,73260901613,73260901613
73260900193,73260901623,73260901623
73260900201,73260901631,73260901631
73260900214,73260901644,73260901644
73260900221,73260901651,73260901651
73260900231,73260901661,73260901661
73260900241,73260901671,73260901671
73260900254,73260901684,73260901684
73260900653,73260901693,73260901693
73260900763,73260901703,73260901703
73260900663,73260901713,73260901713
73260900671,73260901721,73260901721
73260900683,73260901733,73260901733
73260900691,73260901741,73260901741
73260900703,73260901753,73260901753
73260900711,73260901761,73260901761
73260900183,73260901773,73260901773
73260900796,73260901786,73260901786
73260900826,73260901796,73260901796
73260900626,73260901806,73260901806
73260900756,73260901816,73260901816
73260900776,73260901826,73260901826
73260900726,73260901836,73260901836
73270200013,73270200013,73270200013
73270200021,73270200021,73270200021
73270200031,73270200031,73270200031
73270200041,73270200041,73270200041
73270200051,73270200051,73270200051
73270200061,73270200061,73270200061
73270200071,73270200071,73270200071
73270200081,73270200081,73270200081
73270200091,73270200091,73270200091
73270200101,73270200101,73270200101
73270200111,73270200111,73270200111
73270200121,73270200121,73270200121
73270200131,73270200131,73270200131
73270200141,73270200141,73270200141
73270200151,73270200151,73270200151
73270200161,73270200161,73270200161
73270200174,73270200174,73270200174
73270200181,73270200181,73270200181
73270200201,73270200191,73270200191
73270200211,73270200201,73270200201
73270200221,73270200211,73270200211
73270300016,73270300226,73270300226
73270200196,73270200236,73270200236
73270200236,73270200246,73270200246
73270600323,73270600323,73270600323
73270500041,73270500021,73270500021
73270500015,73270500035,73270500035
73270500025,73270500045,73270500045
73270500036,73270500056,73270500056
73270600023,73270600013,73270600013
73270600031,73270600021,73270600021
73270600041,73270600031,73270600031
73270600051,73270600041,73270600041
73270600061,73270600051,73270600051
73270600071,73270600061,73270600061
73270600081,73270600071,73270600071
73270600091,73270600081,73270600081
73270600301,73270600091,73270600091
73270600101,73270600101,73270600101
73270600111,73270600111,73270600111
73270600121,73270600121,73270600121
73270600131,73270600131,73270600131
73270600271,73270600141,73270600141
73270600281,73270600151,73270600151
73270600141,73270600161,73270600161
73270600151,73270600171,73270600171
73270600161,73270600181,73270600181
73270600171,73270600191,73270600191
73270600181,73270600201,73270600201
73270600194,73270600214,73270600214
73270600203,73270600223,73270600223
73270600211,73270600231,73270600231
73270600221,73270600241,73270600241
73270600234,73270600254,73270600254
73270600243,73270600263,73270600263
73270600251,73270600271,73270600271
73270600015,73270600285,73270600285
73270600316,73270600296,73270600296
73270600296,73270600306,73270600306
73270600266,73270600316,73270600316
73270700025,73270700015,73270700015
73270700016,73270700026,73270700026
73270900205,73270900025,73270900025
73270900075,73270900035,73270900035
73270900055,73270900055,73270900055
73270900065,73270900065,73270900065
73270900045,73270900075,73270900075
73270900035,73270900085,73270900085
73281000075,73281000105,73281000105
73270900235,73270900115,73270900115
73270900085,73270900155,73270900155
73270900265,73270900165,73270900165
73270900095,73270900175,73270900175
73270900105,73270900185,73270900185
73270900285,73270900195,73270900195
73270900115,73270900205,73270900205
73270900125,73270900215,73270900215
73270900135,73270900225,73270900225
73270900245,73270900235,73270900235
73270900213,73270900243,73270900243
73270900145,73270900255,73270900255
73270900185,73270900265,73270900265
73270900155,73270900275,73270900275
73270900165,73270900285,73270900285
73281000086,73281000306,73281000306
73270900256,73270900316,73270900316
73270900196,73270900326,73270900326
73270900176,73270900336,73270900336
73281000033,73281000013,73281000013
73281000115,73281000025,73281000025
73281000025,73281000035,73281000035
73281000095,73281000045,73281000045
73281000135,73281000055,73281000055
73281000145,73281000065,73281000065
73281000155,73281000075,73281000075
73281000055,73281000085,73281000085
73281000045,73281000095,73281000095
73281000126,73281000106,73281000106
73281000106,73281000116,73281000116
73281000066,73281000126,73281000126
73282100011,73282100011,73282100011
73282100021,73282100021,73282100021
73282100031,73282100031,73282100031
73282100041,73282100041,73282100041
73282100051,73282100051,73282100051
73282100061,73282100061,73282100061
73282100074,73282100074,73282100074
73282100081,73282100081,73282100081
73282100091,73282100091,73282100091
73282100101,73282100101,73282100101
73282100111,73282100211,73282100211
73282100121,73282100221,73282100221
73282100131,73282100231,73282100231
73282100141,73282100241,73282100241
73282100151,73282100251,73282100251
73282100161,73282100261,73282100261
73282100171,73282100271,73282100271
73282100181,73282100281,73282100281
73282100191,73282100291,73282100291
73282300011,73282300301,73282300301
73282300021,73282300311,73282300311
73282300034,73282300324,73282300324
73282300041,73282300331,73282300331
73282400503,73282400013,73282400013
73282400511,73282400021,73282400021
73282400031,73282400031,73282400031
73282400041,73282400041,73282400041
73282400051,73282400051,73282400051
73282400061,73282400061,73282400061
73282400074,73282400074,73282400074
73282400081,73282400081,73282400081
73282400091,73282400091,73282400091
73282400101,73282400101,73282400101
73282400111,73282400111,73282400111
73282400121,73282400121,73282400121
73282400134,73282400134,73282400134
73282400143,73282400143,73282400143
73282400151,73282400151,73282400151
73282400163,73282400163,73282400163
73282400171,73282400171,73282400171
73282400183,73282400183,73282400183
73282400191,73282400191,73282400191
73282400203,73282400203,73282400203
73282400211,73282400211,73282400211
73282400221,73282400221,73282400221
73282400233,73282400233,73282400233
73282400011,73282400241,73282400241
73282400021,73282400251,73282400251
73282400243,73282400263,73282400263
73282400251,73282400271,73282400271
73282400261,73282400281,73282400281
73282400271,73282400291,73282400291
73282400281,73282400301,73282400301
73282400294,73282400314,73282400314
73282400303,73282400323,73282400323
73282400313,73282400333,73282400333
73282400321,73282400341,73282400341
73282400334,73282400354,73282400354
73282400343,73282400363,73282400363
73282400543,73282400373,73282400373
73282400551,73282400381,73282400381
73282400561,73282400391,73282400391
73282400351,73282400401,73282400401
73282400364,73282400414,73282400414
73282400373,73282400423,73282400423
73282400381,73282400431,73282400431
73282400394,73282400444,73282400444
73282400403,73282400453,73282400453
73282400411,73282400461,73282400461
73282400424,73282400474,73282400474
73282400433,73282400483,73282400483
73282400441,73282400491,73282400491
73282400454,73282400504,73282400504
73282400463,73282400513,73282400513
73282400471,73282400521,73282400521
73282400484,73282400534,73282400534
73282400583,73282400543,73282400543
73282400493,73282400553,73282400553
73282400523,73282400563,73282400563
73282400576,73282400576,73282400576
73282400596,73282400586,73282400586
73282400536,73282400596,73282400596
73282500011,73282500011,73282500011
73282500021,73282500021,73282500021
73282500031,73282500031,73282500031
73282500041,73282500041,73282500041
73282500051,73282500051,73282500051
73282500064,73282500064,73282500064
73282500071,73282500071,73282500071
73282500081,73282500081,73282500081
73282500091,73282500091,73282500091
73282500101,73282500101,73282500101
73282500111,73282500111,73282500111
73282500121,73282500121,73282500121
73282500131,73282500131,73282500131
73282500141,73282500141,73282500141
73282500151,73282500151,73282500151
73282500161,73282500161,73282500161
73282500174,73282500174,73282500174
73282500181,73282500181,73282500181
73282700014,73282700194,73282700194
73282700021,73282700201,73282700201
73282700031,73282700211,73282700211
73282700041,73282700221,73282700221
73282700054,73282700234,73282700234
73282700063,73282700243,73282700243
73282700103,73282700013,73282700013
73282700073,73282700023,73282700023
73282700083,73282700033,73282700033
73282700093,73282700043,73282700043
73282700111,73282700051,73282700051
73282700123,73282700063,73282700063
73282700133,73282700073,73282700073
73282700143,73282700083,73282700083
73282700151,73282700091,73282700091
73282700161,73282700101,73282700101
73282700176,73282700116,73282700116
73282800013,73282800013,73282800013
73282800021,73282800021,73282800021
73282800031,73282800031,73282800031
73282800041,73282800041,73282800041
73282800051,73282800051,73282800051
73282800061,73282800061,73282800061
73282800074,73282800074,73282800074
73282800083,73282800083,73282800083
73282800383,73282800093,73282800093
73282800093,73282800103,73282800103
73282800311,73282800111,73282800111
73282800103,73282800123,73282800123
73282800323,73282800133,73282800133
73282800333,73282800141,73282800141
73282800343,73282800153,73282800153
73282800351,73282800161,73282800161
73282800393,73282800173,73282800173
73282800243,73282800183,73282800183
73282800373,73282800191,73282800191
73282800113,73282800203,73282800203
73282800171,73282800211,73282800211
73282800183,73282800223,73282800223
73282800193,73282800233,73282800233
73282800203,73282800243,73282800243
73282800213,73282800253,73282800253
73282800123,73282800263,73282800263
73282800133,73282800273,73282800273
73282800143,73282800283,73282800283
73282800151,73282800291,73282800291
73282800253,73282800303,73282800303
73282800261,73282800311,73282800311
73282800271,73282800321,73282800321
73282800283,73282800333,73282800333
73282800221,73282800341,73282800341
73282800291,73282800351,73282800351
73282800366,73282800366,73282800366
73282800406,73282800376,73282800376
73282800166,73282800386,73282800386
73282800236,73282800396,73282800396
73282800306,73282800406,73282800406
73282900013,73282900013,73282900013
73282900293,73282900021,73282900021
73282900023,73282900033,73282900033
73282900031,73282900041,73282900041
73282900041,73282900051,73282900051
73282900051,73282900061,73282900061
73282900061,73282900071,73282900071
73282900074,73282900084,73282900084
73282900081,73282900091,73282900091
73282900094,73282900104,73282900104
73282900101,73282900111,73282900111
73282900114,73282900124,73282900124
73282900121,73282900131,73282900131
73282900131,73282900141,73282900141
73282900141,73282900151,73282900151
73282900154,73282900164,73282900164
73282900161,73282900171,73282900171
73282900174,73282900184,73282900184
73282900181,73282900191,73282900191
73282900194,73282900204,73282900204
73282900201,73282900211,73282900211
73282900214,73282900224,73282900224
73282900221,73282900231,73282900231
73282900234,73282900244,73282900244
73282900241,73282900251,73282900251
73282900254,73282900264,73282900264
73282900264,73282900274,73282900274
73282900274,73282900284,73282900284
73282900286,73282900306,73282900306
73283000011,73283000011,73283000011
73283000021,73283000021,73283000021
73283000031,73283000031,73283000031
73283000041,73283000041,73283000041
73283000051,73283000051,73283000051
73283000061,73283000061,73283000061
73283000071,73283000071,73283000071
73283000081,73283000081,73283000081
73283000091,73283000091,73283000091
73283000101,73283000101,73283000101
73283000114,73283000114,73283000114
73283000121,73283000121,73283000121
73283000131,73283000131,73283000131
73283000141,73283000141,73283000141
73283000151,73283000151,73283000151
73283000161,73283000161,73283000161
73283000171,73283000171,73283000171
73283000181,73283000181,73283000181
73283000193,73283000193,73283000193
73283000204,73283000204,73283000204
73283000213,73283000213,73283000213
73283000393,73283000223,73283000223
73283000223,73283000233,73283000233
73283000231,73283000241,73283000241
73283000401,73283000251,73283000251
73283000243,73283000263,73283000263
73283000373,73283000273,73283000273
73283000251,73283000281,73283000281
73283000261,73283000291,73283000291
73283000273,73283000303,73283000303
73283000351,73283000321,73283000321
73283000341,73283000331,73283000331
73283000281,73283000341,73283000341
73283000291,73283000351,73283000351
73283000301,73283000361,73283000361
73283000311,73283000371,73283000371
73283000321,73283000381,73283000381
73283000331,73283000391,73283000391
73283000416,73283000406,73283000406
73283000386,73283000416,73283000416
73283000366,73283000426,73283000426
73284000011,73284000011,73284000011
73284000021,73284000021,73284000021
73284000031,73284000031,73284000031
73284000041,73284000041,73284000041
73284000051,73284000051,73284000051
73284000066,73284000066,73284000066
73285000011,73285000011,73285000011
73285000021,73285000021,73285000021
73285000031,73285000031,73285000031
73285000041,73285000041,73285000041
73285000054,73285000054,73285000054
73285000061,73285000061,73285000061
73285000071,73285000071,73285000071
73285000081,73285000081,73285000081
73285000091,73285000091,73285000091
73285000101,73285000101,73285000101
73285000111,73285000111,73285000111
73285000121,73285000121,73285000121
73285000131,73285000131,73285000131
73285000141,73285000141,73285000141
73285000151,73285000151,73285000151
73286000011,73286000011,73286000011
73286000021,73286000021,73286000021
73286000031,73286000031,73286000031
73286000041,73286000041,73286000041
73286000051,73286000051,73286000051
73286000063,73286000063,73286000063
73286000074,73286000074,73286000074
73286000083,73286000083,73286000083
73286000094,73286000094,73286000094
73286000103,73286000103,73286000103
73286000113,73286000113,73286000113
73286000124,73286000124,73286000124
73286000133,73286000133,73286000133
73286000553,73286000143,73286000143
73286000163,73286000153,73286000153
73286000573,73286000163,73286000163
73286000151,73286000171,73286000171
73286000143,73286000183,73286000183
73286000173,73286000193,73286000193
73286000493,73286000203,73286000203
73286000503,73286000213,73286000213
73286000513,73286000223,73286000223
73286000183,73286000233,73286000233
73286000193,73286000243,73286000243
73286000201,73286000251,73286000251
73286000213,73286000263,73286000263
73286000533,73286000273,73286000273
73286000473,73286000283,73286000283
73286000223,73286000293,73286000293
73286000231,73286000301,73286000301
73286000241,73286000311,73286000311
73286000251,73286000321,73286000321
73286000261,73286000331,73286000331
73286000271,73286000341,73286000341
73286000281,73286000351,73286000351
73286000291,73286000361,73286000361
73286000304,73286000374,73286000374
73286000313,73286000383,73286000383
73286000323,73286000393,73286000393
73286000453,73286000403,73286000403
73286000333,73286000413,73286000413
73286000341,73286000421,73286000421
73286000351,73286000431,73286000431
73286000364,73286000444,73286000444
73286000393,73286000453,73286000453
73286000403,73286000463,73286000463
73286000413,73286000473,73286000473
73286000421,73286000481,73286000481
73286000431,73286000491,73286000491
73286000371,73286000501,73286000501
73286000566,73286000516,73286000516
73286000586,73286000526,73286000526
73286000526,73286000536,73286000536
73286000546,73286000546,73286000546
73286000486,73286000556,73286000556
73286000466,73286000566,73286000566
73286000446,73286000576,73286000576
73286000386,73286000586,73286000586
73287000011,73287000011,73287000011
73287000024,73287000024,73287000024
73287000031,73287000031,73287000031
73287000044,73287000044,73287000044
73287000053,73287000053,73287000053
73287000061,73287000061,73287000061
73287000071,73287000071,73287000071
73287000084,73287000084,73287000084
73287000093,73287000093,73287000093
73287000713,73287000103,73287000103
73287000723,73287000113,73287000113
73287000731,73287000121,73287000121
73287000741,73287000131,73287000131
73287000103,73287000143,73287000143
73287000111,73287000151,73287000151
73287000123,73287000163,73287000163
73287000134,73287000174,73287000174
73287000143,73287000183,73287000183
73287000673,73287000193,73287000193
73287000681,73287000201,73287000201
73287000153,73287000213,73287000213
73287000163,73287000223,73287000223
73287000171,73287000231,73287000231
73287000181,73287000241,73287000241
73287000193,73287000253,73287000253
73287000204,73287000264,73287000264
73287000213,73287000273,73287000273
73287000223,73287000283,73287000283
73287000233,73287000293,73287000293
73287000643,73287000303,73287000303
73287000651,73287000311,73287000311
73287000243,73287000323,73287000323
73287000253,73287000333,73287000333
73287000313,73287000363,73287000363
73287000261,73287000371,73287000371
73287000271,73287000381,73287000381
73287000323,73287000393,73287000393
73287000333,73287000403,73287000403
73287000343,73287000413,73287000413
73287000351,73287000421,73287000421
73287000361,73287000431,73287000431
73287000371,73287000441,73287000441
73287000381,73287000451,73287000451
73287000391,73287000461,73287000461
73287000401,73287000471,73287000471
73287000411,73287000491,73287000491
73287000593,73287000503,73287000503
73287000423,73287000513,73287000513
73287000541,73287000521,73287000521
73287000553,73287000533,73287000533
73287000281,73287000551,73287000551
73287000294,73287000564,73287000564
73287000303,73287000573,73287000573
73287000613,73287000583,73287000583
73287000621,73287000591,73287000591
73287000443,73287000603,73287000603
73287000431,73287000611,73287000611
73287000453,73287000623,73287000623
73287000461,73287000631,73287000631
73287000471,73287000641,73287000641
73287000481,73287000651,73287000651
73287000494,73287000664,73287000664
73287000501,73287000671,73287000671
73287000573,73287000683,73287000683
73287000691,73287000691,73287000691
73287000513,73287000703,73287000703
73287000521,73287000711,73287000711
73287000756,73287000726,73287000726
73287000666,73287000736,73287000736
73287000606,73287000746,73287000746
73287000566,73287000756,73287000756
73287000636,73287000766,73287000766
73287000586,73287000776,73287000776
73287000706,73287000786,73287000786
73287000536,73287000796,73287000796
73288000011,73288000011,73288000011
73288000021,73288000021,73288000021
73288000031,73288000031,73288000031
73288000041,73288000041,73288000041
73288000051,73288000051,73288000051
73288000061,73288000061,73288000061
73288000071,73288000071,73288000071
73288000081,73288000081,73288000081
73288000096,73288000096,73288000096
73289000011,73289000011,73289000011
73289000024,73289000024,73289000024
73289000031,73289000031,73289000031
73289000041,73289000041,73289000041
73289000054,73289000054,73289000054
73289000061,73289000061,73289000061
73289000074,73289000074,73289000074
73289000081,73289000081,73289000081
73289000094,73289000094,73289000094
73289000101,73289000101,73289000101
73289000114,73289000114,73289000114
73289000121,73289000121,73289000121
73289000134,73289000134,73289000134
73289000141,73289000141,73289000141
73289000154,73289000154,73289000154
73289000161,73289000161,73289000161
73289000193,73289000183,73289000183
73289000174,73289000194,73289000194
73289000184,73289000204,73289000204
73289000243,73289000213,73289000213
73289000203,73289000223,73289000223
73289000213,73289000233,73289000233
73289000221,73289000241,73289000241
73289000256,73289000256,73289000256
73289000236,73289000266,73289000266
73290000073,73290000013,73290000013
73290000081,73290000021,73290000021
73290000091,73290000031,73290000031
73290000101,73290000041,73290000041
73290000111,73290000051,73290000051
73290000121,73290000161,73290000161
73290000131,73290000171,73290000171
73290000141,73290000181,73290000181
73290000151,73290000191,73290000191
73290000161,73290000201,73290000201
73290000391,73290000211,73290000211
73290000401,73290000221,73290000221
73290000411,73290000231,73290000231
73290000421,73290000241,73290000241
73290000431,73290000251,73290000251
73290000441,73290000261,73290000261
73290000451,73290000271,73290000271
73290000461,73290000281,73290000281
73290000271,73290000641,73290000641
73290000281,73290000651,73290000651
73290000291,73290000661,73290000661
73290000301,73290000671,73290000671
73290000311,73290000681,73290000681
73290000321,73290000691,73290000691
73290000331,73290000701,73290000701
73290000341,73290000711,73290000711
73290000351,73290000721,73290000721
73290000621,73290000731,73290000731
73290000471,73290000951,73290000951
73290000481,73290000961,73290000961
73290000491,73290000971,73290000971
73290000501,73290000981,73290000981
73290000511,73290000991,73290000991
73290000371,73290001071,73290001071
73290000583,73290001163,73290001163
73290000033,73290001173,73290001173
73290000171,73290001281,73290001281
73290000181,73290001291,73290001291
73290000191,73290001301,73290001301
73290000201,73290001311,73290001311
73290000211,73290001321,73290001321
73290000221,73290001331,73290001331
73290000231,73290001341,73290001341
73290000241,73290001351,73290001351
73290000251,73290001361,73290001361
73290000261,73290001371,73290001371
73290000361,73290001381,73290001381
73290000615,73290001395,73290001395
73290000055,73290001405,73290001405
73290000535,73290001415,73290001415
73290000045,73290001425,73290001425
73290000065,73290001435,73290001435
73290000025,73290001445,73290001445
73290000565,73290001455,73290001455
73290000556,73290001466,73290001466
73290000526,73290001476,73290001476
73290000386,73290001486,73290001486
73290000596,73290001496,73290001496
73290000606,73290001506,73290001506
73290000546,73290001516,73290001516
73290000576,73290001536,73290001536
74100300025,74100300015,74100300015
74100300016,74100300026,74100300026
74100400095,74100400015,74100400015
74100400015,74100400025,74100400025
74100400025,74100400035,74100400035
74100400106,74100400046,74100400046
74100400036,74100400056,74100400056
74100600061,74100600011,74100600011
74100600071,74100600021,74100600021
74100600461,74100600031,74100600031
74100600471,74100600041,74100600041
74100600481,74100600051,74100600051
74100600491,74100600061,74100600061
74100600501,74100600071,74100600071
74100600081,74100600091,74100600091
74100600091,74100600101,74100600101
74100600101,74100600111,74100600111
74100600111,74100600121,74100600121
74100600121,74100600131,74100600131
74100600131,74100600141,74100600141
74100600141,74100600151,74100600151
74100600151,74100600161,74100600161
74100600161,74100600171,74100600171
74100600171,74100600181,74100600181
74100600181,74100600191,74100600191
74100600191,74100600201,74100600201
74100600201,74100600211,74100600211
74100600211,74100600221,74100600221
74100600221,74100600231,74100600231
74100600231,74100600241,74100600241
74100600241,74100600251,74100600251
74100600251,74100600261,74100600261
74100600261,74100600271,74100600271
74100600271,74100600281,74100600281
74100600281,74100600291,74100600291
74100600291,74100600301,74100600301
74100600301,74100600311,74100600311
74100600311,74100600321,74100600321
74100600324,74100600334,74100600334
74100600331,74100600341,74100600341
74100600363,74100600353,74100600353
74100600441,74100600371,74100600371
74100600373,74100600383,74100600383
74100600383,74100600393,74100600393
74100600391,74100600401,74100600401
74100600401,74100600411,74100600411
74100600414,74100600424,74100600424
74100600421,74100600431,74100600431
74100600344,74100600444,74100600444
74100600353,74100600453,74100600453
74100400065,74100400495,74100400495
74100400055,74100400505,74100400505
74100600025,74100600515,74100600515
74100600035,74100600525,74100600525
74100600045,74100600535,74100600535
74100600055,74100600545,74100600545
74100600456,74100600566,74100600566
74100600436,74100600576,74100600576
74100400076,74100400586,74100400586
74210000131,74210000011,74210000011
74210000161,74210000041,74210000041
74210000171,74210000051,74210000051
74210000181,74210000061,74210000061
74210000191,74210000071,74210000071
74210000201,74210000081,74210000081
74210000211,74210000091,74210000091
74210000221,74210000101,74210000101
74210000231,74210000111,74210000111
74210000241,74210000121,74210000121
74210000251,74210000131,74210000131
74210000261,74210000141,74210000141
74210000271,74210000151,74210000151
74210000281,74210000161,74210000161
74210000291,74210000171,74210000171
74210000311,74210000181,74210000181
74210000321,74210000191,74210000191
74210000331,74210000201,74210000201
74210000341,74210000211,74210000211
74210000351,74210000221,74210000221
74210000361,74210000231,74210000231
74210000374,74210000244,74210000244
74210000381,74210000251,74210000251
74210000391,74210000261,74210000261
74210000401,74210000271,74210000271
74210000411,74210000281,74210000281
74210000421,74210000291,74210000291
74210000431,74210000301,74210000301
74230100011,74230100311,74230100311
74210000151,74210000321,74210000321
74210000141,74210000331,74210000331
74210000125,74210000355,74210000355
74210000025,74210000375,74210000375
74210000035,74210000385,74210000385
74210000115,74210000395,74210000395
74210000105,74210000405,74210000405
74210000095,74210000415,74210000415
74210000085,74210000425,74210000425
74210000075,74210000435,74210000435
74210000065,74210000445,74210000445
74210000055,74210000455,74210000455
74210000045,74210000465,74210000465
74221000011,74221000011,74221000011
74221000021,74221000021,74221000021
74221000031,74221000031,74221000031
74222200011,74222200011,74222200011
74222200021,74222200021,74222200021
74222200051,74222200061,74222200061
74222200041,74222200071,74222200071
74222200034,74222200084,74222200084
74222200063,74222200093,74222200093
74222200071,74222200101,74222200101
74222200083,74222200113,74222200113
74222200093,74222200123,74222200123
74222200101,74222200131,74222200131
74222200111,74222200141,74222200141
74222200121,74222200151,74222200151
74222200131,74222200161,74222200161
74222200141,74222200171,74222200171
74222200151,74222200181,74222200181
74222200161,74222200191,74222200191
74222200171,74222200201,74222200201
74222200186,74222200216,74222200216
74222100011,74222100011,74222100011
74222300011,74222300021,74222300021
74222300021,74222300031,74222300031
74222300031,74222300041,74222300041
74222300044,74222300054,74222300054
74222300051,74222300061,74222300061
74222300063,74222300073,74222300073
74222300071,74222300081,74222300081
74222400011,74222400011,74222400011
74222400021,74222400021,74222400021
74222400031,74222400031,74222400031
74222400041,74222400041,74222400041
74222400051,74222400051,74222400051
74222400061,74222400061,74222400061
74222400073,74222400073,74222400073
74222400081,74222400081,74222400081
74222400221,74222400091,74222400091
74222400231,74222400101,74222400101
74222400241,74222400111,74222400111
74222400091,74222400121,74222400121
74222400101,74222400131,74222400131
74222400271,74222400141,74222400141
74222400251,74222400151,74222400151
74222400111,74222400161,74222400161
74222400121,74222400171,74222400171
74222400131,74222400181,74222400181
74222400141,74222400191,74222400191
74222400151,74222400201,74222400201
74222400164,74222400214,74222400214
74222400171,74222400221,74222400221
74222400184,74222400234,74222400234
74222400191,74222400241,74222400241
74222400201,74222400251,74222400251
74222400266,74222400266,74222400266
74222400216,74222400276,74222400276
74222500021,74222500011,74222500011
74222500031,74222500021,74222500021
74222500011,74222500031,74222500031
74222500041,74222500041,74222500041
74222500053,74222500053,74222500053
74222500061,74222500061,74222500061
74222500076,74222500076,74222500076
74222600011,74222600011,74222600011
74222600071,74222600021,74222600021
74222600021,74222600031,74222600031
74222600034,74222600044,74222600044
74222600043,74222600053,74222600053
74222600053,74222600063,74222600063
74222600086,74222600076,74222600076
74222600066,74222600086,74222600086
74222700011,74222700011,74222700011
74222700021,74222700021,74222700021
74222700051,74222700041,74222700041
74222700061,74222700051,74222700051
74222700071,74222700061,74222700061
74222700151,74222700071,74222700071
74222700161,74222700081,74222700081
74222700171,74222700091,74222700091
74222700181,74222700101,74222700101
74222700191,74222700111,74222700111
74222700201,74222700121,74222700121
74222700214,74222700134,74222700134
74222700221,74222700141,74222700141
74222700231,74222700151,74222700151
74222700084,74222700164,74222700164
74222700091,74222700171,74222700171
74222700101,74222700181,74222700181
74222700111,74222700191,74222700191
74222700121,74222700201,74222700201
74222700131,74222700211,74222700211
74222700141,74222700221,74222700221
74222700031,74222700231,74222700231
74222700041,74222700241,74222700241
74222700241,74222700251,74222700251
74222700251,74222700261,74222700261
74222700263,74222700273,74222700273
74222700276,74222700286,74222700286
74222800011,74222800011,74222800011
74222800021,74222800021,74222800021
74222800031,74222800031,74222800031
74222800041,74222800041,74222800041
74222800051,74222800051,74222800051
74222800061,74222800061,74222800061
74222800071,74222800071,74222800071
74222800081,74222800081,74222800081
74222800091,74222800091,74222800091
74222800101,74222800101,74222800101
74222800116,74222800116,74222800116
74222900011,74222900011,74222900011
74222900021,74222900021,74222900021
74222900031,74222900031,74222900031
74222900041,74222900041,74222900041
74222900051,74222900051,74222900051
74222900061,74222900061,74222900061
74222900071,74222900071,74222900071
74222900081,74222900081,74222900081
74222900091,74222900091,74222900091
74222900101,74222900101,74222900101
74222900111,74222900111,74222900111
74222900121,74222900121,74222900121
74222900131,74222900131,74222900131
74222900141,74222900141,74222900141
74222900151,74222900151,74222900151
74222900161,74222900161,74222900161
74222900171,74222900171,74222900171
74222900181,74222900181,74222900181
74222900191,74222900191,74222900191
74222900201,74222900201,74222900201
74222900211,74222900211,74222900211
74222900221,74222900221,74222900221
74222900231,74222900231,74222900231
74222900701,74222900241,74222900241
74222900714,74222900254,74222900254
74222900821,74222900261,74222900261
74222900831,74222900271,74222900271
74222900841,74222900281,74222900281
74222900851,74222900291,74222900291
74222900861,74222900301,74222900301
74222900871,74222900311,74222900311
74222900241,74222900321,74222900321
74222900251,74222900331,74222900331
74222900261,74222900341,74222900341
74222900274,74222900354,74222900354
74222900721,74222900361,74222900361
74222900734,74222900374,74222900374
74222900743,74222900383,74222900383
74222900753,74222900393,74222900393
74222900761,74222900401,74222900401
74222900391,74222900411,74222900411
74222900683,74222900433,74222900433
74222900403,74222900443,74222900443
74222900413,74222900453,74222900453
74222900421,74222900461,74222900461
74222900434,74222900474,74222900474
74222900443,74222900483,74222900483
74222900284,74222900494,74222900494
74222900294,74222900504,74222900504
74222900301,74222900511,74222900511
74222900314,74222900524,74222900524
74222900323,74222900533,74222900533
74222900653,74222900543,74222900543
74222900663,74222900553,74222900553
74222900453,74222900563,74222900563
74222900633,74222900573,74222900573
74222900591,74222900581,74222900581
74222900603,74222900593,74222900593
74222900613,74222900603,74222900603
74222900463,74222900613,74222900613
74222900473,74222900623,74222900623
74222900481,74222900631,74222900631
74222900491,74222900641,74222900641
74222900504,74222900654,74222900654
74222900511,74222900661,74222900661
74222900521,74222900671,74222900671
74222900531,74222900681,74222900681
74222900544,74222900694,74222900694
74222900551,74222900701,74222900701
74222900561,74222900711,74222900711
74222900571,74222900721,74222900721
74222900333,74222900733,74222900733
74222900341,74222900741,74222900741
74222900353,74222900753,74222900753
74222900361,74222900761,74222900761
74222900374,74222900774,74222900774
74222900383,74222900783,74222900783
74222900803,74222900793,74222900793
74222900773,74222900803,74222900803
74222900781,74222900811,74222900811
74222900886,74222900826,74222900826
74222900696,74222900836,74222900836
74222900676,74222900846,74222900846
74222900646,74222900856,74222900856
74222900626,74222900866,74222900866
74222900586,74222900876,74222900876
74222900816,74222900886,74222900886
74222900796,74222900896,74222900896
74223100011,74223100011,74223100011
74223100024,74223100024,74223100024
74223100031,74223100031,74223100031
74223100041,74223100041,74223100041
74223100051,74223100051,74223100051
74223100061,74223100061,74223100061
74223100211,74223100071,74223100071
74223100201,74223100081,74223100081
74223100074,74223100094,74223100094
74223100081,74223100101,74223100101
74223100091,74223100111,74223100111
74223100101,74223100121,74223100121
74223100111,74223100131,74223100131
74223100123,74223100143,74223100143
74223100131,74223100151,74223100151
74223100143,74223100163,74223100163
74223100154,74223100174,74223100174
74223100161,74223100181,74223100181
74223100171,74223100191,74223100191
74223100181,74223100201,74223100201
74223200013,74223200213,74223200213
74223300011,74223300221,74223300221
74223100191,74223100231,74223100231
74223300021,74223300011,74223300011
74223300191,74223300021,74223300021
74223300201,74223300031,74223300031
74223300031,74223300041,74223300041
74223300043,74223300053,74223300053
74223300051,74223300061,74223300061
74223300063,74223300073,74223300073
74223300071,74223300081,74223300081
74223300084,74223300094,74223300094
74223300091,74223300101,74223300101
74223300103,74223300113,74223300113
74223300111,74223300121,74223300121
74223300211,74223300131,74223300131
74223300123,74223300143,74223300143
74223300131,74223300151,74223300151
74223300226,74223300166,74223300166
74223300141,74223300231,74223300231
74223300153,74223300023,74223300023
74223300161,74223300241,74223300241
74223300171,74223300251,74223300251
74223300181,74223300051,74223300051
74223500013,74223500063,74223500063
74223500021,74223500071,74223500071
74223500034,74223500084,74223500084
74223500043,74223500093,74223500093
74223500051,74223500101,74223500101
74223500061,74223500111,74223500111
74223500073,74223500123,74223500123
74223500081,74223500131,74223500131
74223500093,74223500143,74223500143
74223500101,74223500151,74223500151
74223600011,74223600011,74223600011
74223600021,74223600021,74223600021
74223600031,74223600031,74223600031
74223600041,74223600041,74223600041
74223600054,74223600054,74223600054
74223600063,74223600063,74223600063
74223600073,74223600073,74223600073
74223600081,74223600081,74223600081
74223600093,74223600093,74223600093
74223600101,74223600101,74223600101
74223600111,74223600111,74223600111
74223600121,74223600121,74223600121
74223600143,74223600133,74223600133
74223600153,74223600143,74223600143
74223600161,74223600151,74223600151
74223600136,74223600166,74223600166
74223600176,74223600176,74223600176
74223700011,74223700011,74223700011
74223700021,74223700021,74223700021
74223700031,74223700031,74223700031
74223700041,74223700041,74223700041
74223700051,74223700051,74223700051
74223700061,74223700061,74223700061
74223700071,74223700071,74223700071
74223700081,74223700081,74223700081
74223900011,74223900011,74223900011
74223900021,74223900021,74223900021
74223900031,74223900031,74223900031
74223900041,74223900041,74223900041
74223900051,74223900051,74223900051
74223900061,74223900061,74223900061
74223900071,74223900071,74223900071
74223900081,74223900081,74223900081
74224000011,74224000011,74224000011
74224000021,74224000021,74224000021
74224000034,74224000034,74224000034
74224000043,74224000043,74224000043
74224000051,74224000051,74224000051
74224000061,74224000061,74224000061
74224000071,74224000071,74224000071
74224000081,74224000081,74224000081
74224000091,74224000091,74224000091
74224000101,74224000101,74224000101
74224000111,74224000111,74224000111
74224000121,74224000121,74224000121
74224000131,74224000131,74224000131
74224000141,74224000141,74224000141
74224000156,74224000156,74224000156
74225000011,74225000011,74225000011
74225000021,74225000021,74225000021
74225000031,74225000031,74225000031
74225000041,74225000041,74225000041
74225000051,74225000051,74225000051
74225000061,74225000061,74225000061
74225000071,74225000071,74225000071
74225000081,74225000081,74225000081
74225000091,74225000091,74225000091
74225000104,74225000104,74225000104
74225000111,74225000111,74225000111
74225000121,74225000121,74225000121
74225000131,74225000131,74225000131
74225000141,74225000141,74225000141
74225000151,74225000151,74225000151
74225000161,74225000161,74225000161
74225000171,74225000171,74225000171
74225000181,74225000181,74225000181
74225000191,74225000191,74225000191
74225000201,74225000201,74225000201
74225000211,74225000211,74225000211
74225000221,74225000221,74225000221
74225000231,74225000231,74225000231
74225000241,74225000241,74225000241
74225000331,74225000261,74225000261
74225000251,74225000271,74225000271
74225000261,74225000281,74225000281
74225000271,74225000291,74225000291
74225000281,74225000301,74225000301
74225000291,74225000311,74225000311
74225000314,74225000324,74225000324
74225000323,74225000333,74225000333
74225000346,74225000346,74225000346
74225000304,74225000356,74225000356
74226000013,74226000013,74226000013
74226000023,74226000023,74226000023
74226000463,74226000033,74226000033
74226000031,74226000041,74226000041
74226000041,74226000051,74226000051
74226000053,74226000063,74226000063
74226000061,74226000071,74226000071
74226000073,74226000083,74226000083
74226000081,74226000091,74226000091
74226000091,74226000101,74226000101
74226000101,74226000111,74226000111
74226000113,74226000123,74226000123
74226000121,74226000131,74226000131
74226000131,74226000141,74226000141
74226000141,74226000151,74226000151
74226000151,74226000161,74226000161
74226000161,74226000171,74226000171
74226000171,74226000181,74226000181
74226000181,74226000191,74226000191
74226000191,74226000201,74226000201
74226000201,74226000211,74226000211
74226000211,74226000221,74226000221
74226000221,74226000231,74226000231
74226000231,74226000241,74226000241
74226000241,74226000251,74226000251
74226000251,74226000261,74226000261
74226000261,74226000271,74226000271
74226000271,74226000281,74226000281
74226000281,74226000291,74226000291
74226000291,74226000301,74226000301
74226000301,74226000311,74226000311
74226000431,74226000321,74226000321
74226000311,74226000331,74226000331
74226000321,74226000341,74226000341
74226000331,74226000351,74226000351
74226000341,74226000361,74226000361
74226000351,74226000371,74226000371
74226000361,74226000381,74226000381
74226000371,74226000391,74226000391
74226000381,74226000401,74226000401
74226000391,74226000411,74226000411
74226000401,74226000421,74226000421
74226000411,74226000431,74226000431
74226000443,74226000443,74226000443
74226000476,74226000456,74226000456
74226000426,74226000466,74226000466
74226000456,74226000476,74226000476
74227100013,74227100013,74227100013
74227100021,74227100021,74227100021
74227100033,74227100033,74227100033
74227100293,74227100043,74227100043
74227100301,74227100051,74227100051
74227100043,74227100063,74227100063
74227100053,74227100073,74227100073
74227100063,74227100083,74227100083
74227100071,74227100091,74227100091
74227100081,74227100101,74227100101
74227100091,74227100111,74227100111
74227100101,74227100121,74227100121
74227100111,74227100131,74227100131
74227100121,74227100141,74227100141
74227100131,74227100151,74227100151
74227100141,74227100161,74227100161
74227100151,74227100171,74227100171
74227100161,74227100181,74227100181
74227100171,74227100191,74227100191
74227100181,74227100201,74227100201
74227100191,74227100211,74227100211
74227100201,74227100221,74227100221
74227100211,74227100231,74227100231
74227100221,74227100241,74227100241
74227100231,74227100251,74227100251
74227100241,74227100261,74227100261
74227100251,74227100271,74227100271
74227300011,74227300281,74227300281
74227300021,74227300291,74227300291
74227300031,74227300301,74227300301
74227300041,74227300311,74227300311
74227100261,74227100321,74227100321
74227100273,74227100333,74227100333
74227100316,74227100346,74227100346
74227100286,74227100356,74227100356
74227400011,74227400011,74227400011
74227400021,74227400021,74227400021
74227400031,74227400031,74227400031
74227400041,74227400041,74227400041
74227400051,74227400051,74227400051
74227400061,74227400061,74227400061
74227400071,74227400071,74227400071
74227400081,74227400081,74227400081
74227400091,74227400091,74227400091
74227400101,74227400101,74227400101
74227400111,74227400111,74227400111
74227400126,74227400126,74227400126
74227500011,74227500011,74227500011
74227700011,74227700021,74227700021
74227700021,74227700031,74227700031
74227700031,74227700041,74227700041
74227700041,74227700051,74227700051
74227700051,74227700061,74227700061
74227700061,74227700071,74227700071
74227700071,74227700081,74227700081
74227800011,74227800011,74227800011
74227800021,74227800021,74227800021
74227800031,74227800031,74227800031
74227800041,74227800041,74227800041
74227800051,74227800051,74227800051
74227800061,74227800061,74227800061
74227800071,74227800071,74227800071
74227800081,74227800081,74227800081
74227800091,74227800091,74227800091
74227800101,74227800101,74227800101
74227800111,74227800111,74227800111
74227800121,74227800121,74227800121
74227800131,74227800131,74227800131
74227800141,74227800141,74227800141
74227800161,74227800151,74227800151
74227800156,74227800166,74227800166
74227800176,74227800176,74227800176
74227900011,74227900011,74227900011
74227900021,74227900021,74227900021
74228000011,74228000011,74228000011
74228000021,74228000021,74228000021
74228000031,74228000031,74228000031
74228000041,74228000041,74228000041
74228000051,74228000051,74228000051
74228000061,74228000061,74228000061
74228000071,74228000071,74228000071
74228000081,74228000081,74228000081
74228000091,74228000091,74228000091
74228000101,74228000101,74228000101
74228000111,74228000111,74228000111
74228000121,74228000121,74228000121
74228000131,74228000131,74228000131
74228000141,74228000141,74228000141
74228000321,74228000151,74228000151
74228000251,74228000161,74228000161
74228000261,74228000171,74228000171
74228000271,74228000181,74228000181
74228000281,74228000191,74228000191
74228000291,74228000201,74228000201
74228000301,74228000211,74228000211
74228000151,74228000221,74228000221
74228000161,74228000231,74228000231
74228000171,74228000241,74228000241
74228000181,74228000251,74228000251
74228000191,74228000261,74228000261
74228000201,74228000271,74228000271
74228000211,74228000281,74228000281
74228000221,74228000291,74228000291
74228000231,74228000301,74228000301
74228000336,74228000316,74228000316
74228000316,74228000326,74228000326
74228000246,74228000336,74228000336
74229000011,74229000021,74229000021
74229000021,74229000031,74229000031
74229000031,74229000041,74229000041
74229000041,74229000051,74229000051
74229000051,74229000061,74229000061
74229000061,74229000071,74229000071
74229000071,74229000081,74229000081
74229000081,74229000091,74229000091
74229000091,74229000101,74229000101
74229000101,74229000111,74229000111
74229000111,74229000121,74229000121
74229000121,74229000131,74229000131
74229000131,74229000141,74229000141
74229000141,74229000151,74229000151
74229000151,74229000161,74229000161
74229000161,74229000171,74229000171
74229000181,74229000181,74229000181
74229000191,74229000191,74229000191
74229000201,74229000201,74229000201
74229000211,74229000211,74229000211
74229000221,74229000221,74229000221
74229000231,74229000231,74229000231
74229000241,74229000241,74229000241
74229000251,74229000251,74229000251
74229000176,74229000266,74229000266
74229000266,74229000276,74229000276
74230100101,74230100021,74230100021
74230100071,74230100041,74230100041
74230100061,74230100051,74230100051
74230100091,74230100061,74230100061
74230100031,74230100071,74230100071
74230100041,74230100081,74230100081
74230100051,74230100091,74230100091
74230100081,74230100101,74230100101
74230200011,74230200011,74230200011
74230200021,74230200021,74230200021
74230200031,74230200031,74230200031
74230200041,74230200041,74230200041
74230200051,74230200051,74230200051
74230200061,74230200061,74230200061
74230200071,74230200071,74230200071
74230200081,74230200081,74230200081
74230200096,74230200096,74230200096
74230300051,74230300011,74230300011
74230300041,74230300021,74230300021
74230300031,74230300031,74230300031
74230300021,74230300041,74230300041
74230300011,74230300051,74230300051
74230400011,74230400011,74230400011
74230400021,74230400021,74230400021
74230400031,74230400031,74230400031
74230400041,74230400041,74230400041
74230400056,74230400056,74230400056
74230500011,74230500011,74230500011
74230500021,74230500021,74230500021
74230600011,74230600011,74230600011
74230600021,74230600021,74230600021
74230600036,74230600036,74230600036
74230700011,74230700021,74230700021
74230700021,74230700031,74230700031
74230700031,74230700041,74230700041
74230700071,74230700071,74230700071
74230700051,74230700081,74230700081
74230700061,74230700091,74230700091
74230700081,74230700101,74230700101
74230700041,74230700111,74230700111
74230800011,74230800011,74230800011
74230800021,74230800021,74230800021
74230800031,74230800031,74230800031
74230800041,74230800041,74230800041
74230800051,74230800051,74230800051
74230800061,74230800061,74230800061
74230800561,74230800071,74230800071
74230800571,74230800081,74230800081
74230800071,74230800091,74230800091
74230800081,74230800101,74230800101
74230800091,74230800111,74230800111
74230800581,74230800121,74230800121
74230800591,74230800131,74230800131
74230800101,74230800141,74230800141
74230800111,74230800151,74230800151
74230800121,74230800161,74230800161
74230800131,74230800171,74230800171
74230800141,74230800181,74230800181
74230800151,74230800191,74230800191
74230800161,74230800201,74230800201
74230800171,74230800211,74230800211
74230800181,74230800221,74230800221
74230800191,74230800231,74230800231
74230800201,74230800241,74230800241
74230800531,74230800251,74230800251
74230800311,74230800261,74230800261
74230800321,74230800271,74230800271
74230800211,74230800281,74230800281
74230800221,74230800291,74230800291
74230800231,74230800301,74230800301
74230800241,74230800311,74230800311
74230800251,74230800321,74230800321
74230800541,74230800331,74230800331
74230800471,74230800341,74230800341
74230800481,74230800351,74230800351
74230800494,74230800364,74230800364
74230800503,74230800373,74230800373
74230800331,74230800381,74230800381
74230800341,74230800391,74230800391
74230800351,74230800401,74230800401
74230800361,74230800411,74230800411
74230800371,74230800421,74230800421
74230800381,74230800431,74230800431
74230800394,74230800444,74230800444
74230800261,74230800451,74230800451
74230800271,74230800461,74230800461
74230800281,74230800471,74230800471
74230800403,74230800493,74230800493
74230800413,74230800503,74230800503
74230800424,74230800514,74230800514
74230800433,74230800523,74230800523
74230800443,74230800533,74230800533
74230800453,74230800543,74230800543
74230800291,74230800551,74230800551
74230800301,74230800561,74230800561
74230800513,74230800573,74230800573
74230800606,74230800596,74230800596
74230800556,74230800606,74230800606
74230800466,74230800616,74230800616
74230800526,74230800626,74230800626
74230900011,74230900011,74230900011
74230900021,74230900021,74230900021
74230900031,74230900031,74230900031
74230900041,74230900041,74230900041
74230900051,74230900051,74230900051
74230900061,74230900061,74230900061
74230900071,74230900071,74230900071
74230900081,74230900081,74230900081
74230900091,74230900091,74230900091
74230900101,74230900101,74230900101
74230900111,74230900111,74230900111
74230900121,74230900121,74230900121
74230900131,74230900131,74230900131
74230900243,74230900143,74230900143
74230900231,74230900151,74230900151
74230900141,74230900161,74230900161
74230900151,74230900171,74230900171
74230900161,74230900181,74230900181
74230900171,74230900191,74230900191
74230900181,74230900201,74230900201
74230900191,74230900211,74230900211
74230900201,74230900221,74230900221
74230900211,74230900231,74230900231
74230900256,74230900246,74230900246
74230900226,74230900256,74230900256
74241100011,74241100011,74241100011
74241100021,74241100021,74241100021
74241100031,74241100031,74241100031
74241100041,74241100041,74241100041
74241100051,74241100051,74241100051
74241100064,74241100064,74241100064
74241100083,74241100073,74241100073
74241100093,74241100083,74241100083
74241100103,74241100093,74241100093
74241100111,74241100101,74241100101
74241100123,74241100113,74241100113
74241200014,74241200014,74241200014
74241200021,74241200021,74241200021
74241200036,74241200036,74241200036
74241300013,74241300013,74241300013
74241300023,74241300023,74241300023
74241300033,74241300033,74241300033
74241300043,74241300043,74241300043
74241300261,74241300051,74241300051
74241300054,74241300064,74241300064
74241300063,74241300073,74241300073
74241300071,74241300081,74241300081
74241300083,74241300093,74241300093
74241300094,74241300104,74241300104
74241300103,74241300113,74241300113
74241300113,74241300123,74241300123
74241300123,74241300133,74241300133
74241300133,74241300143,74241300143
74241300144,74241300154,74241300154
74241300153,74241300163,74241300163
74241300161,74241300171,74241300171
74241300171,74241300181,74241300181
74241300181,74241300191,74241300191
74241300194,74241300204,74241300204
74241300201,74241300211,74241300211
74241300211,74241300221,74241300221
74241300224,74241300234,74241300234
74241300231,74241300241,74241300241
74241300241,74241300251,74241300251
74241300251,74241300261,74241300261
74241500011,74241500271,74241500271
74241500024,74241500284,74241500284
74241500031,74241500291,74241500291
74241500041,74241500301,74241500301
74241500054,74241500314,74241500314
74241500061,74241500321,74241500321
74241700011,74241700361,74241700361
74241700021,74241700341,74241700341
74241700031,74241700351,74241700351
74241700044,74241700364,74241700364
74241700053,74241700373,74241700373
74241300276,74241300386,74241300386
74241700353,74241700013,74241700013
74241700363,74241700023,74241700023
74241700371,74241700031,74241700031
74241700384,74241700044,74241700044
74241700063,74241700053,74241700053
74241700293,74241700063,74241700063
74241700301,74241700071,74241700071
74241700093,74241700083,74241700083
74241700073,74241700103,74241700103
74241700081,74241700111,74241700111
74241700101,74241700121,74241700121
74241700111,74241700131,74241700131
74241700123,74241700143,74241700143
74241700131,74241700151,74241700151
74241700143,74241700163,74241700163
74241700151,74241700171,74241700171
74241700163,74241700183,74241700183
74241700171,74241700191,74241700191
74241700183,74241700203,74241700203
74241700194,74241700214,74241700214
74241700203,74241700223,74241700223
74241700213,74241700233,74241700233
74241700221,74241700241,74241700241
74241700311,74241700251,74241700251
74241700323,74241700263,74241700263
74241700331,74241700271,74241700271
74241700231,74241700281,74241700281
74241700243,74241700293,74241700293
74241700253,74241700303,74241700303
74241700264,74241700314,74241700314
74241700273,74241700323,74241700323
74241700281,74241700331,74241700331
74241700396,74241700346,74241700346
74241700346,74241700356,74241700356
74241800011,74241800011,74241800011
74241800021,74241800021,74241800021
74241800031,74241800031,74241800031
74241800046,74241800046,74241800046
74241900011,74241900011,74241900011
74241900024,74241900024,74241900024
74241900031,74241900031,74241900031
74241900041,74241900041,74241900041
74241900051,74241900051,74241900051
74241900064,74241900064,74241900064
74241900073,74241900073,74241900073
74241900103,74241900083,74241900083
74243000013,74243000293,74243000293
74241900083,74241900103,74241900103
74241900091,74241900111,74241900111
74241900116,74241900126,74241900126
74242100011,74242100011,74242100011
74242100021,74242100021,74242100021
74242100031,74242100031,74242100031
74242100041,74242100041,74242100041
74242100054,74242100054,74242100054
74242100063,74242100063,74242100063
74242100153,74242100073,74242100073
74242100161,74242100081,74242100081
74242100073,74242100093,74242100093
74242100083,74242100103,74242100103
74242100093,74242100113,74242100113
74242100173,74242100123,74242100123
74242100103,74242100133,74242100133
74242100111,74242100141,74242100141
74242100133,74242100153,74242100153
74242100186,74242100166,74242100166
74242100126,74242100176,74242100176
74242100146,74242100186,74242100186
74242200013,74242200013,74242200013
74242200563,74242200023,74242200023
74242200023,74242200033,74242200033
74242200033,74242200043,74242200043
74242200041,74242200051,74242200051
74242200051,74242200061,74242200061
74242200601,74242200071,74242200071
74242200613,74242200083,74242200083
74242200061,74242200091,74242200091
74242200071,74242200101,74242200101
74242200081,74242200111,74242200111
74242200091,74242200121,74242200121
74242200111,74242200131,74242200131
74242200121,74242200141,74242200141
74242200131,74242200151,74242200151
74242200141,74242200161,74242200161
74242200151,74242200171,74242200171
74242200161,74242200181,74242200181
74242200171,74242200191,74242200191
74242200181,74242200201,74242200201
74242200191,74242200211,74242200211
74242200201,74242200221,74242200221
74242200211,74242200231,74242200231
74242200221,74242200241,74242200241
74242200231,74242200251,74242200251
74242200241,74242200261,74242200261
74242200251,74242200271,74242200271
74242200261,74242200281,74242200281
74242200271,74242200291,74242200291
74242200281,74242200301,74242200301
74242200291,74242200311,74242200311
74242200301,74242200321,74242200321
74242200311,74242200331,74242200331
74242200321,74242200341,74242200341
74242200331,74242200351,74242200351
74242200341,74242200361,74242200361
74242200351,74242200371,74242200371
74242200361,74242200381,74242200381
74242200371,74242200391,74242200391
74242200381,74242200401,74242200401
74242200394,74242200414,74242200414
74242200403,74242200423,74242200423
74242200411,74242200431,74242200431
74242200421,74242200441,74242200441
74242200431,74242200451,74242200451
74242200441,74242200461,74242200461
74242200451,74242200471,74242200471
74242200461,74242200481,74242200481
74242200471,74242200491,74242200491
74242200481,74242200501,74242200501
74242200491,74242200511,74242200511
74242200501,74242200521,74242200521
74242200511,74242200531,74242200531
74242200521,74242200541,74242200541
74242200531,74242200551,74242200551
74242200541,74242200561,74242200561
74242200573,74242200573,74242200573
74242200583,74242200583,74242200583
74242200626,74242200606,74242200606
74242200101,74242200611,74242200611
74242200556,74242200626,74242200626
74242200596,74242200636,74242200636
74242300013,74242300013,74242300013
74242300023,74242300023,74242300023
74242300031,74242300031,74242300031
74242300041,74242300041,74242300041
74242300051,74242300051,74242300051
74242300061,74242300061,74242300061
74242300071,74242300071,74242300071
74242300081,74242300081,74242300081
74242300091,74242300091,74242300091
74242300771,74242300101,74242300101
74242300793,74242300113,74242300113
74242300101,74242300131,74242300131
74242300111,74242300141,74242300141
74242300121,74242300151,74242300151
74242300131,74242300161,74242300161
74242300141,74242300171,74242300171
74242300151,74242300181,74242300181
74242300161,74242300191,74242300191
74242300171,74242300201,74242300201
74242300181,74242300211,74242300211
74242300191,74242300221,74242300221
74242300201,74242300231,74242300231
74242300211,74242300241,74242300241
74242300221,74242300251,74242300251
74242300231,74242300261,74242300261
74242300241,74242300271,74242300271
74242300251,74242300281,74242300281
74242300261,74242300291,74242300291
74242300271,74242300301,74242300301
74242300281,74242300311,74242300311
74242300291,74242300321,74242300321
74242300301,74242300331,74242300331
74242300311,74242300341,74242300341
74242300321,74242300351,74242300351
74242300331,74242300361,74242300361
74242300341,74242300371,74242300371
74242300351,74242300381,74242300381
74242300361,74242300391,74242300391
74242300371,74242300401,74242300401
74242300381,74242300411,74242300411
74242300391,74242300421,74242300421
74242300401,74242300431,74242300431
74242300411,74242300441,74242300441
74242300421,74242300451,74242300451
74242300431,74242300461,74242300461
74242300441,74242300471,74242300471
74242300451,74242300481,74242300481
74242300461,74242300491,74242300491
74242300471,74242300501,74242300501
74242300481,74242300511,74242300511
74242300491,74242300521,74242300521
74242300501,74242300531,74242300531
74242300511,74242300541,74242300541
74242300521,74242300551,74242300551
74242300531,74242300561,74242300561
74242300541,74242300571,74242300571
74242300551,74242300581,74242300581
74242300561,74242300591,74242300591
74242300571,74242300601,74242300601
74242300581,74242300611,74242300611
74242300591,74242300621,74242300621
74242300601,74242300631,74242300631
74242300611,74242300641,74242300641
74242300621,74242300651,74242300651
74242300631,74242300661,74242300661
74242300641,74242300671,74242300671
74242300651,74242300681,74242300681
74242300661,74242300691,74242300691
74242300674,74242300704,74242300704
74242300683,74242300713,74242300713
74242300691,74242300721,74242300721
74242300701,74242300731,74242300731
74242300711,74242300741,74242300741
74242300721,74242300751,74242300751
74242300803,74242300763,74242300763
74242300813,74242300773,74242300773
74242300873,74242300783,74242300783
74242300823,74242300793,74242300793
74242300831,74242300801,74242300801
74242300853,74242300813,74242300813
74242300786,74242300826,74242300826
74242300896,74242300836,74242300836
74242300886,74242300846,74242300846
74242300846,74242300856,74242300856
74242300866,74242300866,74242300866
74242500171,74242500431,74242500431
74242500181,74242500441,74242500441
74242500191,74242500451,74242500451
74242300741,74242301721,74242301721
74242300751,74242301731,74242301731
74242300761,74242301741,74242301741
74242500011,74242501751,74242501751
74242500021,74242501761,74242501761
74242500031,74242501771,74242501771
74242500041,74242501781,74242501781
74242500051,74242501791,74242501791
74242500061,74242501801,74242501801
74242500071,74242501811,74242501811
74242500081,74242501821,74242501821
74242500091,74242501831,74242501831
74242500101,74242501841,74242501841
74242500111,74242501851,74242501851
74242500121,74242501861,74242501861
74242500131,74242501871,74242501871
74242500141,74242501881,74242501881
74242500151,74242501891,74242501891
74242500164,74242501904,74242501904
74242300731,74242301911,74242301911
74242500206,74242501936,74242501936
74242700013,74242700013,74242700013
74242700023,74242700023,74242700023
74242700031,74242700031,74242700031
74242700041,74242700041,74242700041
74242700051,74242700051,74242700051
74242700061,74242700061,74242700061
74242700071,74242700071,74242700071
74242700081,74242700081,74242700081
74242700091,74242700091,74242700091
74242700101,74242700101,74242700101
74242700114,74242700114,74242700114
74242700193,74242700123,74242700123
74242700201,74242700131,74242700131
74242700123,74242700143,74242700143
74242700131,74242700151,74242700151
74242700141,74242700161,74242700161
74242700151,74242700171,74242700171
74242700161,74242700181,74242700181
74242700171,74242700191,74242700191
74242700216,74242700216,74242700216
74242700181,74242700226,74242700226
74242800011,74242800011,74242800011
74242800021,74242800021,74242800021
74242800031,74242800031,74242800031
74242800041,74242800041,74242800041
74242800056,74242800056,74242800056
74242900011,74242900011,74242900011
74242900021,74242900021,74242900021
74242900031,74242900031,74242900031
74242900041,74242900041,74242900041
74242900051,74242900051,74242900051
74242900061,74242900061,74242900061
74242900071,74242900071,74242900071
74242900081,74242900081,74242900081
74242900096,74242900096,74242900096
74243000023,74243000023,74243000023
74243000031,74243000031,74243000031
74243000101,74243000041,74243000041
74243000114,74243000054,74243000054
74243000123,74243000063,74243000063
74243000041,74243000071,74243000071
74243000054,74243000084,74243000084
74243000063,74243000093,74243000093
74243000071,74243000101,74243000101
74243000083,74243000113,74243000113
74243000091,74243000121,74243000121
74243000133,74243000133,74243000133
74243000143,74243000143,74243000143
74243000153,74243000153,74243000153
74243000163,74243000163,74243000163
74243000171,74243000171,74243000171
74243000181,74243000181,74243000181
74243000191,74243000191,74243000191
74243000201,74243000201,74243000201
74243000211,74243000211,74243000211
74243000221,74243000221,74243000221
74243000231,74243000231,74243000231
74243000244,74243000244,74243000244
74243000251,74243000251,74243000251
74243000264,74243000264,74243000264
74243000271,74243000271,74243000271
74243000286,74243000286,74243000286
74244100011,74244100011,74244100011
74244100024,74244100024,74244100024
74244100033,74244100033,74244100033
74244100233,74244100043,74244100043
74244100043,74244100053,74244100053
74244100053,74244100063,74244100063
74244100063,74244100073,74244100073
74244100073,74244100083,74244100083
74244100081,74244100091,74244100091
74244100203,74244100103,74244100103
74244100153,74244100123,74244100123
74244100163,74244100133,74244100133
74244100093,74244100143,74244100143
74244100101,74244100151,74244100151
74244100114,74244100164,74244100164
74244100121,74244100171,74244100171
74244100134,74244100184,74244100184
74244100143,74244100193,74244100193
74244100183,74244100203,74244100203
74244100213,74244100213,74244100213
74244100273,74244100223,74244100223
74244100261,74244100231,74244100231
74244100243,74244100243,74244100243
74244100196,74244100256,74244100256
74244100226,74244100266,74244100266
74244100256,74244100276,74244100276
74244100173,74244100013,74244100013
74244300011,74244300021,74244300021
74244300024,74244300034,74244300034
74244300033,74244300043,74244300043
74244300043,74244300053,74244300053
74244300053,74244300063,74244300063
74244300063,74244300073,74244300073
74244400013,74244400013,74244400013
74244400021,74244400021,74244400021
74244400031,74244400031,74244400031
74244400041,74244400041,74244400041
74244400056,74244400056,74244400056
74244500013,74244500013,74244500013
74244500021,74244500021,74244500021
74244500033,74244500033,74244500033
74244500041,74244500041,74244500041
74244500053,74244500053,74244500053
74244500061,74244500061,74244500061
74244600013,74244600073,74244600073
74244600031,74244600011,74244600011
74244600043,74244600023,74244600023
74244600051,74244600031,74244600031
74244600061,74244600041,74244600041
74244600076,74244600056,74244600056
74244600023,74244600013,74244600013
74244700011,74244700021,74244700021
74244700021,74244700031,74244700031
74244700031,74244700041,74244700041
74244700041,74244700051,74244700051
74244700051,74244700061,74244700061
74244700064,74244700074,74244700074
74244700071,74244700081,74244700081
74244700084,74244700094,74244700094
74244700091,74244700101,74244700101
74244700101,74244700111,74244700111
74244700111,74244700121,74244700121
74244700124,74244700134,74244700134
74244700131,74244700141,74244700141
74244700141,74244700151,74244700151
74244700154,74244700164,74244700164
74244700161,74244700171,74244700171
74244700171,74244700181,74244700181
74244700181,74244700191,74244700191
74244700194,74244700204,74244700204
74244700201,74244700211,74244700211
74244700211,74244700221,74244700221
74244700224,74244700234,74244700234
74244700231,74244700241,74244700241
74244700244,74244700254,74244700254
74244700251,74244700261,74244700261
74244700264,74244700274,74244700274
74244700271,74244700281,74244700281
74244700284,74244700294,74244700294
74244700291,74244700301,74244700301
74244700304,74244700314,74244700314
74244700311,74244700321,74244700321
74244700324,74244700334,74244700334
74244700331,74244700341,74244700341
74244700341,74244700351,74244700351
74244700354,74244700364,74244700364
74244700361,74244700371,74244700371
74244700371,74244700381,74244700381
74244700384,74244700394,74244700394
74244700391,74244700401,74244700401
74244700401,74244700411,74244700411
74244700414,74244700424,74244700424
74244700421,74244700431,74244700431
74244700434,74244700444,74244700444
74244700443,74244700453,74244700453
74244700451,74244700461,74244700461
74244700461,74244700491,74244700491
74244700471,74244700011,74244700011
74244700481,74244700501,74244700501
74244700491,74244700511,74244700511
74244900011,74244900041,74244900041
74244900021,74244900051,74244900051
74244900031,74244900061,74244900061
74244900041,74244900071,74244900071
74244900051,74244900081,74244900081
74244900061,74244900091,74244900091
74244900071,74244900101,74244900101
74244900081,74244900111,74244900111
74244700501,74244700521,74244700521
74244900096,74244900136,74244900136
74245000011,74245000011,74245000011
74246000011,74246000011,74246000011
74246000024,74246000024,74246000024
74246000031,74246000031,74246000031
74246000041,74246000041,74246000041
74246000054,74246000054,74246000054
74246000061,74246000061,74246000061
74246000071,74246000071,74246000071
74246000081,74246000361,74246000361
74246000091,74246000371,74246000371
74246000101,74246000381,74246000381
74246000111,74246000391,74246000391
74246000124,74246000404,74246000404
74246000133,74246000413,74246000413
74246000143,74246000423,74246000423
74246000151,74246000431,74246000431
74246000161,74246000441,74246000441
74246000171,74246000451,74246000451
74246000181,74246000461,74246000461
74246000191,74246000471,74246000471
74246000204,74246000484,74246000484
74246000351,74246000491,74246000491
74246000361,74246000501,74246000501
74246000374,74246000514,74246000514
74246000381,74246000521,74246000521
74246000394,74246000534,74246000534
74246000401,74246000541,74246000541
74246000211,74246000551,74246000551
74246000224,74246000564,74246000564
74246000231,74246000571,74246000571
74246000241,74246000581,74246000581
74246000251,74246000591,74246000591
74246000264,74246000604,74246000604
74246000331,74246000621,74246000621
74246000344,74246000634,74246000634
74246000271,74246000641,74246000641
74246000284,74246000654,74246000654
74246000291,74246000661,74246000661
74246000304,74246000674,74246000674
74246000311,74246000681,74246000681
74246000431,74246000711,74246000711
74246000421,74246000721,74246000721
74246000411,74246000731,74246000731
74246000326,74246000746,74246000746
74247000011,74247000011,74247000011
74247000021,74247000021,74247000021
74247000031,74247000031,74247000031
74247000041,74247000041,74247000041
74247000051,74247000051,74247000051
74247000061,74247000061,74247000061
74247000071,74247000071,74247000071
74247000081,74247000081,74247000081
74247000091,74247000101,74247000101
74247000101,74247000111,74247000111
74247000111,74247000121,74247000121
74247000124,74247000134,74247000134
74247000133,74247000143,74247000143
74248100171,74248100031,74248100031
74248100013,74248100043,74248100043
74249100163,74249100163,74249100163
74248100023,74248100063,74248100063
74248100031,74248100071,74248100071
74248100041,74248100141,74248100141
74248100051,74248100151,74248100151
74248100061,74248100161,74248100161
74248100071,74248100171,74248100171
74248100081,74248100181,74248100181
74248100091,74248100191,74248100191
74248100101,74248100201,74248100201
74248100111,74248100211,74248100211
74248100121,74248100221,74248100221
74248100131,74248100231,74248100231
74248100141,74248100241,74248100241
74248100151,74248100251,74248100251
74248100181,74248100261,74248100261
74248100193,74248100273,74248100273
74248100206,74248100286,74248100286
74248100161,74248100011,74248100011
74248300011,74248300021,74248300021
74248300021,74248300031,74248300031
74248300031,74248300041,74248300041
74248300041,74248300051,74248300051
74248300051,74248300061,74248300061
74248300061,74248300071,74248300071
74248300071,74248300081,74248300081
74248300081,74248300091,74248300091
74248300091,74248300101,74248300101
74248300101,74248300111,74248300111
74248300111,74248300121,74248300121
74248300121,74248300131,74248300131
74248300131,74248300141,74248300141
74248300141,74248300151,74248300151
74248300151,74248300161,74248300161
74248300161,74248300171,74248300171
74248300171,74248300181,74248300181
74248300181,74248300191,74248300191
74248300191,74248300201,74248300201
74248300201,74248300211,74248300211
74248300211,74248300221,74248300221
74248300221,74248300231,74248300231
74248300231,74248300241,74248300241
74248500011,74248500251,74248500251
74248500021,74248500261,74248500261
74248500031,74248500271,74248500271
74248500041,74248500281,74248500281
74248700011,74248700291,74248700291
74248700021,74248700301,74248700301
74248700031,74248700311,74248700311
74248700041,74248700321,74248700321
74248700056,74248700336,74248700336
74249100013,74249100013,74249100013
74249100023,74249100023,74249100023
74249100031,74249100031,74249100031
74249100043,74249100043,74249100043
74249100053,74249100053,74249100053
74249100061,74249100061,74249100061
74249100071,74249100071,74249100071
74249100081,74249100081,74249100081
74249100091,74249100091,74249100091
74249100101,74249100101,74249100101
74249100111,74249100111,74249100111
74249100121,74249100121,74249100121
74249100131,74249100131,74249100131
74249100141,74249100141,74249100141
74249100151,74249100151,74249100151
74249200011,74249200011,74249200011
74249200021,74249200021,74249200021
74249200031,74249200031,74249200031
74249200281,74249200041,74249200041
74249200291,74249200051,74249200051
74249200301,74249200061,74249200061
74249200311,74249200071,74249200071
74249200321,74249200081,74249200081
74249200334,74249200094,74249200094
74249200341,74249200101,74249200101
74249200351,74249200111,74249200111
74249200361,74249200121,74249200121
74249200371,74249200131,74249200131
74249200381,74249200141,74249200141
74249200391,74249200151,74249200151
74249200401,74249200161,74249200161
74249200411,74249200171,74249200171
74249200041,74249200181,74249200181
74249200051,74249200191,74249200191
74249200061,74249200201,74249200201
74249200071,74249200211,74249200211
74249200081,74249200221,74249200221
74249200091,74249200231,74249200231
74249200101,74249200241,74249200241
74249200111,74249200251,74249200251
74249200121,74249200261,74249200261
74249200131,74249200271,74249200271
74249200144,74249200284,74249200284
74249200153,74249200293,74249200293
74249200463,74249200303,74249200303
74249200471,74249200311,74249200311
74249200163,74249200333,74249200333
74249200433,74249200343,74249200343
74249200441,74249200351,74249200351
74249200173,74249200363,74249200363
74249200181,74249200371,74249200371
74249200481,74249200381,74249200381
74249200191,74249200391,74249200391
74249200201,74249200401,74249200401
74249200211,74249200411,74249200411
74249200221,74249200421,74249200421
74249200231,74249200431,74249200431
74249200241,74249200441,74249200441
74249200251,74249200451,74249200451
74249200261,74249200461,74249200461
74249200426,74249200476,74249200476
74249200456,74249200486,74249200486
74249200276,74249200496,74249200496
74249300011,74249300011,74249300011
74249300021,74249300021,74249300021
74249300034,74249300034,74249300034
74249300043,74249300043,74249300043
74249300063,74249300063,74249300063
74249300051,74249300071,74249300071
74249300073,74249300083,74249300083
74249300081,74249300091,74249300091
74249300091,74249300101,74249300101
74249300101,74249300111,74249300111
74249300111,74249300121,74249300121
74249300121,74249300131,74249300131
74249300131,74249300141,74249300141
74249300351,74249300151,74249300151
74249300361,74249300161,74249300161
74249300371,74249300171,74249300171
74249300381,74249300181,74249300181
74249300391,74249300191,74249300191
74249300401,74249300201,74249300201
74249300411,74249300211,74249300211
74249300421,74249300221,74249300221
74249300431,74249300231,74249300231
74249300441,74249300241,74249300241
74249300451,74249300251,74249300251
74249300461,74249300261,74249300261
74249300471,74249300271,74249300271
74249300481,74249300281,74249300281
74249300491,74249300291,74249300291
74249300643,74249300303,74249300303
74249300651,74249300311,74249300311
74249300511,74249300321,74249300321
74249300521,74249300331,74249300331
74249300531,74249300341,74249300341
74249300541,74249300351,74249300351
74249300551,74249300361,74249300361
74249300561,74249300371,74249300371
74249300571,74249300381,74249300381
74249300581,74249300391,74249300391
74249300591,74249300401,74249300401
74249300601,74249300411,74249300411
74249300611,74249300421,74249300421
74249300621,74249300431,74249300431
74249300141,74249300441,74249300441
74249300151,74249300451,74249300451
74249300161,74249300461,74249300461
74249300171,74249300471,74249300471
74249300181,74249300481,74249300481
74249300191,74249300491,74249300491
74249300201,74249300501,74249300501
74249300211,74249300511,74249300511
74249300221,74249300521,74249300521
74249300231,74249300531,74249300531
74249300241,74249300541,74249300541
74249300251,74249300551,74249300551
74249300261,74249300561,74249300561
74249300271,74249300571,74249300571
74249300281,74249300581,74249300581
74249300291,74249300591,74249300591
74249300301,74249300601,74249300601
74249300311,74249300611,74249300611
74249300321,74249300621,74249300621
74249300331,74249300631,74249300631
74249300341,74249300641,74249300641
74249500011,74249500651,74249500651
74249500021,74249500661,74249500661
74249500031,74249500671,74249500671
74249500041,74249500681,74249500681
74249500051,74249500691,74249500691
74249500061,74249500701,74249500701
74249500071,74249500711,74249500711
74249500081,74249500721,74249500721
74249500091,74249500731,74249500731
74249300671,74249300741,74249300741
74249300506,74249300756,74249300756
74249300666,74249300766,74249300766
74249300636,74249300776,74249300776
74249500111,74249501381,74249501381
74249500121,74249501391,74249501391
74249500131,74249501401,74249501401
74249500141,74249501411,74249501411
74249500151,74249501421,74249501421
74249500161,74249501431,74249501431
74249500171,74249501441,74249501441
74249500181,74249501451,74249501451
74249500191,74249501461,74249501461
74249500201,74249501471,74249501471
74249500211,74249501481,74249501481
74249500221,74249501491,74249501491
74249500231,74249501501,74249501501
74249500241,74249501511,74249501511
74249500251,74249501521,74249501521
74249500261,74249501531,74249501531
74249500271,74249501541,74249501541
74249500101,74249501551,74249501551
74249500281,74249500011,74249500011
74249500291,74249500021,74249500021
74249500301,74249500031,74249500031
74249500311,74249500041,74249500041
74249700011,74249700051,74249700051
74249700021,74249700061,74249700061
74249700031,74249700071,74249700071
74249700044,74249700084,74249700084
74249700051,74249700091,74249700091
74249700061,74249700101,74249700101
74249700074,74249700114,74249700114
74249700083,74249700123,74249700123
74249700091,74249700131,74249700131
74249700101,74249700141,74249700141
74249800011,74249800011,74249800011
74249800021,74249800021,74249800021
74249800031,74249800031,74249800031
74249800041,74249800041,74249800041
74249800056,74249800056,74249800056
74249900011,74249900011,74249900011
74249900024,74249900024,74249900024
74249900031,74249900031,74249900031
74249900041,74249900041,74249900041
74249900054,74249900054,74249900054
74249900061,74249900061,74249900061
74249900071,74249900071,74249900071
74249900081,74249900081,74249900081
74249900091,74249900091,74249900091
74249900101,74249900101,74249900101
74249900111,74249900111,74249900111
74249900121,74249900121,74249900121
74249900131,74249900131,74249900131
74249900141,74249900141,74249900141
74249900151,74249900151,74249900151
74249900163,74249900163,74249900163
74249900173,74249900173,74249900173
74249900181,74249900181,74249900181
74249900191,74249900191,74249900191
74249900203,74249900203,74249900203
74249900211,74249900211,74249900211
74249900224,74249900224,74249900224
74249900233,74249900233,74249900233
74249900241,74249900241,74249900241
74249900251,74249900251,74249900251
74249900261,74249900261,74249900261
74249900271,74249900271,74249900271
74249900281,74249900281,74249900281
74249900291,74249900291,74249900291
74249900306,74249900306,74249900306
74251000011,74251000011,74251000011
74251000021,74251000021,74251000021
74252100011,74252100011,74252100011
74252100021,74252100021,74252100021
74252100031,74252100031,74252100031
74252100041,74252100041,74252100041
74252100051,74252100051,74252100051
74252100061,74252100061,74252100061
74252100071,74252100071,74252100071
74252100171,74252100081,74252100081
74241100131,74241100091,74241100091
74252100151,74252100101,74252100101
74252100081,74252100111,74252100111
74252100091,74252100121,74252100121
74252100101,74252100131,74252100131
74252100111,74252100141,74252100141
74252100121,74252100151,74252100151
74252100131,74252100161,74252100161
74252100141,74252100171,74252100171
74252100186,74252100186,74252100186
74252100166,74252100196,74252100196
74252200011,74252200011,74252200011
74252200026,74252200026,74252200026
74252300011,74252300011,74252300011
74252300021,74252300021,74252300021
74252300031,74252300031,74252300031
74252300041,74252300041,74252300041
74252300051,74252300051,74252300051
74252300061,74252300061,74252300061
74252300071,74252300071,74252300071
74252300081,74252300081,74252300081
74252300091,74252300091,74252300091
74252300101,74252300101,74252300101
74252300111,74252300111,74252300111
74252300121,74252300121,74252300121
74252400011,74252400011,74252400011
74252400021,74252400021,74252400021
74252400031,74252400031,74252400031
74252400041,74252400041,74252400041
74252400051,74252400051,74252400051
74252400061,74252400061,74252400061
74252400071,74252400071,74252400071
74252400081,74252400081,74252400081
74252400094,74252400094,74252400094
74252400103,74252400103,74252400103
74252400113,74252400113,74252400113
74252400123,74252400123,74252400123
74252400173,74252400133,74252400133
74252400133,74252400143,74252400143
74252400141,74252400151,74252400151
74252400153,74252400163,74252400163
74252400223,74252400173,74252400173
74252400231,74252400181,74252400181
74252400183,74252400193,74252400193
74252400191,74252400201,74252400201
74252400201,74252400211,74252400211
74252400166,74252400226,74252400226
74252400246,74252400236,74252400236
74252400216,74252400246,74252400246
74252500011,74252500011,74252500011
74252500021,74252500021,74252500021
74252500031,74252500031,74252500031
74252500041,74252500041,74252500041
74252500051,74252500051,74252500051
74252500061,74252500061,74252500061
74252500071,74252500071,74252500071
74252500081,74252500081,74252500081
74252500091,74252500091,74252500091
74252500101,74252500101,74252500101
74252600011,74252600011,74252600011
74252600021,74252600021,74252600021
74252600031,74252600031,74252600031
74252600041,74252600041,74252600041
74252600051,74252600051,74252600051
74252600061,74252600061,74252600061
74252600071,74252600071,74252600071
74252600081,74252600081,74252600081
74252600091,74252600091,74252600091
74252600101,74252600101,74252600101
74252600111,74252600111,74252600111
74252600121,74252600121,74252600121
74252600131,74252600131,74252600131
74252600141,74252600141,74252600141
74252600151,74252600151,74252600151
74252600161,74252600161,74252600161
74252600171,74252600171,74252600171
74252600181,74252600181,74252600181
74252600191,74252600191,74252600191
74252600201,74252600201,74252600201
74252600211,74252600211,74252600211
74252600221,74252600221,74252600221
74252600231,74252600231,74252600231
74252600241,74252600241,74252600241
74252600251,74252600251,74252600251
74252600261,74252600261,74252600261
74252600271,74252600271,74252600271
74252600281,74252600281,74252600281
74252600296,74252600296,74252600296
74252700011,74252700011,74252700011
74252700021,74252700021,74252700021
74252700031,74252700031,74252700031
74252700041,74252700041,74252700041
74252700054,74252700054,74252700054
74252700061,74252700061,74252700061
74252700074,74252700074,74252700074
74252700081,74252700081,74252700081
74252700094,74252700094,74252700094
74252700101,74252700101,74252700101
74252700111,74252700111,74252700111
74252700121,74252700121,74252700121
74252700131,74252700131,74252700131
74252700141,74252700141,74252700141
74252700151,74252700151,74252700151
74252700161,74252700161,74252700161
74252700171,74252700171,74252700171
74252800011,74252800011,74252800011
74252800024,74252800024,74252800024
74252800033,74252800033,74252800033
74252800143,74252800043,74252800043
74252800043,74252800053,74252800053
74252800113,74252800063,74252800063
74252800123,74252800073,74252800073
74252800053,74252800083,74252800083
74252800063,74252800093,74252800093
74252800071,74252800101,74252800101
74252800084,74252800114,74252800114
74252800091,74252800121,74252800121
74252800156,74252800136,74252800136
74252800136,74252800146,74252800146
74252800106,74252800156,74252800156
74252900011,74252900011,74252900011
74252900931,74252900021,74252900021
74252900941,74252900031,74252900031
74252900021,74252900041,74252900041
74252900031,74252900051,74252900051
74252900041,74252900061,74252900061
74252900051,74252900071,74252900071
74252900064,74252900084,74252900084
74252900073,74252900093,74252900093
74252900083,74252900103,74252900103
74252900903,74252900113,74252900113
74252900883,74252900123,74252900123
74252900093,74252900133,74252900133
74252900103,74252900143,74252900143
74252900113,74252900153,74252900153
74252900123,74252900163,74252900163
74252900133,74252900173,74252900173
74252900143,74252900183,74252900183
74252900151,74252900191,74252900191
74252900163,74252900203,74252900203
74252900171,74252900211,74252900211
74252900184,74252900224,74252900224
74252900194,74252900234,74252900234
74252900203,74252900243,74252900243
74252900211,74252900251,74252900251
74252900221,74252900261,74252900261
74252900234,74252900274,74252900274
74252900843,74252900283,74252900283
74252900853,74252900293,74252900293
74252900861,74252900301,74252900301
74252900243,74252900313,74252900313
74252900253,74252900323,74252900323
74252900263,74252900333,74252900333
74252900523,74252900343,74252900343
74252900273,74252900353,74252900353
74252900533,74252900363,74252900363
74252900543,74252900373,74252900373
74252900553,74252900383,74252900383
74252900563,74252900393,74252900393
74252900571,74252900401,74252900401
74252900581,74252900411,74252900411
74252900591,74252900421,74252900421
74252900601,74252900431,74252900431
74252900611,74252900441,74252900441
74252900624,74252900454,74252900454
74252900631,74252900461,74252900461
74252900283,74252900473,74252900473
74252900293,74252900483,74252900483
74252900303,74252900493,74252900493
74252900313,74252900503,74252900503
74252900323,74252900513,74252900513
74252900331,74252900521,74252900521
74252900911,74252900531,74252900531
74252900803,74252900543,74252900543
74252900813,74252900553,74252900553
74252900823,74252900563,74252900563
74252900341,74252900571,74252900571
74252900351,74252900581,74252900581
74252900363,74252900593,74252900593
74252900371,74252900601,74252900601
74252900384,74252900614,74252900614
74252900393,74252900623,74252900623
74252900743,74252900633,74252900633
74252900403,74252900643,74252900643
74252900653,74252900653,74252900653
74252900713,74252900663,74252900663
74252900413,74252900673,74252900673
74252900423,74252900683,74252900683
74252900433,74252900693,74252900693
74252900443,74252900703,74252900703
74252900453,74252900713,74252900713
74252900463,74252900723,74252900723
74252900471,74252900731,74252900731
74252900663,74252900743,74252900743
74252900501,74252900751,74252900751
74252900493,74252900763,74252900763
74252900671,74252900771,74252900771
74252900683,74252900783,74252900783
74252900691,74252900791,74252900791
74252900721,74252900801,74252900801
74252900783,74252900813,74252900813
74252900753,74252900823,74252900823
74252900761,74252900831,74252900831
74252900956,74252900846,74252900846
74252900896,74252900856,74252900856
74252900876,74252900866,74252900866
74252900646,74252900876,74252900876
74252900926,74252900886,74252900886
74252900836,74252900896,74252900896
74252900486,74252900906,74252900906
74252900516,74252900916,74252900916
74252900706,74252900926,74252900926
74252900736,74252900936,74252900936
74252900796,74252900946,74252900946
74252900776,74252900956,74252900956
74253000011,74253000011,74253000011
74253000021,74253000021,74253000021
74253000031,74253000031,74253000031
74253000041,74253000041,74253000041
74253000051,74253000051,74253000051
74253000061,74253000061,74253000061
74253000071,74253000071,74253000071
74253000081,74253000081,74253000081
74253000091,74253000091,74253000091
74253000101,74253000101,74253000101
74254000011,74254000011,74254000011
74254000021,74254000021,74254000021
74254000034,74254000034,74254000034
74254000041,74254000041,74254000041
74254000051,74254000051,74254000051
74254000201,74254000061,74254000061
74254000211,74254000071,74254000071
74254000221,74254000081,74254000081
74254000231,74254000091,74254000091
74254000241,74254000101,74254000101
74254000251,74254000111,74254000111
74254000281,74254000121,74254000121
74254000061,74254000131,74254000131
74254000071,74254000141,74254000141
74254000081,74254000151,74254000151
74254000091,74254000161,74254000161
74254000101,74254000171,74254000171
74254000111,74254000181,74254000181
74254000121,74254000191,74254000191
74254000131,74254000201,74254000201
74254000141,74254000211,74254000211
74254000151,74254000221,74254000221
74254000161,74254000231,74254000231
74254000171,74254000241,74254000241
74254000181,74254000251,74254000251
74254000261,74254000261,74254000261
74254000296,74254000276,74254000276
74254000196,74254000286,74254000286
74254000276,74254000296,74254000296
74255000011,74255000011,74255000011
74255000021,74255000021,74255000021
74255000031,74255000031,74255000031
74255000041,74255000041,74255000041
74255000051,74255000051,74255000051
74255000061,74255000061,74255000061
74255000071,74255000071,74255000071
74255000081,74255000081,74255000081
74255000091,74255000091,74255000091
74255000101,74255000101,74255000101
74255000111,74255000111,74255000111
74255000121,74255000121,74255000121
74255000131,74255000131,74255000131
74257000011,74257000031,74257000031
74257000021,74257000041,74257000041
74257000031,74257000051,74257000051
74257000041,74257000061,74257000061
74257000051,74257000071,74257000071
74258000011,74258000011,74258000011
74258000021,74258000021,74258000021
74258000031,74258000031,74258000031
74258000041,74258000041,74258000041
74258000051,74258000051,74258000051
74258000061,74258000061,74258000061
74258000071,74258000071,74258000071
74258000081,74258000081,74258000081
74258000091,74258000091,74258000091
74258000106,74258000106,74258000106
74259000011,74259000011,74259000011
74259000021,74259000021,74259000021
74259000031,74259000031,74259000031
74259000041,74259000041,74259000041
74259000051,74259000051,74259000051
74259000061,74259000061,74259000061
74259000071,74259000071,74259000071
74259000081,74259000081,74259000081
74259000091,74259000091,74259000091
74259000101,74259000101,74259000101
74259000111,74259000111,74259000111
74259000121,74259000121,74259000121
74259000131,74259000131,74259000131
74259000141,74259000141,74259000141
74259000151,74259000151,74259000151
74259000161,74259000161,74259000161
74261000011,74261000011,74261000011
74261000021,74261000021,74261000021
74261000034,74261000034,74261000034
74261000041,74261000041,74261000041
74261000051,74261000051,74261000051
74261000061,74261000061,74261000061
74261000074,74261000074,74261000074
74261000081,74261000081,74261000081
74262100011,74262100011,74262100011
74262100021,74262100021,74262100021
74262100034,74262100034,74262100034
74262100043,74262100043,74262100043
74262100053,74262100053,74262100053
74262100063,74262100063,74262100063
74262100073,74262100073,74262100073
74262100083,74262100083,74262100083
74262100203,74262100093,74262100093
74262100093,74262100103,74262100103
74262100103,74262100113,74262100113
74262100173,74262100123,74262100123
74262100113,74262100133,74262100133
74262100123,74262100143,74262100143
74262100133,74262100153,74262100153
74262100143,74262100163,74262100163
74262100163,74262100183,74262100183
74262100153,74262100193,74262100193
74262100183,74262100203,74262100203
74262100216,74262100216,74262100216
74262100196,74262100226,74262100226
74262200013,74262200013,74262200013
74262200021,74262200021,74262200021
74262200031,74262200031,74262200031
74262200041,74262200041,74262200041
74262200051,74262200051,74262200051
74262200061,74262200061,74262200061
74262200071,74262200071,74262200071
74262200081,74262200081,74262200081
74262200091,74262200091,74262200091
74262200101,74262200101,74262200101
74262200111,74262200111,74262200111
74262200121,74262200121,74262200121
74262200131,74262200131,74262200131
74262200141,74262200141,74262200141
74262200151,74262200151,74262200151
74262200161,74262200161,74262200161
74262200171,74262200171,74262200171
74262200321,74262200181,74262200181
74262200331,74262200191,74262200191
74262200341,74262200201,74262200201
74262200351,74262200211,74262200211
74262200361,74262200221,74262200221
74262200371,74262200231,74262200231
74262200381,74262200241,74262200241
74262200391,74262200251,74262200251
74262200401,74262200261,74262200261
74262200181,74262200271,74262200271
74262200194,74262200284,74262200284
74262200201,74262200291,74262200291
74262200211,74262200301,74262200301
74262200221,74262200311,74262200311
74262200231,74262200321,74262200321
74262200241,74262200331,74262200331
74262200251,74262200341,74262200341
74262200264,74262200354,74262200354
74262200271,74262200361,74262200361
74262200281,74262200371,74262200371
74262200291,74262200381,74262200381
74262200301,74262200391,74262200391
74262200416,74262200406,74262200406
74262200316,74262200416,74262200416
74262300013,74262300013,74262300013
74262300021,74262300021,74262300021
74262300031,74262300031,74262300031
74262300041,74262300041,74262300041
74262300051,74262300051,74262300051
74262301283,74262300063,74262300063
74262301293,74262300073,74262300073
74262301301,74262300081,74262300081
74262300153,74262300093,74262300093
74262300163,74262300103,74262300103
74262300173,74262300113,74262300113
74262300181,74262300121,74262300121
74262301243,74262300133,74262300133
74262301253,74262300143,74262300143
74262301261,74262300151,74262300151
74262300253,74262300183,74262300183
74262300264,74262300194,74262300194
74262300273,74262300203,74262300203
74262300663,74262300213,74262300213
74262301196,74262300221,74262300221
74262300283,74262300233,74262300233
74262300303,74262300253,74262300253
74262300293,74262300263,74262300263
74262301133,74262300273,74262300273
74262301141,74262300281,74262300281
74262300313,74262300293,74262300293
74262300321,74262300301,74262300301
74262300343,74262300333,74262300333
74262300351,74262300341,74262300341
74262300361,74262300351,74262300351
74262300371,74262300361,74262300361
74262300331,74262300371,74262300371
74262301163,74262300383,74262300383
74262301171,74262300391,74262300391
74262301101,74262300401,74262300401
74262301321,74262300411,74262300411
74262301311,74262300421,74262300421
74262301083,74262300433,74262300433
74262300423,74262300443,74262300443
74262301063,74262300453,74262300453
74262300433,74262300463,74262300463
74262301033,74262300473,74262300473
74262301041,74262300481,74262300481
74262300443,74262300493,74262300493
74262301003,74262300503,74262300503
74262301011,74262300511,74262300511
74262300453,74262300523,74262300523
74262300983,74262300533,74262300533
74262300463,74262300543,74262300543
74262300471,74262300551,74262300551
74262300481,74262300571,74262300571
74262300491,74262300581,74262300581
74262300501,74262300591,74262300591
74262300511,74262300601,74262300601
74262300524,74262300614,74262300614
74262300533,74262300623,74262300623
74262300963,74262300633,74262300633
74262300943,74262300643,74262300643
74262300931,74262300651,74262300651
74262300921,74262300661,74262300661
74262300193,74262300673,74262300673
74262300201,74262300681,74262300681
74262300213,74262300693,74262300693
74262300223,74262300701,74262300701
74262300234,74262300714,74262300714
74262300243,74262300723,74262300723
74262301213,74262300733,74262300733
74262301221,74262300741,74262300741
74262300061,74262300751,74262300751
74262300071,74262300761,74262300761
74262300081,74262300771,74262300771
74262300091,74262300781,74262300781
74262300101,74262300791,74262300791
74262300111,74262300801,74262300801
74262300121,74262300811,74262300811
74262300134,74262300824,74262300824
74262300143,74262300833,74262300833
74262300381,74262300841,74262300841
74262300391,74262300851,74262300851
74262300404,74262300864,74262300864
74262300413,74262300873,74262300873
74262300543,74262300883,74262300883
74262300553,74262300891,74262300891
74262300563,74262300901,74262300901
74262300571,74262300911,74262300911
74262300583,74262300921,74262300921
74262300594,74262300934,74262300934
74262300603,74262300943,74262300943
74262301113,74262300963,74262300963
74262300623,74262300973,74262300973
74262300611,74262300981,74262300981
74262300633,74262300993,74262300993
74262300643,74262301003,74262301003
74262300653,74262301013,74262301013
74262300673,74262301023,74262301023
74262300683,74262301033,74262301033
74262300691,74262301041,74262301041
74262300703,74262301053,74262301053
74262300711,74262301061,74262301061
74262300721,74262301071,74262301071
74262300731,74262301081,74262301081
74262300741,74262301091,74262301091
74262300751,74262301101,74262301101
74262300761,74262301111,74262301111
74262300774,74262301124,74262301124
74262300781,74262301131,74262301131
74262300791,74262301141,74262301141
74262300801,74262301151,74262301151
74262300811,74262301161,74262301161
74262300821,74262301171,74262301171
74262300834,74262301184,74262301184
74262300843,74262301193,74262301193
74262300853,74262301203,74262301203
74262300863,74262301213,74262301213
74262300871,74262301221,74262301221
74262300884,74262301234,74262301234
74262300893,74262301243,74262301243
74262300901,74262301251,74262301251
74262301276,74262301266,74262301266
74262301206,74262301276,74262301276
74262301156,74262301286,74262301286
74262301186,74262301296,74262301296
74262301336,74262301306,74262301306
74262301096,74262301316,74262301316
74262301076,74262301326,74262301326
74262301056,74262301336,74262301336
74262301026,74262301346,74262301346
74262300996,74262301356,74262301356
74262300976,74262301366,74262301366
74262300956,74262301376,74262301376
74262301236,74262301386,74262301386
74262301126,74262301396,74262301396
74262300916,74262301406,74262301406
74262400013,74262400013,74262400013
74262400021,74262400021,74262400021
74262400033,74262400033,74262400033
74262400041,74262400041,74262400041
74262400053,74262400053,74262400053
74262400061,74262400061,74262400061
74262400071,74262400071,74262400071
74262400081,74262400081,74262400081
74262400091,74262400091,74262400091
74262400101,74262400101,74262400101
74262400111,74262400111,74262400111
74262400121,74262400121,74262400121
74262400131,74262400131,74262400131
74262400144,74262400144,74262400144
74262400153,74262400153,74262400153
74262400161,74262400161,74262400161
74262400174,74262400174,74262400174
74262400183,74262400183,74262400183
74262400193,74262400193,74262400193
74262400201,74262400201,74262400201
74262400211,74262400221,74262400221
74262400224,74262400234,74262400234
74262400231,74262400241,74262400241
74262400241,74262400251,74262400251
74262400254,74262400264,74262400264
74262400264,74262400274,74262400274
74262400273,74262400283,74262400283
74262400286,74262400296,74262400296
74262500013,74262500013,74262500013
74262500021,74262500021,74262500021
74262500033,74262500033,74262500033
74262500043,74262500043,74262500043
74262500054,74262500054,74262500054
74262500063,74262500063,74262500063
74262500073,74262500073,74262500073
74262500083,74262500083,74262500083
74262500123,74262500103,74262500103
74262500103,74262500113,74262500113
74262500091,74262500121,74262500121
74262500113,74262500133,74262500133
74262500136,74262500146,74262500146
74262600013,74262600013,74262600013
74262600453,74262600023,74262600023
74262600461,74262600031,74262600031
74262600021,74262600041,74262600041
74262600031,74262600051,74262600051
74262600044,74262600064,74262600064
74262600053,74262600073,74262600073
74262600063,74262600083,74262600083
74262600073,74262600093,74262600093
74262600081,74262600101,74262600101
74262600091,74262600111,74262600111
74262600101,74262600121,74262600121
74262600111,74262600131,74262600131
74262600124,74262600144,74262600144
74262600373,74262600163,74262600163
74262600381,74262600171,74262600171
74262600393,74262600183,74262600183
74262600413,74262600193,74262600193
74262600423,74262600203,74262600203
74262600163,74262600213,74262600213
74262600313,74262600223,74262600223
74262600173,74262600253,74262600253
74262600183,74262600273,74262600273
74262600193,74262600283,74262600283
74262600131,74262600301,74262600301
74262600144,74262600314,74262600314
74262600153,74262600323,74262600323
74262600203,74262600333,74262600333
74262600211,74262600341,74262600341
74262600223,74262600353,74262600353
74262600233,74262600363,74262600363
74262600243,74262600373,74262600373
74262600253,74262600383,74262600383
74262600263,74262600393,74262600393
74262600273,74262600403,74262600403
74262600283,74262600413,74262600413
74262600323,74262600423,74262600423
74262600293,74262600433,74262600433
74262600333,74262600443,74262600443
74262600341,74262600451,74262600451
74262600351,74262600461,74262600461
74262600443,74262600473,74262600473
74262600476,74262600496,74262600496
74262600306,74262600506,74262600506
74262600366,74262600516,74262600516
74262600436,74262600526,74262600526
74262700273,74262700023,74262700023
74262700013,74262700033,74262700033
74262700021,74262700041,74262700041
74262700033,74262700053,74262700053
74262700043,74262700063,74262700063
74262700053,74262700073,74262700073
74262700063,74262700083,74262700083
74262700073,74262700093,74262700093
74262700173,74262700103,74262700103
74262700184,74262700114,74262700114
74262700193,74262700123,74262700123
74262700533,74262700133,74262700133
74262700541,74262700141,74262700141
74262700083,74262700153,74262700153
74262700094,74262700164,74262700164
74262700103,74262700173,74262700173
74262700113,74262700183,74262700183
74262700123,74262700193,74262700193
74262700133,74262700213,74262700213
74262700463,74262700223,74262700223
74262700471,74262700231,74262700231
74262700143,74262700243,74262700243
74262700153,74262700253,74262700253
74262700161,74262700261,74262700261
74262700203,74262700273,74262700273
74262700211,74262700281,74262700281
74262700223,74262700293,74262700293
74262700233,74262700303,74262700303
74262700244,74262700314,74262700314
74262700253,74262700323,74262700323
74262700491,74262700331,74262700331
74262700503,74262700343,74262700343
74262700511,74262700351,74262700351
74262700263,74262700373,74262700373
74262700283,74262700393,74262700393
74262700291,74262700401,74262700401
74262700304,74262700414,74262700414
74262700313,74262700423,74262700423
74262700321,74262700471,74262700471
74262700334,74262700484,74262700484
74262700341,74262700491,74262700491
74262700354,74262700504,74262700504
74262700363,74262700513,74262700513
74262700433,74262700523,74262700523
74262700441,74262700531,74262700531
74262700383,74262700543,74262700543
74262700391,74262700551,74262700551
74262700401,74262700561,74262700561
74262700411,74262700571,74262700571
74262700373,74262700583,74262700583
74262700556,74262700596,74262700596
74262700486,74262700606,74262700606
74262700526,74262700616,74262700616
74262700456,74262700626,74262700626
74262700426,74262700636,74262700636
74262800011,74262800011,74262800011
74262800021,74262800021,74262800021
74262800031,74262800031,74262800031
74262800041,74262800041,74262800041
74262800051,74262800051,74262800051
74262800064,74262800064,74262800064
74262800443,74262800073,74262800073
74262800073,74262800083,74262800083
74262800411,74262800091,74262800091
74262800423,74262800103,74262800103
74262800083,74262800113,74262800113
74262800093,74262800123,74262800123
74262800103,74262800133,74262800133
74262800113,74262800143,74262800143
74262800121,74262800151,74262800151
74262800281,74262800161,74262800161
74262800294,74262800174,74262800174
74262800301,74262800181,74262800181
74262800311,74262800191,74262800191
74262800321,74262800201,74262800201
74262800331,74262800211,74262800211
74262800344,74262800224,74262800224
74262800351,74262800231,74262800231
74262800364,74262800244,74262800244
74262800371,74262800251,74262800251
74262800131,74262800261,74262800261
74262800391,74262800271,74262800271
74262800141,74262800281,74262800281
74262800151,74262800291,74262800291
74262800161,74262800301,74262800301
74262800171,74262800311,74262800311
74262800181,74262800321,74262800321
74262800201,74262800331,74262800331
74262800214,74262800344,74262800344
74262800221,74262800351,74262800351
74262800231,74262800361,74262800361
74262800241,74262800371,74262800371
74262800251,74262800381,74262800381
74262800261,74262800391,74262800391
74262800456,74262800406,74262800406
74262800436,74262800416,74262800416
74262800386,74262800426,74262800426
74262800406,74262800436,74262800436
74262800191,74262800446,74262800446
74262800276,74262800456,74262800456
74262900011,74262900011,74262900011
74262900021,74262900021,74262900021
74262900031,74262900031,74262900031
74262900041,74262900041,74262900041
74262900051,74262900051,74262900051
74262900061,74262900061,74262900061
74262900071,74262900071,74262900071
74262900084,74262900084,74262900084
74262900093,74262900093,74262900093
74262900453,74262900103,74262900103
74262900441,74262900111,74262900111
74262900431,74262900121,74262900121
74262900143,74262900133,74262900133
74262900151,74262900141,74262900141
74262900163,74262900153,74262900153
74262900171,74262900161,74262900161
74262900184,74262900174,74262900174
74262900191,74262900181,74262900181
74262900201,74262900191,74262900191
74262900211,74262900201,74262900201
74262900221,74262900211,74262900211
74262900231,74262900221,74262900221
74262900241,74262900231,74262900231
74262900254,74262900244,74262900244
74262900261,74262900251,74262900251
74262900274,74262900264,74262900264
74262900283,74262900273,74262900273
74262900293,74262900283,74262900283
74262900301,74262900291,74262900291
74262900313,74262900303,74262900303
74262900324,74262900314,74262900314
74262900333,74262900323,74262900323
74262900403,74262900333,74262900333
74262900343,74262900343,74262900343
74262900353,74262900353,74262900353
74262900363,74262900363,74262900363
74262900371,74262900371,74262900371
74262900381,74262900381,74262900381
74262900411,74262900391,74262900391
74262900103,74262900403,74262900403
74262900113,74262900413,74262900413
74262900121,74262900421,74262900421
74262900131,74262900431,74262900431
74262900466,74262900446,74262900446
74262900396,74262900456,74262900456
74262900426,74262900466,74262900466
74263000011,74263000011,74263000011
74264100011,74264100011,74264100011
74264100021,74264100021,74264100021
74264100031,74264100031,74264100031
74264100041,74264100041,74264100041
74264100063,74264100053,74264100053
74264100073,74264100063,74264100063
74264100083,74264100073,74264100073
74264100093,74264100083,74264100083
74264100101,74264100091,74264100091
74264100273,74264100103,74264100103
74264100243,74264100113,74264100113
74264100251,74264100121,74264100121
74264100113,74264100143,74264100143
74264100121,74264100151,74264100151
74264100133,74264100163,74264100163
74264100141,74264100171,74264100171
74264100153,74264100183,74264100183
74264100161,74264100191,74264100191
74264100223,74264100203,74264100203
74264100054,74264100214,74264100214
74264100286,74264100226,74264100226
74264100266,74264100236,74264100236
74264100236,74264100246,74264100246
74264100171,74264100251,74264100251
74264100181,74264100261,74264100261
74264100191,74264100271,74264100271
74264100201,74264100281,74264100281
74264100211,74264100051,74264100051
74264300011,74264300061,74264300061
74264300021,74264300071,74264300071
74264300034,74264300084,74264300084
74264300041,74264300091,74264300091
74264300051,74264300101,74264300101
74264300061,74264300111,74264300111
74264300071,74264300121,74264300121
74264300081,74264300131,74264300131
74264400011,74264400011,74264400011
74264400024,74264400024,74264400024
74264400033,74264400033,74264400033
74264400043,74264400043,74264400043
74264400053,74264400053,74264400053
74264400063,74264400063,74264400063
74264400073,74264400073,74264400073
74264400081,74264400081,74264400081
74264400094,74264400094,74264400094
74264400101,74264400101,74264400101
74264400123,74264400111,74264400111
74264400131,74264400121,74264400121
74264400143,74264400133,74264400133
74264400151,74264400141,74264400141
74264400173,74264400153,74264400153
74264400116,74264400176,74264400176
74264400166,74264400186,74264400186
74264400186,74264400196,74264400196
74264500011,74264500011,74264500011
74264500024,74264500024,74264500024
74264500033,74264500033,74264500033
74264500063,74264500043,74264500043
74264500073,74264500053,74264500053
74264500083,74264500063,74264500063
74264500093,74264500073,74264500073
74264500101,74264500081,74264500081
74264500113,74264500093,74264500093
74264500121,74264500101,74264500101
74264500043,74264500113,74264500113
74264500053,74264500123,74264500123
74264500131,74264500131,74264500131
74264500141,74264500141,74264500141
74264500151,74264500151,74264500151
74264600011,74264600011,74264600011
74264600021,74264600021,74264600021
74264600031,74264600031,74264600031
74264600044,74264600044,74264600044
74264600053,74264600053,74264600053
74264600063,74264600063,74264600063
74264600071,74264600071,74264600071
74264600083,74264600083,74264600083
74264600271,74264600091,74264600091
74264600283,74264600103,74264600103
74264600293,74264600113,74264600113
74264600323,74264600123,74264600123
74264600093,74264600133,74264600133
74264600103,74264600143,74264600143
74264600184,74264600164,74264600164
74264600193,74264600171,74264600171
74264600113,74264600183,74264600183
74264600123,74264600193,74264600193
74264600203,74264600201,74264600201
74264600211,74264600211,74264600211
74264600133,74264600223,74264600223
74264600141,74264600231,74264600231
74264600151,74264600241,74264600241
74264600161,74264600251,74264600251
74264600173,74264600261,74264600261
74264600231,74264600271,74264600271
74264600244,74264600284,74264600284
74264600251,74264600291,74264600291
74264600301,74264600301,74264600301
74264600336,74264600316,74264600316
74264600226,74264600326,74264600326
74264600266,74264600336,74264600336
74264600316,74264600346,74264600346
74264700011,74264700011,74264700011
74264700024,74264700024,74264700024
74264700033,74264700033,74264700033
74264700043,74264700043,74264700043
74264700053,74264700053,74264700053
74264700063,74264700063,74264700063
74264700071,74264700071,74264700071
74264700083,74264700083,74264700083
74264700093,74264700093,74264700093
74264700103,74264700101,74264700101
74264700113,74264700111,74264700111
74264700123,74264700121,74264700121
74264700131,74264700131,74264700131
74264700141,74264700141,74264700141
74264700151,74264700151,74264700151
74264700161,74264700161,74264700161
74264700253,74264700173,74264700173
74264700403,74264700183,74264700183
74264700493,74264700193,74264700193
74264700263,74264700213,74264700213
74264700273,74264700223,74264700223
74264700283,74264700233,74264700233
74264700383,74264700243,74264700243
74264700293,74264700253,74264700253
74264700303,74264700263,74264700263
74264700323,74264700273,74264700273
74264700331,74264700281,74264700281
74264700343,74264700293,74264700293
74264700351,74264700301,74264700301
74264700363,74264700313,74264700313
74264700313,74264700323,74264700323
74264700171,74264700331,74264700331
74264700181,74264700341,74264700341
74264700191,74264700351,74264700351
74264700201,74264700361,74264700361
74264700211,74264700371,74264700371
74264700221,74264700381,74264700381
74264700234,74264700394,74264700394
74264700243,74264700403,74264700403
74264700413,74264700413,74264700413
74264700423,74264700423,74264700423
74264700443,74264700433,74264700433
74264700451,74264700441,74264700441
74264700463,74264700453,74264700453
74264700471,74264700461,74264700461
74264700506,74264700476,74264700476
74264700396,74264700486,74264700486
74264700376,74264700496,74264700496
74264700436,74264700506,74264700506
74264700486,74264700516,74264700516
74264800013,74264800013,74264800013
74264800021,74264800021,74264800021
74264800031,74264800031,74264800031
74264800041,74264800041,74264800041
74264800056,74264800056,74264800056
74264900011,74264900011,74264900011
74264900021,74264900021,74264900021
74264900031,74264900031,74264900031
74264900041,74264900041,74264900041
74264900051,74264900051,74264900051
74264900061,74264900061,74264900061
74264900071,74264900071,74264900071
74264900084,74264900084,74264900084
74264900091,74264900091,74264900091
74264900101,74264900101,74264900101
74264900116,74264900116,74264900116
74265000011,74265000021,74265000021
74265000024,74265000034,74265000034
74265000031,74265000041,74265000041
74265000043,74265000051,74265000051
74265000053,74265000061,74265000061
74265000063,74265000071,74265000071
74265000071,74265000081,74265000081
74265000083,74265000091,74265000091
74265000091,74265000101,74265000101
74265000101,74265000111,74265000111
74265000111,74265000121,74265000121
74266100011,74266100011,74266100011
74266100021,74266100021,74266100021
74266100031,74266100031,74266100031
74266300011,74266300031,74266300031
74266300021,74266300041,74266300041
74266300031,74266300051,74266300051
74266300041,74266300061,74266300061
74266300051,74266300071,74266300071
74266300061,74266300081,74266300081
74266300071,74266300091,74266300091
74266300081,74266300101,74266300101
74266300091,74266300111,74266300111
74266300101,74266300121,74266300121
74266300111,74266300131,74266300131
74266400011,74266400011,74266400011
74266400021,74266400021,74266400021
74266400031,74266400031,74266400031
74266400041,74266400041,74266400041
74266400051,74266400051,74266400051
74266400061,74266400061,74266400061
74266400071,74266400071,74266400071
74266400081,74266400081,74266400081
74266400091,74266400091,74266400091
74266400101,74266400101,74266400101
74266400111,74266400111,74266400111
74266400121,74266400121,74266400121
74266400131,74266400131,74266400131
74266400141,74266400141,74266400141
74266400151,74266400151,74266400151
74266400161,74266400161,74266400161
74266400511,74266400171,74266400171
74266400521,74266400181,74266400181
74266400531,74266400191,74266400191
74266400541,74266400201,74266400201
74266400551,74266400211,74266400211
74266400564,74266400224,74266400224
74266400571,74266400231,74266400231
74266400581,74266400241,74266400241
74266400591,74266400251,74266400251
74266400601,74266400261,74266400261
74266400611,74266400271,74266400271
74266400624,74266400284,74266400284
74266400631,74266400291,74266400291
74266400171,74266400301,74266400301
74266400181,74266400311,74266400311
74266400191,74266400321,74266400321
74266400201,74266400331,74266400331
74266400211,74266400341,74266400341
74266400221,74266400351,74266400351
74266400231,74266400361,74266400361
74266400241,74266400371,74266400371
74266400251,74266400381,74266400381
74266400261,74266400391,74266400391
74266400274,74266400404,74266400404
74266400281,74266400411,74266400411
74266400291,74266400421,74266400421
74266400301,74266400431,74266400431
74266400314,74266400444,74266400444
74266400321,74266400451,74266400451
74266400331,74266400461,74266400461
74266400344,74266400474,74266400474
74266400354,74266400484,74266400484
74266400641,74266400491,74266400491
74266400651,74266400501,74266400501
74266400661,74266400511,74266400511
74266400671,74266400521,74266400521
74266400681,74266400531,74266400531
74266400691,74266400541,74266400541
74266400701,74266400551,74266400551
74266400711,74266400561,74266400561
74266400721,74266400571,74266400571
74266400731,74266400581,74266400581
74266400741,74266400591,74266400591
74266400754,74266400604,74266400604
74266400761,74266400611,74266400611
74266400771,74266400621,74266400621
74266400781,74266400631,74266400631
74266400791,74266400641,74266400641
74266400804,74266400654,74266400654
74266400811,74266400661,74266400661
74266400381,74266400671,74266400671
74266400394,74266400684,74266400684
74266400401,74266400691,74266400691
74266400411,74266400701,74266400701
74266400421,74266400711,74266400711
74266400431,74266400721,74266400721
74266400441,74266400731,74266400731
74266400454,74266400744,74266400744
74266400461,74266400751,74266400751
74266400474,74266400764,74266400764
74266400481,74266400771,74266400771
74266400491,74266400781,74266400781
74266400361,74266400791,74266400791
74266400371,74266400801,74266400801
74266400826,74266400816,74266400816
74266400506,74266400826,74266400826
74266500011,74266500011,74266500011
74266500021,74266500021,74266500021
74266500031,74266500031,74266500031
74266700011,74266700041,74266700041
74266700021,74266700051,74266700051
74266700031,74266700061,74266700061
74266700041,74266700071,74266700071
74266700051,74266700081,74266700081
74266700061,74266700091,74266700091
74266700071,74266700101,74266700101
74266700081,74266700111,74266700111
74266700091,74266700121,74266700121
74266700101,74266700131,74266700131
74266700111,74266700141,74266700141
74266700121,74266700151,74266700151
74266700131,74266700161,74266700161
74266700141,74266700171,74266700171
74266700151,74266700181,74266700181
74266700161,74266700191,74266700191
74266700171,74266700201,74266700201
74266700181,74266700211,74266700211
74266700191,74266700221,74266700221
74266700201,74266700231,74266700231
74266700211,74266700241,74266700241
74266700221,74266700251,74266700251
74266700231,74266700261,74266700261
74266700241,74266700271,74266700271
74266800011,74266800011,74266800011
74266800021,74266800021,74266800021
74266800031,74266800031,74266800031
74266800044,74266800044,74266800044
74266800053,74266800053,74266800053
74266800061,74266800061,74266800061
74266800071,74266800071,74266800071
74266800084,74266800084,74266800084
74266800093,74266800093,74266800093
74266800103,74266800103,74266800103
74266800111,74266800111,74266800111
74266800123,74266800123,74266800123
74266800131,74266800131,74266800131
74266800141,74266800141,74266800141
74266800151,74266800151,74266800151
74266800161,74266800161,74266800161
74266800176,74266800176,74266800176
74266900011,74266900011,74266900011
74266900021,74266900021,74266900021
74266900031,74266900031,74266900031
74266900041,74266900041,74266900041
74266900511,74266900051,74266900051
74266900524,74266900064,74266900064
74266900051,74266900071,74266900071
74266900061,74266900081,74266900081
74266900071,74266900091,74266900091
74266900084,74266900104,74266900104
74266900093,74266900113,74266900113
74266900534,74266900124,74266900124
74266900541,74266900131,74266900131
74266900271,74266900141,74266900141
74266900281,74266900151,74266900151
74266900421,74266900161,74266900161
74266900434,74266900174,74266900174
74266900443,74266900183,74266900183
74266900451,74266900191,74266900191
74266900464,74266900204,74266900204
74266900471,74266900211,74266900211
74266900484,74266900224,74266900224
74266900491,74266900231,74266900231
74266900101,74266900241,74266900241
74266900113,74266900253,74266900253
74266900121,74266900261,74266900261
74266900133,74266900273,74266900273
74266900141,74266900281,74266900281
74266900154,74266900294,74266900294
74266900161,74266900301,74266900301
74266900174,74266900314,74266900314
74266900181,74266900321,74266900321
74266900191,74266900331,74266900331
74266900201,74266900341,74266900341
74266900211,74266900351,74266900351
74266900224,74266900364,74266900364
74266900231,74266900371,74266900371
74266900241,74266900381,74266900381
74266900251,74266900391,74266900391
74266900291,74266900401,74266900401
74266900301,74266900411,74266900411
74266900314,74266900424,74266900424
74266900321,74266900431,74266900431
74266900334,74266900444,74266900444
74266900341,74266900451,74266900451
74266900354,74266900464,74266900464
74266900363,74266900473,74266900473
74266900371,74266900481,74266900481
74266900381,74266900491,74266900491
74266900391,74266900501,74266900501
74266900401,74266900511,74266900511
74266900556,74266900526,74266900526
74266900506,74266900536,74266900536
74266900266,74266900546,74266900546
74266900416,74266900556,74266900556
74265000121,74265000011,74265000011
74267100014,74267100024,74267100024
74267100021,74267100031,74267100031
74267100031,74267100041,74267100041
74267100041,74267100051,74267100051
74267100051,74267100061,74267100061
74267100061,74267100071,74267100071
74267100071,74267100081,74267100081
74267100081,74267100091,74267100091
74267200011,74267200011,74267200011
74267200024,74267200024,74267200024
74267200031,74267200031,74267200031
74267200041,74267200041,74267200041
74267200051,74267200051,74267200051
74267200061,74267200061,74267200061
74267200071,74267200071,74267200071
74267200081,74267200081,74267200081
74267200091,74267200091,74267200091
74267200101,74267200101,74267200101
74267200114,74267200114,74267200114
74267200121,74267200121,74267200121
74267200131,74267200131,74267200131
74267200141,74267200141,74267200141
74267200151,74267200151,74267200151
74267200161,74267200161,74267200161
74267200171,74267200171,74267200171
74267200184,74267200184,74267200184
74267200191,74267200191,74267200191
74267200201,74267200201,74267200201
74267200211,74267200211,74267200211
74267200221,74267200221,74267200221
74267200231,74267200231,74267200231
74267200331,74267200241,74267200241
74267200341,74267200251,74267200251
74267200354,74267200264,74267200264
74267200361,74267200271,74267200271
74267200371,74267200281,74267200281
74267200384,74267200294,74267200294
74267200391,74267200301,74267200301
74267200241,74267200311,74267200311
74267200251,74267200321,74267200321
74267200264,74267200334,74267200334
74267200271,74267200341,74267200341
74267200281,74267200351,74267200351
74267200291,74267200361,74267200361
74267200301,74267200371,74267200371
74267200311,74267200381,74267200381
74267200406,74267200396,74267200396
74267200326,74267200406,74267200406
74267300011,74267300011,74267300011
74267300024,74267300024,74267300024
74267300031,74267300031,74267300031
74267300041,74267300041,74267300041
74267300051,74267300051,74267300051
74267300061,74267300061,74267300061
74267300071,74267300071,74267300071
74267300081,74267300081,74267300081
74267300091,74267300091,74267300091
74267300104,74267300104,74267300104
74267300111,74267300111,74267300111
74267300121,74267300121,74267300121
74267300131,74267300131,74267300131
74267300221,74267300151,74267300151
74267300231,74267300161,74267300161
74267300241,74267300171,74267300171
74267300251,74267300181,74267300181
74267300261,74267300191,74267300191
74267300271,74267300201,74267300201
74267300281,74267300211,74267300211
74267300291,74267300221,74267300221
74267300301,74267300231,74267300231
74267300314,74267300244,74267300244
74267300371,74267300251,74267300251
74267300361,74267300261,74267300261
74267300141,74267300271,74267300271
74267300151,74267300281,74267300281
74267300161,74267300291,74267300291
74267300171,74267300301,74267300301
74267300181,74267300311,74267300311
74267300191,74267300321,74267300321
74267300201,74267300331,74267300331
74267300211,74267300341,74267300341
74267300381,74267300351,74267300351
74267300324,74267300364,74267300364
74267300334,74267300374,74267300374
74267300344,74267300384,74267300384
74267300354,74267300394,74267300394
74267300396,74267300406,74267300406
74267400011,74267400011,74267400011
74267400024,74267400024,74267400024
74267400031,74267400031,74267400031
74267400041,74267400041,74267400041
74267400051,74267400051,74267400051
74267400061,74267400061,74267400061
74267400074,74267400074,74267400074
74267400081,74267400081,74267400081
74267400094,74267400094,74267400094
74267400101,74267400101,74267400101
74267400111,74267400111,74267400111
74267400124,74267400124,74267400124
74267400131,74267400131,74267400131
74267400141,74267400141,74267400141
74267400151,74267400151,74267400151
74267400164,74267400164,74267400164
74267400171,74267400171,74267400171
74267400181,74267400181,74267400181
74267400194,74267400194,74267400194
74267400201,74267400201,74267400201
74267400211,74267400211,74267400211
74267400221,74267400221,74267400221
74267400234,74267400234,74267400234
74267400241,74267400241,74267400241
74267400251,74267400251,74267400251
74267400261,74267400261,74267400261
74267400274,74267400274,74267400274
74267400281,74267400281,74267400281
74267400291,74267400291,74267400291
74267400304,74267400304,74267400304
74267400311,74267400311,74267400311
74267400321,74267400321,74267400321
74267400334,74267400334,74267400334
74267400341,74267400341,74267400341
74267400351,74267400351,74267400351
74267400361,74267400361,74267400361
74267400371,74267400371,74267400371
74267400384,74267400384,74267400384
74267400391,74267400391,74267400391
74267400431,74267400431,74267400431
74267400444,74267400444,74267400444
74267400451,74267400451,74267400451
74267400461,74267400461,74267400461
74267400474,74267400474,74267400474
74267400481,74267400481,74267400481
74267400494,74267400494,74267400494
74267400501,74267400501,74267400501
74267400421,74267400511,74267400511
74267400411,74267400521,74267400521
74267400401,74267400531,74267400531
74267400516,74267400546,74267400546
74267500011,74267500011,74267500011
74267500021,74267500021,74267500021
74267500034,74267500034,74267500034
74267500041,74267500041,74267500041
74267500051,74267500051,74267500051
74267500061,74267500061,74267500061
74267500071,74267500071,74267500071
74267500081,74267500081,74267500081
74267600011,74267600011,74267600011
74267600021,74267600021,74267600021
74267600031,74267600031,74267600031
74267600041,74267600041,74267600041
74267600051,74267600051,74267600051
74267600061,74267600061,74267600061
74267600071,74267600071,74267600071
74267600081,74267600081,74267600081
74267600091,74267600091,74267600091
74267600101,74267600101,74267600101
74267600114,74267600114,74267600114
74267600121,74267600121,74267600121
74267600131,74267600131,74267600131
74267600144,74267600144,74267600144
74267600151,74267600151,74267600151
74267600164,74267600164,74267600164
74267600171,74267600171,74267600171
74267600181,74267600181,74267600181
74267600194,74267600194,74267600194
74267600201,74267600201,74267600201
74267600214,74267600214,74267600214
74267600221,74267600221,74267600221
74267600234,74267600234,74267600234
74267600241,74267600241,74267600241
74267600254,74267600254,74267600254
74267600261,74267600261,74267600261
74267600274,74267600274,74267600274
74267600281,74267600281,74267600281
74267600296,74267600306,74267600306
74267700011,74267700011,74267700011
74267700021,74267700021,74267700021
74267700031,74267700031,74267700031
74267700041,74267700041,74267700041
74267700051,74267700051,74267700051
74267700191,74267700131,74267700131
74267700201,74267700141,74267700141
74267700211,74267700151,74267700151
74267700221,74267700161,74267700161
74267700231,74267700171,74267700171
74267700101,74267700201,74267700201
74267700111,74267700211,74267700211
74267700121,74267700221,74267700221
74267700131,74267700231,74267700231
74267700141,74267700241,74267700241
74267700151,74267700251,74267700251
74267700061,74267700261,74267700261
74267700074,74267700274,74267700274
74267700081,74267700281,74267700281
74267700091,74267700291,74267700291
74267700161,74267700301,74267700301
74267700171,74267700311,74267700311
74267700181,74267700321,74267700321
74267800011,74267800011,74267800011
74267800021,74267800021,74267800021
74267800031,74267800031,74267800031
74267800041,74267800041,74267800041
74267800051,74267800051,74267800051
74267800061,74267800061,74267800061
74267800071,74267800071,74267800071
74267800081,74267800081,74267800081
74267800091,74267800091,74267800091
74267800101,74267800101,74267800101
74267800111,74267800111,74267800111
74267800121,74267800121,74267800121
74267800131,74267800131,74267800131
74267800141,74267800141,74267800141
74267800151,74267800151,74267800151
74267800161,74267800161,74267800161
74267800173,74267800173,74267800173
74267800181,74267800181,74267800181
74267800191,74267800191,74267800191
74267800301,74267800201,74267800201
74267800314,74267800214,74267800214
74267800324,74267800224,74267800224
74267800201,74267800231,74267800231
74267800213,74267800243,74267800243
74267800221,74267800251,74267800251
74267800234,74267800264,74267800264
74267800243,74267800273,74267800273
74267800251,74267800281,74267800281
74267800261,74267800291,74267800291
74267800271,74267800301,74267800301
74267800281,74267800311,74267800311
74267800331,74267800321,74267800321
74267800344,74267800334,74267800334
74267800351,74267800341,74267800341
74267800364,74267800354,74267800354
74267800371,74267800361,74267800361
74267800384,74267800374,74267800374
74267800391,74267800381,74267800381
74267800404,74267800394,74267800394
74267800411,74267800401,74267800401
74267800424,74267800414,74267800414
74267800431,74267800421,74267800421
74267800296,74267800436,74267800436
74267800446,74267800446,74267800446
74267900011,74267900011,74267900011
74267900021,74267900021,74267900021
74267900131,74267900031,74267900031
74267900141,74267900041,74267900041
74267900151,74267900051,74267900051
74267900161,74267900061,74267900061
74267900061,74267900071,74267900071
74267900071,74267900081,74267900081
74267900081,74267900091,74267900091
74267900091,74267900101,74267900101
74267900104,74267900114,74267900114
74267900111,74267900121,74267900121
74267900121,74267900131,74267900131
74267900034,74267900144,74267900144
74267900041,74267900151,74267900151
74267900051,74267900161,74267900161
74267900176,74267900176,74267900176
74268100011,74268100011,74268100011
74268100021,74268100021,74268100021
74268100031,74268100031,74268100031
74268100044,74268100044,74268100044
74268100051,74268100051,74268100051
74268100061,74268100061,74268100061
74268300011,74268300071,74268300071
74268300021,74268300081,74268300081
74268400011,74268400011,74268400011
74268400021,74268400021,74268400021
74268400031,74268400031,74268400031
74268400041,74268400041,74268400041
74268400051,74268400051,74268400051
74268400061,74268400061,74268400061
74268400071,74268400071,74268400071
74268400081,74268400081,74268400081
74268400091,74268400091,74268400091
74268400101,74268400101,74268400101
74268400116,74268400116,74268400116
74268500011,74268500011,74268500011
74268500024,74268500024,74268500024
74268500031,74268500031,74268500031
74268500041,74268500041,74268500041
74268500054,74268500054,74268500054
74268500061,74268500061,74268500061
74268500074,74268500074,74268500074
74268500083,74268500083,74268500083
74268600011,74268600011,74268600011
74268600021,74268600021,74268600021
74268600031,74268600031,74268600031
74268600041,74268600041,74268600041
74268600051,74268600051,74268600051
74268600064,74268600064,74268600064
74268600073,74268600073,74268600073
74268600081,74268600081,74268600081
74268600096,74268600096,74268600096
74268700013,74268700013,74268700013
74268700021,74268700021,74268700021
74268700034,74268700034,74268700034
74268700041,74268700041,74268700041
74268700051,74268700051,74268700051
74268700061,74268700061,74268700061
74268700071,74268700071,74268700071
74268700081,74268700081,74268700081
74268700094,74268700094,74268700094
74268700101,74268700101,74268700101
74268700114,74268700114,74268700114
74268700121,74268700121,74268700121
74268700134,74268700134,74268700134
74268700143,74268700143,74268700143
74268700151,74268700151,74268700151
74268700163,74268700163,74268700163
74268800013,74268800013,74268800013
74268800021,74268800021,74268800021
74268800031,74268800031,74268800031
74268800041,74268800041,74268800041
74268800051,74268800051,74268800051
74268800061,74268800061,74268800061
74268800071,74268800071,74268800071
74268800081,74268800081,74268800081
74268800091,74268800091,74268800091
74268800101,74268800101,74268800101
74268800111,74268800111,74268800111
74268800121,74268800121,74268800121
74268800131,74268800131,74268800131
74268800146,74268800146,74268800146
74268900014,74268900014,74268900014
74268900023,74268900023,74268900023
74268900031,74268900031,74268900031
74268900043,74268900043,74268900043
74268900054,74268900054,74268900054
74268900061,74268900061,74268900061
74268900071,74268900071,74268900071
74268900083,74268900083,74268900083
74268900091,74268900091,74268900091
74268900103,74268900103,74268900103
74268900114,74268900114,74268900114
74268900123,74268900123,74268900123
74268900131,74268900131,74268900131
74268900141,74268900141,74268900141
74268900153,74268900153,74268900153
74268900161,74268900161,74268900161
74268900171,74268900171,74268900171
74268900184,74268900184,74268900184
74268900191,74268900191,74268900191
74268900204,74268900204,74268900204
74268900211,74268900211,74268900211
74268900221,74268900221,74268900221
74268900234,74268900234,74268900234
74268900241,74268900241,74268900241
74268900251,74268900251,74268900251
74268900264,74268900264,74268900264
74268900271,74268900271,74268900271
74268900281,74268900281,74268900281
74268900294,74268900294,74268900294
74268900303,74268900303,74268900303
74268900313,74268900313,74268900313
74268900323,74268900323,74268900323
74268900331,74268900331,74268900331
74268900341,74268900341,74268900341
74268900351,74268900351,74268900351
74268900361,74268900361,74268900361
74268900374,74268900374,74268900374
74268900381,74268900381,74268900381
74268900394,74268900394,74268900394
74268900404,74268900404,74268900404
74268900411,74268900411,74268900411
74268900424,74268900424,74268900424
74268900431,74268900431,74268900431
74268900441,74268900441,74268900441
74268900451,74268900451,74268900451
74268900461,74268900461,74268900461
74268900471,74268900471,74268900471
74268900481,74268900481,74268900481
74268900491,74268900491,74268900491
74268900501,74268900501,74268900501
74268900514,74268900514,74268900514
74268900521,74268900521,74268900521
74268900536,74268900536,74268900536
74269100011,74269100011,74269100011
74269100021,74269100021,74269100021
74269100031,74269100031,74269100031
74269100041,74269100041,74269100041
74269100054,74269100054,74269100054
74269100061,74269100061,74269100061
74269100071,74269100071,74269100071
74269100081,74269100081,74269100081
74269100094,74269100094,74269100094
74269100101,74269100101,74269100101
74269100111,74269100111,74269100111
74269200011,74269200011,74269200011
74269200021,74269200021,74269200021
74269200031,74269200031,74269200031
74269200041,74269200041,74269200041
74269200054,74269200054,74269200054
74269200061,74269200061,74269200061
74269200071,74269200071,74269200071
74269200081,74269200081,74269200081
74269200091,74269200091,74269200091
74269200106,74269200106,74269200106
74269300011,74269300011,74269300011
74269300021,74269300021,74269300021
74269400011,74269400011,74269400011
74269400021,74269400021,74269400021
74269400031,74269400031,74269400031
74269400041,74269400041,74269400041
74269400051,74269400051,74269400051
74269400061,74269400061,74269400061
74269400074,74269400074,74269400074
74269400084,74269400084,74269400084
74269400091,74269400091,74269400091
74269400104,74269400104,74269400104
74269400111,74269400111,74269400111
74269400124,74269400124,74269400124
74269400131,74269400131,74269400131
74269400144,74269400144,74269400144
74269400154,74269400154,74269400154
74269400161,74269400161,74269400161
74269400174,74269400174,74269400174
74269400181,74269400181,74269400181
74269400191,74269400191,74269400191
74269400201,74269400201,74269400201
74269400341,74269400211,74269400211
74269400351,74269400221,74269400221
74269400364,74269400234,74269400234
74269400451,74269400241,74269400241
74269400464,74269400254,74269400254
74269400473,74269400263,74269400263
74269400481,74269400271,74269400271
74269400491,74269400281,74269400281
74269400501,74269400291,74269400291
74269400511,74269400301,74269400301
74269400211,74269400311,74269400311
74269400221,74269400321,74269400321
74269400231,74269400331,74269400331
74269400241,74269400341,74269400341
74269400251,74269400351,74269400351
74269400261,74269400361,74269400361
74269400271,74269400371,74269400371
74269400284,74269400384,74269400384
74269400291,74269400391,74269400391
74269400371,74269400401,74269400401
74269400421,74269400411,74269400411
74269400434,74269400424,74269400424
74269400381,74269400431,74269400431
74269400391,74269400441,74269400441
74269400401,74269400451,74269400451
74269400304,74269400464,74269400464
74269400311,74269400471,74269400471
74269400321,74269400481,74269400481
74269400526,74269400496,74269400496
74269400446,74269400506,74269400506
74269400416,74269400516,74269400516
74269400336,74269400526,74269400526
74269500011,74269500011,74269500011
74269500023,74269500021,74269500021
74269500033,74269500031,74269500031
74269500043,74269500041,74269500041
74269500051,74269500051,74269500051
74269500111,74269500061,74269500061
74269500124,74269500074,74269500074
74269500131,74269500081,74269500081
74269500141,74269500091,74269500091
74269500151,74269500101,74269500101
74269500161,74269500111,74269500111
74269500174,74269500124,74269500124
74269500181,74269500131,74269500131
74269500191,74269500141,74269500141
74269500201,74269500151,74269500151
74269500211,74269500161,74269500161
74269500224,74269500174,74269500174
74269500231,74269500181,74269500181
74269500064,74269500194,74269500194
74269500071,74269500201,74269500201
74269500081,74269500211,74269500211
74269500091,74269500221,74269500221
74269500101,74269500231,74269500231
74269600011,74269600011,74269600011
74269600024,74269600024,74269600024
74269600031,74269600031,74269600031
74269600044,74269600044,74269600044
74269600051,74269600051,74269600051
74269600061,74269600061,74269600061
74269600071,74269600071,74269600071
74269600141,74269600081,74269600081
74269600081,74269600091,74269600091
74269600091,74269600101,74269600101
74269600101,74269600111,74269600111
74269600114,74269600124,74269600124
74269600121,74269600131,74269600131
74269600156,74269600146,74269600146
74269600136,74269600156,74269600156
74269700011,74269700011,74269700011
74269700024,74269700024,74269700024
74269700031,74269700031,74269700031
74269700041,74269700041,74269700041
74269800011,74269800011,74269800011
74269800021,74269800021,74269800021
74269800031,74269800031,74269800031
74269800451,74269800041,74269800041
74269800461,74269800051,74269800051
74269800471,74269800061,74269800061
74269800481,74269800071,74269800071
74269800491,74269800081,74269800081
74269800041,74269800091,74269800091
74269800054,74269800104,74269800104
74269800061,74269800111,74269800111
74269800071,74269800121,74269800121
74269800081,74269800131,74269800131
74269800094,74269800144,74269800144
74269800101,74269800151,74269800151
74269800121,74269800171,74269800171
74269800111,74269800181,74269800181
74269800134,74269800194,74269800194
74269800141,74269800201,74269800201
74269800151,74269800211,74269800211
74269800164,74269800224,74269800224
74269800171,74269800231,74269800231
74269800181,74269800241,74269800241
74269800194,74269800254,74269800254
74269800201,74269800261,74269800261
74269800214,74269800274,74269800274
74269800221,74269800281,74269800281
74269800234,74269800294,74269800294
74269800241,74269800301,74269800301
74269800401,74269800311,74269800311
74269800414,74269800324,74269800324
74269800423,74269800333,74269800333
74269800431,74269800341,74269800341
74269800254,74269800354,74269800354
74269800261,74269800361,74269800361
74269800271,74269800371,74269800371
74269800281,74269800381,74269800381
74269800291,74269800391,74269800391
74269800304,74269800404,74269800404
74269800313,74269800413,74269800413
74269800321,74269800421,74269800421
74269800333,74269800433,74269800433
74269800341,74269800441,74269800441
74269800351,74269800451,74269800451
74269800364,74269800464,74269800464
74269800371,74269800471,74269800471
74269800381,74269800481,74269800481
74269800506,74269800496,74269800496
74269800446,74269800506,74269800506
74269800396,74269800516,74269800516
74269900011,74269900011,74269900011
74269900024,74269900024,74269900024
74269900031,74269900031,74269900031
74269900044,74269900044,74269900044
74269900051,74269900051,74269900051
74269900064,74269900064,74269900064
74269900071,74269900071,74269900071
74269900084,74269900084,74269900084
74269900091,74269900091,74269900091
74269900104,74269900104,74269900104
74269900111,74269900111,74269900111
74269900124,74269900124,74269900124
74269900131,74269900131,74269900131
74269900144,74269900144,74269900144
74269900151,74269900151,74269900151
74269900164,74269900164,74269900164
74269900171,74269900171,74269900171
74269900181,74269900181,74269900181
74269900191,74269900191,74269900191
74269900561,74269900201,74269900201
74269900571,74269900211,74269900211
74269900581,74269900221,74269900221
74269900591,74269900231,74269900231
74269900601,74269900241,74269900241
74269900611,74269900251,74269900251
74269900621,74269900261,74269900261
74269900631,74269900271,74269900271
74269900641,74269900281,74269900281
74269900651,74269900291,74269900291
74269900661,74269900301,74269900301
74269900671,74269900311,74269900311
74269900691,74269900321,74269900321
74269900701,74269900331,74269900331
74269900711,74269900341,74269900341
74269900721,74269900351,74269900351
74269900734,74269900364,74269900364
74269900743,74269900373,74269900373
74269900201,74269900381,74269900381
74269900211,74269900391,74269900391
74269900221,74269900401,74269900401
74269900231,74269900411,74269900411
74269900241,74269900421,74269900421
74269900251,74269900431,74269900431
74269900261,74269900441,74269900441
74269900271,74269900451,74269900451
74269900281,74269900461,74269900461
74269900291,74269900471,74269900471
74269900301,74269900481,74269900481
74269900311,74269900491,74269900491
74269900321,74269900501,74269900501
74269900333,74269900513,74269900513
74269900341,74269900521,74269900521
74269900354,74269900534,74269900534
74269900481,74269900541,74269900541
74269900491,74269900551,74269900551
74269900501,74269900561,74269900561
74269900511,74269900571,74269900571
74269900524,74269900584,74269900584
74269900531,74269900591,74269900591
74269900541,74269900601,74269900601
74269900363,74269900613,74269900613
74269900463,74269900623,74269900623
74269900373,74269900633,74269900633
74269900383,74269900643,74269900643
74269900751,74269900651,74269900651
74269900761,74269900661,74269900661
74269900771,74269900671,74269900671
74269900781,74269900681,74269900681
74269900791,74269900691,74269900691
74269900801,74269900701,74269900701
74269900811,74269900711,74269900711
74269900821,74269900721,74269900721
74269900831,74269900731,74269900731
74269900393,74269900743,74269900743
74269900401,74269900751,74269900751
74269900411,74269900761,74269900761
74269900421,74269900771,74269900771
74269900431,74269900781,74269900781
74269900441,74269900791,74269900791
74269900851,74269900801,74269900801
74269900861,74269900811,74269900811
74269900871,74269900821,74269900821
74269900881,74269900831,74269900831
74269900686,74269900846,74269900846
74269900556,74269900856,74269900856
74269900476,74269900866,74269900866
74269900846,74269900876,74269900876
74269900456,74269900886,74269900886
74269900896,74269900896,74269900896
74270100011,74270100011,74270100011
74270100021,74270100021,74270100021
74270100031,74270100031,74270100031
74270100041,74270100041,74270100041
74270100051,74270100051,74270100051
74270100061,74270100061,74270100061
74270300011,74270300071,74270300071
74270300021,74270300081,74270300081
74270400011,74270400011,74270400011
74270400021,74270400021,74270400021
74270400031,74270400031,74270400031
74270400041,74270400041,74270400041
74270400051,74270400051,74270400051
74270400061,74270400061,74270400061
74270400071,74270400071,74270400071
74270400081,74270400081,74270400081
74270400096,74270400096,74270400096
74270500011,74270500011,74270500011
74270500021,74270500021,74270500021
74270500031,74270500031,74270500031
74270500041,74270500041,74270500041
74270500051,74270500051,74270500051
74270600011,74270600011,74270600011
74270600024,74270600024,74270600024
74270600031,74270600031,74270600031
74270600041,74270600041,74270600041
74270600051,74270600051,74270600051
74270600061,74270600061,74270600061
74270600071,74270600071,74270600071
74270600081,74270600081,74270600081
74270600091,74270600091,74270600091
74270600106,74270600106,74270600106
74270700011,74270700011,74270700011
74270700021,74270700031,74270700031
74270700031,74270700041,74270700041
74270700041,74270700051,74270700051
74270700051,74270700061,74270700061
74270700061,74270700071,74270700071
74270800011,74270800011,74270800011
74270800021,74270800021,74270800021
74270800031,74270800031,74270800031
74270800041,74270800041,74270800041
74270800051,74270800051,74270800051
74270800061,74270800061,74270800061
74270800071,74270800071,74270800071
74270800081,74270800081,74270800081
74270800091,74270800091,74270800091
74270800101,74270800101,74270800101
74270800111,74270800111,74270800111
74270800121,74270800121,74270800121
74270800131,74270800131,74270800131
74270800141,74270800141,74270800141
74270800151,74270800151,74270800151
74270800161,74270800161,74270800161
74270800171,74270800171,74270800171
74270800186,74270800186,74270800186
74270900011,74270900011,74270900011
74270900021,74270900021,74270900021
74270900031,74270900031,74270900031
74270900041,74270900041,74270900041
74270900071,74270900051,74270900051
74270900084,74270900064,74270900064
74270900091,74270900071,74270900071
74270900051,74270900081,74270900081
74270900061,74270900091,74270900091
74281000011,74281000011,74281000011
74281000024,74281000024,74281000024
74281000031,74281000031,74281000031
74281000041,74281000041,74281000041
74282100011,74282100011,74282100011
74282100021,74282100021,74282100021
74282100031,74282100031,74282100031
74282100043,74282100043,74282100043
74282100051,74282100051,74282100051
74282100061,74282100061,74282100061
74282100071,74282100071,74282100071
74282100081,74282100081,74282100081
74282100091,74282100091,74282100091
74282100101,74282100101,74282100101
74282100111,74282100111,74282100111
74282100124,74282100124,74282100124
74282100131,74282100131,74282100131
74282500011,74282500311,74282500311
74282300011,74282300031,74282300031
74282300021,74282300041,74282300041
74282300031,74282300051,74282300051
74282300041,74282300061,74282300061
74282300051,74282300071,74282300071
74282500021,74282500011,74282500011
74282500031,74282500021,74282500021
74282500041,74282500031,74282500031
74282500051,74282500041,74282500041
74282500061,74282500051,74282500051
74282500151,74282500111,74282500111
74282500073,74282500123,74282500123
74282500083,74282500133,74282500133
74282500091,74282500141,74282500141
74282500164,74282500154,74282500154
74282500171,74282500161,74282500161
74282500101,74282500171,74282500171
74282500111,74282500181,74282500181
74282500121,74282500191,74282500191
74282500131,74282500201,74282500201
74282500141,74282500211,74282500211
74282500181,74282500221,74282500221
74282500194,74282500234,74282500234
74282500201,74282500241,74282500241
74282500211,74282500251,74282500251
74282500224,74282500264,74282500264
74282500234,74282500274,74282500274
74282500241,74282500281,74282500281
74282500251,74282500291,74282500291
74282500266,74282500306,74282500306
74282600011,74282600011,74282600011
74282600024,74282600024,74282600024
74282600031,74282600031,74282600031
74282600041,74282600041,74282600041
74282600051,74282600051,74282600051
74282600061,74282600061,74282600061
74282600071,74282600071,74282600071
74282600081,74282600081,74282600081
74282600091,74282600091,74282600091
74282600101,74282600101,74282600101
74282600114,74282600114,74282600114
74282600121,74282600121,74282600121
74282600134,74282600134,74282600134
74282600141,74282600141,74282600141
74282600154,74282600154,74282600154
74282600161,74282600161,74282600161
74282600173,74282600173,74282600173
74282600183,74282600183,74282600183
74282600191,74282600191,74282600191
74282600204,74282600204,74282600204
74282600211,74282600211,74282600211
74282600223,74282600223,74282600223
74282600233,74282600233,74282600233
74282600241,74282600241,74282600241
74282600251,74282600251,74282600251
74282600261,74282600261,74282600261
74282600271,74282600271,74282600271
74282600283,74282600283,74282600283
74282600291,74282600291,74282600291
74282600303,74282600303,74282600303
74282600311,74282600311,74282600311
74282600321,74282600321,74282600321
74282600331,74282600331,74282600331
74282600346,74282600346,74282600346
74282700011,74282700011,74282700011
74282700024,74282700024,74282700024
74282700031,74282700031,74282700031
74282700044,74282700044,74282700044
74282700051,74282700051,74282700051
74282700061,74282700061,74282700061
74282700071,74282700071,74282700071
74282700084,74282700084,74282700084
74282700091,74282700091,74282700091
74282700101,74282700101,74282700101
74282700111,74282700111,74282700111
74282700121,74282700121,74282700121
74282700131,74282700131,74282700131
74282700141,74282700141,74282700141
74282700151,74282700151,74282700151
74282700161,74282700161,74282700161
74282700174,74282700174,74282700174
74282700183,74282700183,74282700183
74282700191,74282700191,74282700191
74282700201,74282700201,74282700201
74282700211,74282700211,74282700211
74282700221,74282700221,74282700221
74282700231,74282700231,74282700231
74282700246,74282700246,74282700246
74282800011,74282800011,74282800011
74282800021,74282800021,74282800021
74282800031,74282800031,74282800031
74282800044,74282800044,74282800044
74282800051,74282800051,74282800051
74282800061,74282800061,74282800061
74282800071,74282800071,74282800071
74282800086,74282800086,74282800086
74282900011,74282900011,74282900011
74282900021,74282900021,74282900021
74282900036,74282900036,74282900036
74283000011,74283000011,74283000011
74283000021,74283000021,74283000021
74283000441,74283000031,74283000031
74283000033,74283000043,74283000043
74283000393,74283000053,74283000053
74283000041,74283000091,74283000091
74283000054,74283000104,74283000104
74283000063,74283000113,74283000113
74283000351,74283000121,74283000121
74283000364,74283000144,74283000144
74283000371,74283000151,74283000151
74283000381,74283000161,74283000161
74283000401,74283000261,74283000261
74283000413,74283000273,74283000273
74283000421,74283000281,74283000281
74283000451,74283000291,74283000291
74283000071,74283000301,74283000301
74283000083,74283000313,74283000313
74283000091,74283000321,74283000321
74283000103,74283000333,74283000333
74283000111,74283000341,74283000341
74283000123,74283000353,74283000353
74283000131,74283000361,74283000361
74283000141,74283000371,74283000371
74283000293,74283000383,74283000383
74283000303,74283000393,74283000393
74283000314,74283000404,74283000404
74283000323,74283000413,74283000413
74283000331,74283000421,74283000421
74283000341,74283000431,74283000431
74283000274,74283000454,74283000454
74283000283,74283000463,74283000463
74283000153,74283000483,74283000483
74283000161,74283000491,74283000491
74283000171,74283000501,74283000501
74283000183,74283000513,74283000513
74283000191,74283000521,74283000521
74283000204,74283000534,74283000534
74283000213,74283000543,74283000543
74283000221,74283000551,74283000551
74283000253,74283000563,74283000563
74283000263,74283000573,74283000573
74283000233,74283000583,74283000583
74283000243,74283000593,74283000593
74283000436,74283000606,74283000606
74283000466,74283000616,74283000616
74284100011,74284100011,74284100011
74284100021,74284100021,74284100021
74284100031,74284100031,74284100031
74284100041,74284100041,74284100041
74284100051,74284100051,74284100051
74284100061,74284100061,74284100061
74284100071,74284100071,74284100071
74284100081,74284100081,74284100081
74284100091,74284100091,74284100091
74284100101,74284100101,74284100101
74284100114,74284100114,74284100114
74284100121,74284100121,74284100121
74284100131,74284100131,74284100131
74284100141,74284100141,74284100141
74284100151,74284100151,74284100151
74284100161,74284100161,74284100161
74284100174,74284100174,74284100174
74284100183,74284100183,74284100183
74284100233,74284100193,74284100193
74284100241,74284100201,74284100201
74284100256,74284100216,74284100216
74284100193,74284100013,74284100013
74284100201,74284100221,74284100221
74284100213,74284100033,74284100033
74284100221,74284100231,74284100231
74284300011,74284300051,74284300051
74284300021,74284300061,74284300061
74284400011,74284400011,74284400011
74284400021,74284400021,74284400021
74284400031,74284400031,74284400031
74284400041,74284400041,74284400041
74284400051,74284400051,74284400051
74284400064,74284400064,74284400064
74284400071,74284400071,74284400071
74284400081,74284400081,74284400081
74284400091,74284400091,74284400091
74284400101,74284400101,74284400101
74284400114,74284400114,74284400114
74284400121,74284400121,74284400121
74284400134,74284400134,74284400134
74284400141,74284400141,74284400141
74284400151,74284400151,74284400151
74284400161,74284400161,74284400161
74284400171,74284400171,74284400171
74284400181,74284400181,74284400181
74284400191,74284400191,74284400191
74284400201,74284400201,74284400201
74284400216,74284400216,74284400216
74284500011,74284500011,74284500011
74284500024,74284500024,74284500024
74284500031,74284500031,74284500031
74284500044,74284500044,74284500044
74284500053,74284500053,74284500053
74284500063,74284500063,74284500063
74284500071,74284500071,74284500071
74284500081,74284500081,74284500081
74284500091,74284500091,74284500091
74284500101,74284500101,74284500101
74284500111,74284500111,74284500111
74284500121,74284500121,74284500121
74284500131,74284500131,74284500131
74284700011,74284700141,74284700141
74284700021,74284700151,74284700151
74284700031,74284700161,74284700161
74284700041,74284700171,74284700171
74284700051,74284700181,74284700181
74284700064,74284700194,74284700194
74284700071,74284700201,74284700201
74284700081,74284700211,74284700211
74284900014,74284900224,74284900224
74284900021,74284900231,74284900231
74284900034,74284900244,74284900244
74284900041,74284900251,74284900251
74284900054,74284900264,74284900264
74284900061,74284900271,74284900271
74284900071,74284900281,74284900281
74284900086,74284900296,74284900296
74285000011,74285000011,74285000011
74285000024,74285000024,74285000024
74285000031,74285000031,74285000031
74285000041,74285000041,74285000041
74285000081,74285000111,74285000111
74285000071,74285000121,74285000121
74285000091,74285000131,74285000131
74285000101,74285000141,74285000141
74285000201,74285000151,74285000151
74285000211,74285000161,74285000161
74285000221,74285000171,74285000171
74285000231,74285000181,74285000181
74285000241,74285000191,74285000191
74285000251,74285000201,74285000201
74285000261,74285000211,74285000211
74285000271,74285000221,74285000221
74285000281,74285000231,74285000231
74285000114,74285000244,74285000244
74285000121,74285000251,74285000251
74285000131,74285000261,74285000261
74285000051,74285000271,74285000271
74285000061,74285000281,74285000281
74285000151,74285000291,74285000291
74285000161,74285000301,74285000301
74285000171,74285000311,74285000311
74285000181,74285000321,74285000321
74285000194,74285000334,74285000334
74285000141,74285000341,74285000341
74285000296,74285000356,74285000356
74286100011,74286100011,74286100011
74286100021,74286100021,74286100021
74286100031,74286100031,74286100031
74286200011,74286200011,74286200011
74286200021,74286200021,74286200021
74286200031,74286200031,74286200031
74286200041,74286200041,74286200041
74286200051,74286200051,74286200051
74286200064,74286200064,74286200064
74286200071,74286200071,74286200071
74286200084,74286200084,74286200084
74286200091,74286200091,74286200091
74286200104,74286200104,74286200104
74286200133,74286200163,74286200163
74286200141,74286200171,74286200171
74286200151,74286200181,74286200181
74286200161,74286200191,74286200191
74286200171,74286200201,74286200201
74286200184,74286200214,74286200214
74286200113,74286200223,74286200223
74286200123,74286200233,74286200233
74286200191,74286200241,74286200241
74286200201,74286200251,74286200251
74286200211,74286200261,74286200261
74286200221,74286200271,74286200271
74286200231,74286200281,74286200281
74286200241,74286200291,74286200291
74286200251,74286200301,74286200301
74286200261,74286200311,74286200311
74286200274,74286200324,74286200324
74286200281,74286200331,74286200331
74286200291,74286200341,74286200341
74286200301,74286200351,74286200351
74286200311,74286200361,74286200361
74286200321,74286200371,74286200371
74286200331,74286200381,74286200381
74286200341,74286200391,74286200391
74286200351,74286200401,74286200401
74286200364,74286200414,74286200414
74286200371,74286200421,74286200421
74286200386,74286200436,74286200436
74286300011,74286300011,74286300011
74286300021,74286300021,74286300021
74286300031,74286300031,74286300031
74286300041,74286300041,74286300041
74286300051,74286300051,74286300051
74286300061,74286300061,74286300061
74286300071,74286300071,74286300071
74286300081,74286300081,74286300081
74286300094,74286300094,74286300094
74286300101,74286300101,74286300101
74286300114,74286300114,74286300114
74286300121,74286300121,74286300121
74286300131,74286300131,74286300131
74286300141,74286300141,74286300141
74286300151,74286300151,74286300151
74286300161,74286300161,74286300161
74286300171,74286300171,74286300171
74286300181,74286300181,74286300181
74286300191,74286300191,74286300191
74286300201,74286300201,74286300201
74286300211,74286300211,74286300211
74286300221,74286300221,74286300221
74286300234,74286300234,74286300234
74286300241,74286300241,74286300241
74286300254,74286300254,74286300254
74286300261,74286300261,74286300261
74286300274,74286300274,74286300274
74286300281,74286300281,74286300281
74286400011,74286400011,74286400011
74286400021,74286400021,74286400021
74286400034,74286400034,74286400034
74286400043,74286400043,74286400043
74286400051,74286400051,74286400051
74286400061,74286400061,74286400061
74286400071,74286400071,74286400071
74286400084,74286400084,74286400084
74286400093,74286400093,74286400093
74286400101,74286400101,74286400101
74286400114,74286400114,74286400114
74286400124,74286400124,74286400124
74286400131,74286400131,74286400131
74286400141,74286400141,74286400141
74286400151,74286400151,74286400151
74286400164,74286400164,74286400164
74286400171,74286400171,74286400171
74286400184,74286400184,74286400184
74286400191,74286400191,74286400191
74286400204,74286400204,74286400204
74286400211,74286400211,74286400211
74286400226,74286400226,74286400226
74286700011,74286700011,74286700011
74286700024,74286700024,74286700024
74286700031,74286700031,74286700031
74286700041,74286700041,74286700041
74286700054,74286700054,74286700054
74286700061,74286700061,74286700061
74286700074,74286700074,74286700074
74286700081,74286700081,74286700081
74286700094,74286700094,74286700094
74286700101,74286700101,74286700101
74286700116,74286700116,74286700116
74287100011,74287100011,74287100011
74287100024,74287100024,74287100024
74287100031,74287100031,74287100031
74287100041,74287100041,74287100041
74287100051,74287100051,74287100051
74287100064,74287100064,74287100064
74287100071,74287100071,74287100071
74287100081,74287100081,74287100081
74287100091,74287100091,74287100091
74287200011,74287200011,74287200011
74287200021,74287200021,74287200021
74287200031,74287200031,74287200031
74287200041,74287200041,74287200041
74287200051,74287200051,74287200051
74287200061,74287200061,74287200061
74287200071,74287200071,74287200071
74287200081,74287200081,74287200081
74287200091,74287200091,74287200091
74287200101,74287200101,74287200101
74287200111,74287200111,74287200111
74287200121,74287200121,74287200121
74287200131,74287200131,74287200131
74287200141,74287200141,74287200141
74287200151,74287200151,74287200151
74287200164,74287200164,74287200164
74287200241,74287200221,74287200221
74287200254,74287200234,74287200234
74287200261,74287200241,74287200241
74287200274,74287200254,74287200254
74287200281,74287200261,74287200261
74287200291,74287200271,74287200271
74287200301,74287200281,74287200281
74287200314,74287200294,74287200294
74287200321,74287200301,74287200301
74287200334,74287200314,74287200314
74287200341,74287200321,74287200321
74287200353,74287200333,74287200333
74287200361,74287200341,74287200341
74287200371,74287200351,74287200351
74287200171,74287200361,74287200361
74287200181,74287200371,74287200371
74287200191,74287200381,74287200381
74287200204,74287200394,74287200394
74287200211,74287200401,74287200401
74287200221,74287200411,74287200411
74287200231,74287200421,74287200421
74287200531,74287200431,74287200431
74287200541,74287200441,74287200441
74287200551,74287200451,74287200451
74287200561,74287200461,74287200461
74287200571,74287200471,74287200471
74287200474,74287200484,74287200484
74287200481,74287200491,74287200491
74287200491,74287200501,74287200501
74287200501,74287200511,74287200511
74287200511,74287200521,74287200521
74287200381,74287200531,74287200531
74287200391,74287200541,74287200541
74287200401,74287200551,74287200551
74287200411,74287200561,74287200561
74287200421,74287200571,74287200571
74287200431,74287200581,74287200581
74287200444,74287200594,74287200594
74287200451,74287200601,74287200601
74287200586,74287200626,74287200626
74287200526,74287200636,74287200636
74287200466,74287200646,74287200646
74287300011,74287300011,74287300011
74287300021,74287300021,74287300021
74287300034,74287300034,74287300034
74287300041,74287300041,74287300041
74287300051,74287300051,74287300051
74287300261,74287300061,74287300061
74287300271,74287300071,74287300071
74287300281,74287300081,74287300081
74287300291,74287300091,74287300091
74287300301,74287300101,74287300101
74287300311,74287300111,74287300111
74287300321,74287300121,74287300121
74287300331,74287300131,74287300131
74287300341,74287300141,74287300141
74287300351,74287300151,74287300151
74287300361,74287300161,74287300161
74287300371,74287300171,74287300171
74287300384,74287300184,74287300184
74287300391,74287300191,74287300191
74287300401,74287300201,74287300201
74287300414,74287300214,74287300214
74287300421,74287300221,74287300221
74287300431,74287300231,74287300231
74287300441,74287300241,74287300241
74287300451,74287300251,74287300251
74287300461,74287300261,74287300261
74287300474,74287300274,74287300274
74287300061,74287300281,74287300281
74287300071,74287300291,74287300291
74287300081,74287300301,74287300301
74287300094,74287300314,74287300314
74287300131,74287300371,74287300371
74287300144,74287300384,74287300384
74287300151,74287300391,74287300391
74287300161,74287300401,74287300401
74287300531,74287300451,74287300451
74287300541,74287300461,74287300461
74287300551,74287300471,74287300471
74287300561,74287300481,74287300481
74287300571,74287300491,74287300491
74287300101,74287300501,74287300501
74287300111,74287300511,74287300511
74287300121,74287300521,74287300521
74287300591,74287300531,74287300531
74287300601,74287300541,74287300541
74287300611,74287300551,74287300551
74287300624,74287300564,74287300564
74287300631,74287300571,74287300571
74287300171,74287300581,74287300581
74287300184,74287300594,74287300594
74287300191,74287300601,74287300601
74287300201,74287300611,74287300611
74287300211,74287300621,74287300621
74287300221,74287300631,74287300631
74287300234,74287300644,74287300644
74287300241,74287300651,74287300651
74287300251,74287300661,74287300661
74287300484,74287300674,74287300674
74287300491,74287300681,74287300681
74287300504,74287300694,74287300694
74287300511,74287300701,74287300701
74287300586,74287300716,74287300716
74287300646,74287300726,74287300726
74287300526,74287300736,74287300736
74287400011,74287400011,74287400011
74287400021,74287400021,74287400021
74287400031,74287400031,74287400031
74287400041,74287400041,74287400041
74287400051,74287400051,74287400051
74287400061,74287400061,74287400061
74287400071,74287400071,74287400071
74287400081,74287400081,74287400081
74287400091,74287400091,74287400091
74287400104,74287400104,74287400104
74287400113,74287400113,74287400113
74287400123,74287400133,74287400133
74287400131,74287400141,74287400141
74287400271,74287400151,74287400151
74287400283,74287400163,74287400163
74287400293,74287400183,74287400183
74287400301,74287400191,74287400191
74287400314,74287400204,74287400204
74287400321,74287400211,74287400211
74287400334,74287400224,74287400224
74287400341,74287400231,74287400231
74287400354,74287400244,74287400244
74287400361,74287400251,74287400251
74287400374,74287400264,74287400264
74287400381,74287400271,74287400271
74287400394,74287400284,74287400284
74287400403,74287400293,74287400293
74287400411,74287400301,74287400301
74287400143,74287400313,74287400313
74287400151,74287400321,74287400321
74287400161,74287400331,74287400331
74287400171,74287400341,74287400341
74287400184,74287400354,74287400354
74287400191,74287400361,74287400361
74287400424,74287400374,74287400374
74287400434,74287400384,74287400384
74287400441,74287400391,74287400391
74287400454,74287400404,74287400404
74287400463,74287400413,74287400413
74287400473,74287400423,74287400423
74287400481,74287400431,74287400431
74287400494,74287400444,74287400444
74287400503,74287400453,74287400453
74287400993,74287400463,74287400463
74287401001,74287400471,74287400471
74287401013,74287400483,74287400483
74287401023,74287400493,74287400493
74287401031,74287400501,74287400501
74287400513,74287400513,74287400513
74287400521,74287400521,74287400521
74287400533,74287400533,74287400533
74287400551,74287400541,74287400541
74287400564,74287400554,74287400554
74287400573,74287400563,74287400563
74287400583,74287400573,74287400573
74287400594,74287400584,74287400584
74287400601,74287400591,74287400591
74287400614,74287400604,74287400604
74287400621,74287400611,74287400611
74287400631,74287400621,74287400621
74287400644,74287400634,74287400634
74287400651,74287400641,74287400641
74287400664,74287400654,74287400654
74287400673,74287400663,74287400663
74287400681,74287400671,74287400671
74287400694,74287400684,74287400684
74287400704,74287400694,74287400694
74287400711,74287400701,74287400701
74287400724,74287400714,74287400714
74287400731,74287400721,74287400721
74287400744,74287400734,74287400734
74287400954,74287400744,74287400744
74287400963,74287400753,74287400753
74287400203,74287400763,74287400763
74287400211,74287400771,74287400771
74287400221,74287400781,74287400781
74287400753,74287400793,74287400793
74287400843,74287400803,74287400803
74287400854,74287400814,74287400814
74287400863,74287400823,74287400823
74287400871,74287400831,74287400831
74287400884,74287400844,74287400844
74287400893,74287400853,74287400853
74287400763,74287400863,74287400863
74287400774,74287400874,74287400874
74287400783,74287400883,74287400883
74287400791,74287400891,74287400891
74287400801,74287400901,74287400901
74287400814,74287400914,74287400914
74287400821,74287400921,74287400921
74287400971,74287400931,74287400931
74287401063,74287400953,74287400953
74287401073,74287400963,74287400963
74287401081,74287400971,74287400971
74287400903,74287400983,74287400983
74287400911,74287400991,74287400991
74287400933,74287401003,74287401003
74287400234,74287401014,74287401014
74287400243,74287401023,74287401023
74287400253,74287401033,74287401033
74287401041,74287401051,74287401051
74287400541,74287401086,74287401086
74287400836,74287401096,74287401096
74287400986,74287401106,74287401106
74287401096,74287401116,74287401116
74287400926,74287401126,74287401126
74287401056,74287401136,74287401136
74287500011,74287500011,74287500011
74287500021,74287500021,74287500021
74287500034,74287500034,74287500034
74287500043,74287500043,74287500043
74287500053,74287500053,74287500053
74287500061,74287500061,74287500061
74287500481,74287500071,74287500071
74287500071,74287500081,74287500081
74287500084,74287500094,74287500094
74287500143,74287500113,74287500113
74287500323,74287500123,74287500123
74287500331,74287500131,74287500131
74287500341,74287500141,74287500141
74287500351,74287500151,74287500151
74287500151,74287500161,74287500161
74287500371,74287500171,74287500171
74287500161,74287500181,74287500181
74287500174,74287500194,74287500194
74287500181,74287500201,74287500201
74287500194,74287500214,74287500214
74287500201,74287500221,74287500221
74287500211,74287500231,74287500231
74287500224,74287500244,74287500244
74287500231,74287500251,74287500251
74287500244,74287500264,74287500264
74287500251,74287500271,74287500271
74287500093,74287500283,74287500283
74287500103,74287500293,74287500293
74287500111,74287500301,74287500301
74287500121,74287500311,74287500311
74287500131,74287500321,74287500321
74287500313,74287500333,74287500333
74287500261,74287500341,74287500341
74287500274,74287500354,74287500354
74287500281,74287500361,74287500361
74287500293,74287500373,74287500373
74287500301,74287500381,74287500381
74287500441,74287500391,74287500391
74287500461,74287500401,74287500401
74287500383,74287500413,74287500413
74287500394,74287500424,74287500424
74287500403,74287500433,74287500433
74287500411,74287500441,74287500441
74287500423,74287500453,74287500453
74287500431,74287500461,74287500461
74287500496,74287500476,74287500476
74287500366,74287500486,74287500486
74287500456,74287500496,74287500496
74287500476,74287500506,74287500506
74287600011,74287600011,74287600011
74287600021,74287600021,74287600021
74287600031,74287600031,74287600031
74287600531,74287600041,74287600041
74287600541,74287600051,74287600051
74287600551,74287600061,74287600061
74287600564,74287600074,74287600074
74287600041,74287600081,74287600081
74287600051,74287600091,74287600091
74287600061,74287600101,74287600101
74287600071,74287600111,74287600111
74287600084,74287600124,74287600124
74287600093,74287600133,74287600133
74287600101,74287600141,74287600141
74287600114,74287600154,74287600154
74287600121,74287600161,74287600161
74287600134,74287600174,74287600174
74287600143,74287600183,74287600183
74287600151,74287600191,74287600191
74287600164,74287600204,74287600204
74287600173,74287600213,74287600213
74287600181,74287600221,74287600221
74287600194,74287600234,74287600234
74287600201,74287600241,74287600241
74287600214,74287600254,74287600254
74287600223,74287600263,74287600263
74287600231,74287600271,74287600271
74287600241,74287600281,74287600281
74287600254,74287600294,74287600294
74287600261,74287600301,74287600301
74287600271,74287600311,74287600311
74287600281,74287600321,74287600321
74287600294,74287600334,74287600334
74287600303,74287600343,74287600343
74287600573,74287600353,74287600353
74287600581,74287600361,74287600361
74287600594,74287600374,74287600374
74287600471,74287600381,74287600381
74287600481,74287600391,74287600391
74287600491,74287600401,74287600401
74287600501,74287600411,74287600411
74287600511,74287600421,74287600421
74287600601,74287600431,74287600431
74287600613,74287600443,74287600443
74287600621,74287600451,74287600451
74287600311,74287600461,74287600461
74287600324,74287600474,74287600474
74287600331,74287600481,74287600481
74287600341,74287600491,74287600491
74287600351,74287600501,74287600501
74287600361,74287600511,74287600511
74287600371,74287600521,74287600521
74287600381,74287600531,74287600531
74287600394,74287600544,74287600544
74287600401,74287600551,74287600551
74287600414,74287600564,74287600564
74287600421,74287600571,74287600571
74287600434,74287600584,74287600584
74287600441,74287600591,74287600591
74287600451,74287600601,74287600601
74287600526,74287600626,74287600626
74287600636,74287600636,74287600636
74287600466,74287600646,74287600646
74287700011,74287700011,74287700011
74287700023,74287700023,74287700023
74287700033,74287700033,74287700033
74287700043,74287700043,74287700043
74287700061,74287700061,74287700061
74287700053,74287700073,74287700073
74287700073,74287700083,74287700083
74287700081,74287700091,74287700091
74287700093,74287700103,74287700103
74287700101,74287700111,74287700111
74287700114,74287700124,74287700124
74287700121,74287700131,74287700131
74287700131,74287700141,74287700141
74287800011,74287800011,74287800011
74287800023,74287800023,74287800023
74287800033,74287800033,74287800033
74287800041,74287800041,74287800041
74287800051,74287800051,74287800051
74287800061,74287800061,74287800061
74287800071,74287800071,74287800071
74287800084,74287800084,74287800084
74287800093,74287800091,74287800091
74287800101,74287800101,74287800101
74287800111,74287800111,74287800111
74287800121,74287800121,74287800121
74287800131,74287800131,74287800131
74287800141,74287800141,74287800141
74287800151,74287800151,74287800151
74287800161,74287800161,74287800161
74287800171,74287800171,74287800171
74287800181,74287800181,74287800181
74287800196,74287800196,74287800196
74287900011,74287900011,74287900011
74287900024,74287900024,74287900024
74287900033,74287900033,74287900033
74287900043,74287900043,74287900043
74287900051,74287900051,74287900051
74287900061,74287900061,74287900061
74288100011,74288100011,74288100011
74288100021,74288100021,74288100021
74288100031,74288100031,74288100031
74288100041,74288100041,74288100041
74288100051,74288100051,74288100051
74288100061,74288100061,74288100061
74288100071,74288100071,74288100071
74288100081,74288100081,74288100081
74288100091,74288100091,74288100091
74288100101,74288100101,74288100101
74288100111,74288100111,74288100111
74288100121,74288100121,74288100121
74288100131,74288100131,74288100131
74288200011,74288200011,74288200011
74288200024,74288200024,74288200024
74288200031,74288200031,74288200031
74288200046,74288200046,74288200046
74288300011,74288300011,74288300011
74288300021,74288300021,74288300021
74288300031,74288300031,74288300031
74288300041,74288300041,74288300041
74288500011,74288500051,74288500051
74288500021,74288500061,74288500061
74288500031,74288500071,74288500071
74288500041,74288500081,74288500081
74288500051,74288500091,74288500091
74288500061,74288500101,74288500101
74288500071,74288500111,74288500111
74288500081,74288500121,74288500121
74288500091,74288500131,74288500131
74288500101,74288500141,74288500141
74288500111,74288500151,74288500151
74288500121,74288500161,74288500161
74288500131,74288500171,74288500171
74288500141,74288500181,74288500181
74288500151,74288500191,74288500191
74288500164,74288500204,74288500204
74288500174,74288500214,74288500214
74288500181,74288500221,74288500221
74288500191,74288500231,74288500231
74288500206,74288500246,74288500246
74289100011,74289100011,74289100011
74289100024,74289100024,74289100024
74289100031,74289100031,74289100031
74289100044,74289100044,74289100044
74289100054,74289100054,74289100054
74289100061,74289100061,74289100061
74289100074,74289100074,74289100074
74289100081,74289100081,74289100081
74289300011,74289300091,74289300091
74289500011,74289500101,74289500101
74289500021,74289500111,74289500111
74289500031,74289500121,74289500121
74289500041,74289500131,74289500131
74289500051,74289500141,74289500141
74289500064,74289500154,74289500154
74289500071,74289500161,74289500161
74289500084,74289500174,74289500174
74289500091,74289500181,74289500181
74289500101,74289500191,74289500191
74289500111,74289500201,74289500201
74289500124,74289500214,74289500214
74289500131,74289500221,74289500221
74289500144,74289500234,74289500234
74289500151,74289500241,74289500241
74289500161,74289500251,74289500251
74289500171,74289500261,74289500261
74289500181,74289500271,74289500271
74289600011,74289600011,74289600011
74289600024,74289600024,74289600024
74289600033,74289600033,74289600033
74289600041,74289600041,74289600041
74289600054,74289600054,74289600054
74289600063,74289600063,74289600063
74289600071,74289600071,74289600071
74289600081,74289600081,74289600081
74289600096,74289600096,74289600096
74289700011,74289700011,74289700011
74289700021,74289700021,74289700021
74289700034,74289700034,74289700034
74289700043,74289700043,74289700043
74289700053,74289700053,74289700053
74289700061,74289700061,74289700061
74289700071,74289700071,74289700071
74289700081,74289700081,74289700081
74289700091,74289700091,74289700091
74289700101,74289700101,74289700101
74289700111,74289700111,74289700111
74289700121,74289700121,74289700121
74289700131,74289700131,74289700131
74289700146,74289700146,74289700146
74291100011,74291100011,74291100011
74291100021,74291100021,74291100021
74291100031,74291100031,74291100031
74291100041,74291100041,74291100041
74291100051,74291100051,74291100051
74291100061,74291100061,74291100061
74291100071,74291100071,74291100071
74291100081,74291100081,74291100081
74291100091,74291100091,74291100091
74291100101,74291100101,74291100101
74291100111,74291100111,74291100111
74291200011,74291200011,74291200011
74291200021,74291200021,74291200021
74291200031,74291200031,74291200031
74291200041,74291200041,74291200041
74291200051,74291200051,74291200051
74291200061,74291200061,74291200061
74291200071,74291200071,74291200071
74291200081,74291200081,74291200081
74291200091,74291200091,74291200091
74291200101,74291200101,74291200101
74291200111,74291200111,74291200111
74291200121,74291200121,74291200121
74291200131,74291200131,74291200131
74291200141,74291200141,74291200141
74291200151,74291200151,74291200151
74291200161,74291200161,74291200161
74291200171,74291200171,74291200171
74291200181,74291200181,74291200181
74291200191,74291200191,74291200191
74291200201,74291200201,74291200201
74291200211,74291200211,74291200211
74291200221,74291200221,74291200221
74291200231,74291200231,74291200231
74291200241,74291200241,74291200241
74291200251,74291200251,74291200251
74291200264,74291200264,74291200264
74291200271,74291200271,74291200271
74291200281,74291200281,74291200281
74291200291,74291200291,74291200291
74291300011,74291300011,74291300011
74291300021,74291300021,74291300021
74291300031,74291300031,74291300031
74291400011,74291400011,74291400011
74291400024,74291400024,74291400024
74291400031,74291400031,74291400031
74291400041,74291400041,74291400041
74291400051,74291400051,74291400051
74291400061,74291400061,74291400061
74291400071,74291400071,74291400071
74291400081,74291400081,74291400081
74291400091,74291400091,74291400091
74291400101,74291400101,74291400101
74291400111,74291400111,74291400111
74291400121,74291400121,74291400121
74291400134,74291400134,74291400134
74291400143,74291400143,74291400143
74291400743,74291400153,74291400153
74291400153,74291400163,74291400163
74291400163,74291400173,74291400173
74291400183,74291400183,74291400183
74291400173,74291400193,74291400193
74291400673,74291400203,74291400203
74291400603,74291400213,74291400213
74291400213,74291400263,74291400263
74291400203,74291400273,74291400273
74291400223,74291400283,74291400283
74291400233,74291400293,74291400293
74291400243,74291400303,74291400303
74291400253,74291400313,74291400313
74291400493,74291400323,74291400323
74291400263,74291400333,74291400333
74291400271,74291400341,74291400341
74291400283,74291400353,74291400353
74291400291,74291400361,74291400361
74291400303,74291400373,74291400373
74291400503,74291400383,74291400383
74291400511,74291400391,74291400391
74291400311,74291400401,74291400401
74291400324,74291400414,74291400414
74291400333,74291400423,74291400423
74291400343,74291400433,74291400433
74291400353,74291400443,74291400443
74291400363,74291400453,74291400453
74291400373,74291400463,74291400463
74291400383,74291400473,74291400473
74291400391,74291400481,74291400481
74291400423,74291400543,74291400543
74291400433,74291400553,74291400553
74291400443,74291400563,74291400563
74291400453,74291400573,74291400573
74291400463,74291400583,74291400583
74291400471,74291400591,74291400591
74291400643,74291400603,74291400603
74291400651,74291400611,74291400611
74291400613,74291400623,74291400623
74291400621,74291400631,74291400631
74291400523,74291400643,74291400643
74291400193,74291400653,74291400653
74291400413,74291400663,74291400663
74291400543,74291400673,74291400673
74291400553,74291400683,74291400683
74291400563,74291400693,74291400693
74291400571,74291400701,74291400701
74291400581,74291400711,74291400711
74291400723,74291400723,74291400723
74291400683,74291400733,74291400733
74291400693,74291400743,74291400743
74291400701,74291400751,74291400751
74291400756,74291400766,74291400766
74291400406,74291400776,74291400776
74291400486,74291400786,74291400786
74291400666,74291400796,74291400796
74291400636,74291400806,74291400806
74291400536,74291400816,74291400816
74291400596,74291400826,74291400826
74291400736,74291400836,74291400836
74291400716,74291400846,74291400846
74291500011,74291500011,74291500011
74291500021,74291500021,74291500021
74291500031,74291500031,74291500031
74291500041,74291500041,74291500041
74291500051,74291500051,74291500051
74291500061,74291500061,74291500061
74291500071,74291500071,74291500071
74291500081,74291500081,74291500081
74291500091,74291500091,74291500091
74291600011,74291600011,74291600011
74291600021,74291600021,74291600021
74291600036,74291600036,74291600036
74291700011,74291700011,74291700011
74291700021,74291700021,74291700021
74291700031,74291700031,74291700031
74291700041,74291700041,74291700041
74291700051,74291700051,74291700051
74291700061,74291700061,74291700061
74291700071,74291700071,74291700071
74291700081,74291700081,74291700081
74291700091,74291700091,74291700091
74291700101,74291700101,74291700101
74291700111,74291700111,74291700111
74291700121,74291700121,74291700121
74291700131,74291700131,74291700131
74291700141,74291700141,74291700141
74291700156,74291700156,74291700156
74291800011,74291800011,74291800011
74291800021,74291800021,74291800021
74291800031,74291800031,74291800031
74291800041,74291800041,74291800041
74291800051,74291800051,74291800051
74291800061,74291800061,74291800061
74291800076,74291800076,74291800076
74291900011,74291900011,74291900011
74291900021,74291900021,74291900021
74291900031,74291900031,74291900031
74291900041,74291900041,74291900041
74291900051,74291900051,74291900051
74291900061,74291900061,74291900061
74291900071,74291900071,74291900071
74291900081,74291900081,74291900081
74291900091,74291900091,74291900091
74291900101,74291900101,74291900101
74291900111,74291900111,74291900111
74291900121,74291900121,74291900121
74291900131,74291900131,74291900131
74291900141,74291900141,74291900141
74291900151,74291900151,74291900151
74291900161,74291900161,74291900161
74292100011,74292100051,74292100051
74292100021,74292100061,74292100061
74292100034,74292100074,74292100074
74292100041,74292100081,74292100081
74292100051,74292100091,74292100091
74292100061,74292100101,74292100101
74292100071,74292100111,74292100111
74292100084,74292100124,74292100124
74292100091,74292100131,74292100131
74292100101,74292100141,74292100141
74292100111,74292100151,74292100151
74292100124,74292100164,74292100164
74292100131,74292100171,74292100171
74292100144,74292100184,74292100184
74292100151,74292100191,74292100191
74292100161,74292100201,74292100201
74292100171,74292100211,74292100211
74292100181,74292100221,74292100221
74292100191,74292100231,74292100231
74292100201,74292100241,74292100241
74292100211,74292100251,74292100251
74292100221,74292100261,74292100261
74292200011,74292200011,74292200011
74292200024,74292200024,74292200024
74292200033,74292200033,74292200033
74292200041,74292200041,74292200041
74292200051,74292200051,74292200051
74292200061,74292200061,74292200061
74292200071,74292200071,74292200071
74292200081,74292200081,74292200081
74292200091,74292200091,74292200091
74292200101,74292200101,74292200101
74292200111,74292200111,74292200111
74292200121,74292200121,74292200121
74292200131,74292200131,74292200131
74292200141,74292200141,74292200141
74292200151,74292200151,74292200151
74292200161,74292200161,74292200161
74292200181,74292200171,74292200171
74292200191,74292200181,74292200181
74292200201,74292200191,74292200191
74292200211,74292200201,74292200201
74292200221,74292200211,74292200211
74292200231,74292200221,74292200221
74292200176,74292200236,74292200236
74292200246,74292200246,74292200246
74292300011,74292300011,74292300011
74292300021,74292300021,74292300021
74292300031,74292300031,74292300031
74292400011,74292400011,74292400011
74292400021,74292400021,74292400021
74292400031,74292400031,74292400031
74292400041,74292400041,74292400041
74292400051,74292400051,74292400051
74292400061,74292400061,74292400061
74292400071,74292400071,74292400071
74292400081,74292400081,74292400081
74292400091,74292400091,74292400091
74292400101,74292400101,74292400101
74292400111,74292400111,74292400111
74292400121,74292400121,74292400121
74292400141,74292400131,74292400131
74292400151,74292400141,74292400141
74292400161,74292400151,74292400151
74292400171,74292400161,74292400161
74292400181,74292400171,74292400171
74292400136,74292400186,74292400186
74292400196,74292400196,74292400196
74292500011,74292500011,74292500011
74292500024,74292500024,74292500024
74292500033,74292500033,74292500033
74292500043,74292500043,74292500043
74292500051,74292500051,74292500051
74292500061,74292500061,74292500061
74292500071,74292500071,74292500071
74292500081,74292500081,74292500081
74292500091,74292500091,74292500091
74292500101,74292500101,74292500101
74292500111,74292500111,74292500111
74292500121,74292500121,74292500121
74292500131,74292500131,74292500131
74292500141,74292500141,74292500141
74292500151,74292500151,74292500151
74292500161,74292500161,74292500161
74292500171,74292500171,74292500171
74292500181,74292500181,74292500181
74292500191,74292500191,74292500191
74292500201,74292500201,74292500201
74292500211,74292500211,74292500211
74292500221,74292500221,74292500221
74292500231,74292500231,74292500231
74292500241,74292500241,74292500241
74292500251,74292500251,74292500251
74292500261,74292500261,74292500261
74292500271,74292500271,74292500271
74292500281,74292500281,74292500281
74292500291,74292500291,74292500291
74292500301,74292500301,74292500301
74292500311,74292500311,74292500311
74292500321,74292500321,74292500321
74292500331,74292500331,74292500331
74292500344,74292500344,74292500344
74292500353,74292500353,74292500353
74292500363,74292500363,74292500363
74292500371,74292500371,74292500371
74292500381,74292500381,74292500381
74292700011,74292700391,74292700391
74292700021,74292700401,74292700401
74292700031,74292700411,74292700411
74292700041,74292700421,74292700421
74292700051,74292700431,74292700431
74292700061,74292700441,74292700441
74292700071,74292700451,74292700451
74292700081,74292700461,74292700461
74292700091,74292700471,74292700471
74292700101,74292700481,74292700481
74292700111,74292700491,74292700491
74292700121,74292700501,74292700501
74292900011,74292900511,74292900511
74292900021,74292900521,74292900521
74292900034,74292900534,74292900534
74292900043,74292900543,74292900543
74292900051,74292900551,74292900551
74292900061,74292900561,74292900561
74292900071,74292900011,74292900011
74292900081,74292900021,74292900021
74292900091,74292900031,74292900031
74292900101,74292900041,74292900041
74292900116,74292900056,74292900056
74293100011,74293100011,74293100011
74293100021,74293100021,74293100021
74293100031,74293100031,74293100031
74293300011,74293300041,74293300041
74293300021,74293300051,74293300051
74293300031,74293300061,74293300061
74293300041,74293300071,74293300071
74293300051,74293300081,74293300081
74293300061,74293300091,74293300091
74293300071,74293300101,74293300101
74293300081,74293300111,74293300111
74293300091,74293300121,74293300121
74293300101,74293300131,74293300131
74293400011,74293400011,74293400011
74293400021,74293400021,74293400021
74293400031,74293400031,74293400031
74293400041,74293400041,74293400041
74293400051,74293400051,74293400051
74293400061,74293400061,74293400061
74293400071,74293400071,74293400071
74293400084,74293400084,74293400084
74293400091,74293400091,74293400091
74293400101,74293400101,74293400101
74293400111,74293400111,74293400111
74293400121,74293400121,74293400121
74293400136,74293400136,74293400136
74293500011,74293500011,74293500011
74293500021,74293500021,74293500021
74293500031,74293500031,74293500031
74293700011,74293700011,74293700011
74293700021,74293700021,74293700021
74293700031,74293700031,74293700031
74293700041,74293700041,74293700041
74293700051,74293700051,74293700051
74293700061,74293700061,74293700061
74293800011,74293800011,74293800011
74293800021,74293800021,74293800021
74293800031,74293800031,74293800031
74293800041,74293800041,74293800041
74293800051,74293800051,74293800051
74293800061,74293800061,74293800061
74293800071,74293800071,74293800071
74293800081,74293800081,74293800081
74293800091,74293800091,74293800091
74293800101,74293800101,74293800101
74293800111,74293800111,74293800111
74293800126,74293800126,74293800126
74293900011,74293900011,74293900011
74293900021,74293900021,74293900021
74293900031,74293900031,74293900031
74293900041,74293900041,74293900041
74293900051,74293900051,74293900051
74293900061,74293900061,74293900061
74294100011,74294100011,74294100011
74294100021,74294100021,74294100021
74294100031,74294100031,74294100031
74294100041,74294100041,74294100041
74294200011,74294200011,74294200011
74294200021,74294200021,74294200021
74294200031,74294200031,74294200031
74294200041,74294200041,74294200041
74294200051,74294200051,74294200051
74294200061,74294200061,74294200061
74294200071,74294200071,74294200071
74294200081,74294200081,74294200081
74294200091,74294200091,74294200091
74294200101,74294200101,74294200101
74294200111,74294200111,74294200111
74294200121,74294200121,74294200121
74294200131,74294200131,74294200131
74294200141,74294200141,74294200141
74294200151,74294200151,74294200151
74294200161,74294200161,74294200161
74294200171,74294200171,74294200171
74294200181,74294200181,74294200181
74294200191,74294200191,74294200191
74294200201,74294200201,74294200201
74294200211,74294200211,74294200211
74294200221,74294200221,74294200221
74294200231,74294200231,74294200231
74294200241,74294200241,74294200241
74294200251,74294200251,74294200251
74294200266,74294200266,74294200266
74294300011,74294300011,74294300011
74294300021,74294300021,74294300021
74294300031,74294300031,74294300031
74294300041,74294300041,74294300041
74294300051,74294300051,74294300051
74294300061,74294300061,74294300061
74294300071,74294300071,74294300071
74294300081,74294300081,74294300081
74294300091,74294300091,74294300091
74294400011,74294400011,74294400011
74294400021,74294400021,74294400021
74294400031,74294400031,74294400031
74294400041,74294400041,74294400041
74294400051,74294400051,74294400051
74294400621,74294400061,74294400061
74294400631,74294400071,74294400071
74294400641,74294400081,74294400081
74294400651,74294400091,74294400091
74294400661,74294400101,74294400101
74294400671,74294400111,74294400111
74294400681,74294400121,74294400121
74294400061,74294400131,74294400131
74294400071,74294400141,74294400141
74294400081,74294400151,74294400151
74294400321,74294400161,74294400161
74294400331,74294400171,74294400171
74294400341,74294400181,74294400181
74294400571,74294400191,74294400191
74294400581,74294400201,74294400201
74294400591,74294400211,74294400211
74294400601,74294400221,74294400221
74294400091,74294400231,74294400231
74294400101,74294400241,74294400241
74294400111,74294400251,74294400251
74294400121,74294400261,74294400261
74294400134,74294400274,74294400274
74294400141,74294400281,74294400281
74294400151,74294400291,74294400291
74294400161,74294400301,74294400301
74294400171,74294400311,74294400311
74294400181,74294400321,74294400321
74294400191,74294400331,74294400331
74294400201,74294400341,74294400341
74294400211,74294400351,74294400351
74294400221,74294400361,74294400361
74294400231,74294400371,74294400371
74294400241,74294400381,74294400381
74294400251,74294400391,74294400391
74294400261,74294400401,74294400401
74294400271,74294400411,74294400411
74294400281,74294400421,74294400421
74294400291,74294400431,74294400431
74294400301,74294400441,74294400441
74294400351,74294400451,74294400451
74294400361,74294400461,74294400461
74294400371,74294400471,74294400471
74294400381,74294400481,74294400481
74294400391,74294400491,74294400491
74294400401,74294400501,74294400501
74294400411,74294400511,74294400511
74294400421,74294400521,74294400521
74294400431,74294400531,74294400531
74294400441,74294400541,74294400541
74294400451,74294400551,74294400551
74294400461,74294400561,74294400561
74294400471,74294400571,74294400571
74294400481,74294400581,74294400581
74294400491,74294400591,74294400591
74294400501,74294400601,74294400601
74294400521,74294400611,74294400611
74294400531,74294400621,74294400621
74294400541,74294400631,74294400631
74294400551,74294400641,74294400641
74294400696,74294400656,74294400656
74294400616,74294400666,74294400666
74294400316,74294400676,74294400676
74294400516,74294400686,74294400686
74294500011,74294500011,74294500011
74294500021,74294500021,74294500021
74294500031,74294500031,74294500031
74294500041,74294500041,74294500041
74294500051,74294500051,74294500051
74294500061,74294500061,74294500061
74294500071,74294500071,74294500071
74294500081,74294500081,74294500081
74294500311,74294500091,74294500091
74294500321,74294500101,74294500101
74294500121,74294500111,74294500111
74294500331,74294500121,74294500121
74294500131,74294500151,74294500151
74294500141,74294500161,74294500161
74294500151,74294500171,74294500171
74294500161,74294500181,74294500181
74294500171,74294500191,74294500191
74294500181,74294500201,74294500201
74294500191,74294500211,74294500211
74294500201,74294500221,74294500221
74294500211,74294500231,74294500231
74294500221,74294500241,74294500241
74294500231,74294500251,74294500251
74294500241,74294500261,74294500261
74294500251,74294500271,74294500271
74294500261,74294500281,74294500281
74294500271,74294500291,74294500291
74294500281,74294500301,74294500301
74294500293,74294500313,74294500313
74294500091,74294500321,74294500321
74294500101,74294500331,74294500331
74294500111,74294500341,74294500341
74294500341,74294500351,74294500351
74294500351,74294500361,74294500361
74294500303,74294500013,74294500013
74294600011,74294600021,74294600021
74294600021,74294600031,74294600031
74294600031,74294600041,74294600041
74294600041,74294600051,74294600051
74294600051,74294600061,74294600061
74294600061,74294600071,74294600071
74294600071,74294600081,74294600081
74294600081,74294600091,74294600091
74294600091,74294600101,74294600101
74294600101,74294600111,74294600111
74294600111,74294600121,74294600121
74294600121,74294600131,74294600131
74294600131,74294600141,74294600141
74294600141,74294600151,74294600151
74294600151,74294600161,74294600161
74294600161,74294600171,74294600171
74294600171,74294600181,74294600181
74294600181,74294600191,74294600191
74294600191,74294600201,74294600201
74294600201,74294600211,74294600211
74294600211,74294600221,74294600221
74294600221,74294600231,74294600231
74294600231,74294600241,74294600241
74294600241,74294600251,74294600251
74294600251,74294600261,74294600261
74294600261,74294600271,74294600271
74294600271,74294600281,74294600281
74294600281,74294600291,74294600291
74294600291,74294600301,74294600301
74294600301,74294600311,74294600311
74294600311,74294600321,74294600321
74294600321,74294600331,74294600331
74294600331,74294600341,74294600341
74294600341,74294600351,74294600351
74294600351,74294600361,74294600361
74294600364,74294600374,74294600374
74294600371,74294600381,74294600381
74294600384,74294600394,74294600394
74294600391,74294600401,74294600401
74294600401,74294600411,74294600411
74294600411,74294600421,74294600421
74294600424,74294600434,74294600434
74294600431,74294600441,74294600441
74294600444,74294600454,74294600454
74294600454,74294600464,74294600464
74294600461,74294600471,74294600471
74294600474,74294600484,74294600484
74294600481,74294600491,74294600491
74294600494,74294600504,74294600504
74294600504,74294600514,74294600514
74294600511,74294600521,74294600521
74294600524,74294600534,74294600534
74294600534,74294600544,74294600544
74294600544,74294600554,74294600554
74294600554,74294600564,74294600564
74294600564,74294600574,74294600574
74294600571,74294600581,74294600581
74294600584,74294600594,74294600594
74294600596,74294600616,74294600616
74294700011,74294700011,74294700011
74294700021,74294700021,74294700021
74294700031,74294700031,74294700031
74294700041,74294700041,74294700041
74294700051,74294700051,74294700051
74294700061,74294700061,74294700061
74294700071,74294700071,74294700071
74294700081,74294700081,74294700081
74294700091,74294700091,74294700091
74294700103,74294700103,74294700103
74294700113,74294700113,74294700113
74294700123,74294700123,74294700123
74294700131,74294700131,74294700131
74294700141,74294700141,74294700141
74294700151,74294700151,74294700151
74294700161,74294700161,74294700161
74294700171,74294700171,74294700171
74294700181,74294700181,74294700181
74294700191,74294700191,74294700191
74294700201,74294700201,74294700201
74294700211,74294700211,74294700211
74294700221,74294700101,74294700101
74294700231,74294700111,74294700111
74294700241,74294700121,74294700121
74294700251,74294700221,74294700221
74294700261,74294700231,74294700231
74294700271,74294700241,74294700241
74294700281,74294700251,74294700251
74294700291,74294700261,74294700261
74294700304,74294700184,74294700184
74294700311,74294700271,74294700271
74294700324,74294700204,74294700204
74294700331,74294700281,74294700281
74294700344,74294700224,74294700224
74294700351,74294700291,74294700291
74294900014,74294900244,74294900244
74294900021,74294900251,74294900251
74294900034,74294900264,74294900264
74294900044,74294900274,74294900274
74294900051,74294900281,74294900281
74294900064,74294900294,74294900294
74294900073,74294900303,74294900303
74294900081,74294900311,74294900311
74294900091,74294900321,74294900321
74294900104,74294900334,74294900334
74294900113,74294900343,74294900343
74294900121,74294900351,74294900351
74294900131,74294900361,74294900361
74294900144,74294900374,74294900374
74294900151,74294900381,74294900381
74294900161,74294900391,74294900391
74294900171,74294900401,74294900401
74294900181,74294900411,74294900411
74294900194,74294900424,74294900424
74294900201,74294900431,74294900431
74294900211,74294900441,74294900441
74294900221,74294900451,74294900451
74294900231,74294900461,74294900461
74294900241,74294900471,74294900471
74294900254,74294900484,74294900484
74294900383,74294900493,74294900493
74294900391,74294900501,74294900501
74294900404,74294900514,74294900514
74294900413,74294900523,74294900523
74294900423,74294900533,74294900533
74294900431,74294900541,74294900541
74294900443,74294900553,74294900553
74294900451,74294900561,74294900561
74294900464,74294900574,74294900574
74294900471,74294900581,74294900581
74294900481,74294900591,74294900591
74294900494,74294900604,74294900604
74294900503,74294900613,74294900613
74294900783,74294900623,74294900623
74294900733,74294900633,74294900633
74294900743,74294900643,74294900643
74294900751,74294900651,74294900651
74294900761,74294900661,74294900661
74294900513,74294900673,74294900673
74294900523,74294900683,74294900683
74294900531,74294900691,74294900691
74294900541,74294900701,74294900701
74294900551,74294900711,74294900711
74294900561,74294900721,74294900721
74294900571,74294900731,74294900731
74294900581,74294900741,74294900741
74294900591,74294900751,74294900751
74294900601,74294900761,74294900761
74294900611,74294900771,74294900771
74294900621,74294900781,74294900781
74294900631,74294900791,74294900791
74294900641,74294900801,74294900801
74294900651,74294900811,74294900811
74294900661,74294900821,74294900821
74294900671,74294900831,74294900831
74294900681,74294900841,74294900841
74294900691,74294900851,74294900851
74294900701,74294900861,74294900861
74294900711,74294900871,74294900871
74294900264,74294900884,74294900884
74294900274,74294900894,74294900894
74294900281,74294900901,74294900901
74294900291,74294900911,74294900911
74294900301,74294900921,74294900921
74294900311,74294900931,74294900931
74294900321,74294900941,74294900941
74294900331,74294900951,74294900951
74294900344,74294900964,74294900964
74294900353,74294900973,74294900973
74294900361,74294900981,74294900981
74294900374,74294900994,74294900994
74294900796,74294901006,74294901006
74294900776,74294901016,74294901016
74294900726,74294901026,74294901026
74295100071,74295100031,74295100031
74295100081,74295100041,74295100041
74295100091,74295100051,74295100051
74295100101,74295100061,74295100061
74295100111,74295100071,74295100071
74295100121,74295100081,74295100081
74295100131,74295100091,74295100091
74295100141,74295100101,74295100101
74295100151,74295100111,74295100111
74295100161,74295100121,74295100121
74295100171,74295100131,74295100131
74295100181,74295100141,74295100141
74295100191,74295100151,74295100151
74295100011,74295100301,74295100301
74295100021,74295100311,74295100311
74295100031,74295100321,74295100321
74295100041,74295100331,74295100331
74295100051,74295100341,74295100341
74295100061,74295100351,74295100351
74295100231,74295100371,74295100371
74295100241,74295100381,74295100381
74295100251,74295100391,74295100391
74295100261,74295100401,74295100401
74295100271,74295100411,74295100411
74295100281,74295100421,74295100421
74295100291,74295100431,74295100431
74295100301,74295100441,74295100441
74295100311,74295100451,74295100451
74295100321,74295100461,74295100461
74295100204,74295100504,74295100504
74295100211,74295100511,74295100511
74295100221,74295100521,74295100521
74295100336,74295100546,74295100546
74295200011,74295200011,74295200011
74295200021,74295200021,74295200021
74295200031,74295200031,74295200031
74295200041,74295200041,74295200041
74295200051,74295200051,74295200051
74295200061,74295200061,74295200061
74295200071,74295200071,74295200071
74295200081,74295200081,74295200081
74295200091,74295200091,74295200091
74295200101,74295200101,74295200101
74295200111,74295200111,74295200111
74295200121,74295200121,74295200121
74295200131,74295200131,74295200131
74295200141,74295200141,74295200141
74295200151,74295200151,74295200151
74295200161,74295200161,74295200161
74295200171,74295200171,74295200171
74295200181,74295200181,74295200181
74295200196,74295200196,74295200196
74295300011,74295300011,74295300011
74295300021,74295300021,74295300021
74295300031,74295300031,74295300031
74295300041,74295300041,74295300041
74295300051,74295300051,74295300051
74295300061,74295300061,74295300061
74295300071,74295300071,74295300071
74295300081,74295300081,74295300081
74295400011,74295400011,74295400011
74295400021,74295400021,74295400021
74295400031,74295400031,74295400031
74295400041,74295400041,74295400041
74295400051,74295400051,74295400051
74295400061,74295400061,74295400061
74295400071,74295400071,74295400071
74295400081,74295400081,74295400081
74295400091,74295400091,74295400091
74295400101,74295400101,74295400101
74295400111,74295400111,74295400111
74295400121,74295400121,74295400121
74295400131,74295400131,74295400131
74295400141,74295400141,74295400141
74295400151,74295400151,74295400151
74295400161,74295400161,74295400161
74295400171,74295400171,74295400171
74295400181,74295400181,74295400181
74295400191,74295400191,74295400191
74295400201,74295400201,74295400201
74295400211,74295400211,74295400211
74295400221,74295400221,74295400221
74295400231,74295400231,74295400231
74295400241,74295400241,74295400241
74295400251,74295400251,74295400251
74295400261,74295400261,74295400261
74295400271,74295400271,74295400271
74295400281,74295400281,74295400281
74295400294,74295400294,74295400294
74295400301,74295400301,74295400301
74295400311,74295400311,74295400311
74295400321,74295400321,74295400321
74295400331,74295400331,74295400331
74295400346,74295400346,74295400346
74295500011,74295500011,74295500011
74295500024,74295500024,74295500024
74295500033,74295500033,74295500033
74295500043,74295500043,74295500043
74295500051,74295500051,74295500051
74295500063,74295500063,74295500063
74295500071,74295500071,74295500071
74295600011,74295600011,74295600011
74295600471,74295600021,74295600021
74295600481,74295600031,74295600031
74295600491,74295600041,74295600041
74295600021,74295600051,74295600051
74295600031,74295600061,74295600061
74295600041,74295600071,74295600071
74295600051,74295600081,74295600081
74295600061,74295600091,74295600091
74295600071,74295600101,74295600101
74295600081,74295600111,74295600111
74295600091,74295600121,74295600121
74295600101,74295600131,74295600131
74295600111,74295600141,74295600141
74295600121,74295600151,74295600151
74295600131,74295600161,74295600161
74295600141,74295600171,74295600171
74295600151,74295600181,74295600181
74295600161,74295600191,74295600191
74295600171,74295600201,74295600201
74295600184,74295600214,74295600214
74295600191,74295600221,74295600221
74295600204,74295600234,74295600234
74295600211,74295600241,74295600241
74295600224,74295600254,74295600254
74295600441,74295600261,74295600261
74295600451,74295600271,74295600271
74295600231,74295600281,74295600281
74295600244,74295600294,74295600294
74295600251,74295600301,74295600301
74295600264,74295600314,74295600314
74295600271,74295600321,74295600321
74295600281,74295600331,74295600331
74295600291,74295600341,74295600341
74295600301,74295600351,74295600351
74295600311,74295600361,74295600361
74295600321,74295600371,74295600371
74295600331,74295600381,74295600381
74295600341,74295600391,74295600391
74295600351,74295600401,74295600401
74295600361,74295600411,74295600411
74295600371,74295600421,74295600421
74295600381,74295600431,74295600431
74295600391,74295600441,74295600441
74295600401,74295600451,74295600451
74295600411,74295600461,74295600461
74295600421,74295600471,74295600471
74295600506,74295600496,74295600496
74295600466,74295600506,74295600506
74295600436,74295600516,74295600516
74295700011,74295700011,74295700011
74295700021,74295700021,74295700021
74295700031,74295700031,74295700031
74295700041,74295700041,74295700041
74295700051,74295700051,74295700051
74295700061,74295700061,74295700061
74295700074,74295700074,74295700074
74295700083,74295700083,74295700083
74295700093,74295700093,74295700093
74295700103,74295700103,74295700103
74295700113,74295700113,74295700113
74295700123,74295700123,74295700123
74295700133,74295700133,74295700133
74295700143,74295700143,74295700143
74295700153,74295700153,74295700153
74295700163,74295700163,74295700163
74295700173,74295700173,74295700173
74295700183,74295700183,74295700183
74295700193,74295700193,74295700193
74295900011,74295900301,74295900301
74295900023,74295900313,74295900313
74295800011,74295800011,74295800011
74295800021,74295800021,74295800021
74295800031,74295800031,74295800031
74295800041,74295800041,74295800041
74295800051,74295800051,74295800051
74295800061,74295800061,74295800061
74295800071,74295800071,74295800071
74295800081,74295800081,74295800081
74295800091,74295800091,74295800091
74295800101,74295800101,74295800101
74295800111,74295800111,74295800111
74295800121,74295800121,74295800121
74295800131,74295800131,74295800131
74295800141,74295800141,74295800141
74295800151,74295800151,74295800151
74295800161,74295800161,74295800161
74295800461,74295800171,74295800171
74295800171,74295800181,74295800181
74295800181,74295800191,74295800191
74295800191,74295800201,74295800201
74295800201,74295800211,74295800211
74295800211,74295800221,74295800221
74295800221,74295800231,74295800231
74295800231,74295800241,74295800241
74295800241,74295800251,74295800251
74295800251,74295800261,74295800261
74295800261,74295800271,74295800271
74295800271,74295800281,74295800281
74295800281,74295800291,74295800291
74295800291,74295800301,74295800301
74295800301,74295800311,74295800311
74295800311,74295800321,74295800321
74295800321,74295800331,74295800331
74295800331,74295800341,74295800341
74295800341,74295800351,74295800351
74295800351,74295800361,74295800361
74295800361,74295800371,74295800371
74295800371,74295800381,74295800381
74295800381,74295800391,74295800391
74295800391,74295800401,74295800401
74295800401,74295800411,74295800411
74295800411,74295800421,74295800421
74295800421,74295800431,74295800431
74295800431,74295800441,74295800441
74295800441,74295800451,74295800451
74295800456,74295800476,74295800476
74295900303,74295900013,74295900013
74295900033,74295900023,74295900023
74295900043,74295900033,74295900033
74295900053,74295900043,74295900043
74295900063,74295900053,74295900053
74295900263,74295900063,74295900063
74295900253,74295900073,74295900073
74295900273,74295900083,74295900083
74295900073,74295900103,74295900103
74295900084,74295900114,74295900114
74295900093,74295900123,74295900123
74295900103,74295900133,74295900133
74295900113,74295900143,74295900143
74295900123,74295900153,74295900153
74295900133,74295900163,74295900163
74295900143,74295900173,74295900173
74295900153,74295900183,74295900183
74295900163,74295900193,74295900193
74295900171,74295900201,74295900201
74295900183,74295900213,74295900213
74295900191,74295900221,74295900221
74295900203,74295900233,74295900233
74295900211,74295900241,74295900241
74295900224,74295900254,74295900254
74295900233,74295900263,74295900263
74295900293,74295900273,74295900273
74295900283,74295900283,74295900283
74295900243,74295900293,74295900293
74296100013,74296100013,74296100013
74296100023,74296100023,74296100023
74296100033,74296100033,74296100033
74296100043,74296100043,74296100043
74296100051,74296100021,74296100021
74296100061,74296100031,74296100031
74296100071,74296100041,74296100041
74296300011,74296300051,74296300051
74296300021,74296300061,74296300061
74296300031,74296300071,74296300071
74296300041,74296300081,74296300081
74296300051,74296300091,74296300091
74296300061,74296300101,74296300101
74296300071,74296300111,74296300111
74296300081,74296300121,74296300121
74296400011,74296400011,74296400011
74296400021,74296400021,74296400021
74296400031,74296400031,74296400031
74296400041,74296400041,74296400041
74296400051,74296400051,74296400051
74296400061,74296400061,74296400061
74296400071,74296400071,74296400071
74296400081,74296400081,74296400081
74296400091,74296400091,74296400091
74296400104,74296400104,74296400104
74296400111,74296400111,74296400111
74296400126,74296400126,74296400126
74296500011,74296500011,74296500011
74296500021,74296500021,74296500021
74296500031,74296500031,74296500031
74296500041,74296500041,74296500041
74296500051,74296500051,74296500051
74296500071,74296500061,74296500061
74296500081,74296500071,74296500071
74296500091,74296500081,74296500081
74296500101,74296500091,74296500091
74296500061,74296500106,74296500106
74296500116,74296500116,74296500116
74297100013,74297100013,74297100013
74297100023,74297100023,74297100023
74297100033,74297100033,74297100033
74297100043,74297100043,74297100043
74297100053,74297100053,74297100053
74297100063,74297100063,74297100063
74297100073,74297100073,74297100073
74297200013,74297200013,74297200013
74297200023,74297200023,74297200023
74297200036,74297200036,74297200036
74297300043,74297300013,74297300013
74297300033,74297300023,74297300023
74297300023,74297300033,74297300033
74297300013,74297300043,74297300043
74297400013,74297400013,74297400013
74297400026,74297400026,74297400026
74297500013,74297500013,74297500013
74297500023,74297500023,74297500023
74297500033,74297500033,74297500033
74297500043,74297500043,74297500043
74297500053,74297500053,74297500053
74297500063,74297500063,74297500063
74297500073,74297500073,74297500073
74297500083,74297500083,74297500083
74297500093,74297500093,74297500093
74297500103,74297500103,74297500103
74297500113,74297500113,74297500113
74297700013,74297700123,74297700123
74297700023,74297700133,74297700133
74297700033,74297700143,74297700143
74297700043,74297700153,74297700153
74297700053,74297700163,74297700163
74297700063,74297700173,74297700173
74297700073,74297700183,74297700183
74297700081,74297700191,74297700191
74297700093,74297700203,74297700203
74297700101,74297700211,74297700211
74297700111,74297700221,74297700221
74297700121,74297700231,74297700231
74297700131,74297700241,74297700241
74297700141,74297700251,74297700251
74297700151,74297700261,74297700261
74297700161,74297700271,74297700271
74297700174,74297700284,74297700284
74297700183,74297700293,74297700293
74297700193,74297700303,74297700303
74297700323,74297700313,74297700313
74297700253,74297700323,74297700323
74297700203,74297700333,74297700333
74297700213,74297700343,74297700343
74297700223,74297700353,74297700353
74297700243,74297700373,74297700373
74297700233,74297700383,74297700383
74297700293,74297700393,74297700393
74297700301,74297700401,74297700401
74297700263,74297700413,74297700413
74297700271,74297700421,74297700421
74297700336,74297700436,74297700436
74297700316,74297700446,74297700446
74297700286,74297700456,74297700456
74297800013,74297800013,74297800013
74297800023,74297800023,74297800023
74297800031,74297800031,74297800031
74297800041,74297800041,74297800041
74297800051,74297800051,74297800051
74297800061,74297800061,74297800061
74297800071,74297800071,74297800071
74297800081,74297800081,74297800081
74297800091,74297800091,74297800091
74297800101,74297800101,74297800101
74297800111,74297800111,74297800111
74297800121,74297800121,74297800121
74297800131,74297800131,74297800131
74297800141,74297800141,74297800141
74297800151,74297800151,74297800151
74297800161,74297800161,74297800161
74297800171,74297800171,74297800171
74297800181,74297800181,74297800181
74297800191,74297800191,74297800191
74297800201,74297800201,74297800201
74297800211,74297800211,74297800211
74297800221,74297800221,74297800221
74297800231,74297800231,74297800231
74297800241,74297800241,74297800241
74297800251,74297800251,74297800251
74297800261,74297800261,74297800261
74297800271,74297800271,74297800271
74297800281,74297800281,74297800281
74297800291,74297800291,74297800291
74297800301,74297800301,74297800301
74297800311,74297800311,74297800311
74297800321,74297800321,74297800321
74297800331,74297800331,74297800331
74297800341,74297800341,74297800341
74297800351,74297800351,74297800351
74297800361,74297800361,74297800361
74297800371,74297800371,74297800371
74297800381,74297800381,74297800381
74297800391,74297800391,74297800391
74297800401,74297800401,74297800401
74297800411,74297800411,74297800411
74297800421,74297800421,74297800421
74297800431,74297800431,74297800431
74297800441,74297800441,74297800441
74297800451,74297800451,74297800451
74297800461,74297800461,74297800461
74297800471,74297800471,74297800471
74297800481,74297800481,74297800481
74297800491,74297800491,74297800491
74297800501,74297800501,74297800501
74297800511,74297800511,74297800511
74297800526,74297800526,74297800526
74297900023,74297900013,74297900013
74297900013,74297900023,74297900023
74297900223,74297900033,74297900033
74297900033,74297900043,74297900043
74297900043,74297900053,74297900053
74297900053,74297900063,74297900063
74297900063,74297900073,74297900073
74297900083,74297900083,74297900083
74297900093,74297900093,74297900093
74297900103,74297900103,74297900103
74297900113,74297900113,74297900113
74297900123,74297900123,74297900123
74297900133,74297900133,74297900133
74297900143,74297900143,74297900143
74297900153,74297900153,74297900153
74297900163,74297900163,74297900163
74297900173,74297900173,74297900173
74297900181,74297900181,74297900181
74297900191,74297900191,74297900191
74297900201,74297900201,74297900201
74297900211,74297900211,74297900211
74297900073,74297900223,74297900223
74297900236,74297900236,74297900236
74298100011,74298100011,74298100011
74298100021,74298100021,74298100021
74298100031,74298100031,74298100031
74298100041,74298100041,74298100041
74298100051,74298100051,74298100051
74298100061,74298100061,74298100061
74298100071,74298100071,74298100071
74298100081,74298100081,74298100081
74298100091,74298100091,74298100091
74298100104,74298100104,74298100104
74298100111,74298100111,74298100111
74298100121,74298100121,74298100121
74298100131,74298100131,74298100131
74298100141,74298100141,74298100141
74298100151,74298100151,74298100151
74298100161,74298100161,74298100161
74298100171,74298100171,74298100171
74298100181,74298100181,74298100181
74298200011,74298200011,74298200011
74298200021,74298200021,74298200021
74298200031,74298200031,74298200031
74298200041,74298200041,74298200041
74298200051,74298200051,74298200051
74298200061,74298200061,74298200061
74298200071,74298200071,74298200071
74298200081,74298200081,74298200081
74298200091,74298200091,74298200091
74298200101,74298200101,74298200101
74298200111,74298200111,74298200111
74298200121,74298200121,74298200121
74298200131,74298200131,74298200131
74298200141,74298200141,74298200141
74298200151,74298200151,74298200151
74298200161,74298200161,74298200161
74298200171,74298200171,74298200171
74298200181,74298200181,74298200181
74298200191,74298200191,74298200191
74298200201,74298200201,74298200201
74298200211,74298200211,74298200211
74298200221,74298200221,74298200221
74298200231,74298200231,74298200231
74298200241,74298200241,74298200241
74298200251,74298200251,74298200251
74298200261,74298200261,74298200261
74298200271,74298200271,74298200271
74298200281,74298200281,74298200281
74298200291,74298200291,74298200291
74298200301,74298200301,74298200301
74298200311,74298200311,74298200311
74298200321,74298200321,74298200321
74298200331,74298200331,74298200331
74298200341,74298200341,74298200341
74298200351,74298200351,74298200351
74298200361,74298200361,74298200361
74298200371,74298200371,74298200371
74298200381,74298200381,74298200381
74298200391,74298200391,74298200391
74298200401,74298200401,74298200401
74298200411,74298200411,74298200411
74298200421,74298200421,74298200421
74298200431,74298200431,74298200431
74298200441,74298200441,74298200441
74298200451,74298200451,74298200451
74298200461,74298200461,74298200461
74298200471,74298200471,74298200471
74298200481,74298200481,74298200481
74298200491,74298200491,74298200491
74298200501,74298200501,74298200501
74298200511,74298200511,74298200511
74298200521,74298200521,74298200521
74298200531,74298200531,74298200531
74298200571,74298200541,74298200541
74298200541,74298200551,74298200551
74298200551,74298200561,74298200561
74298200566,74298200576,74298200576
74298300011,74298300011,74298300011
74298300021,74298300021,74298300021
74298300031,74298300031,74298300031
74298300041,74298300041,74298300041
74298500011,74298500051,74298500051
74298500021,74298500061,74298500061
74298500031,74298500071,74298500071
74298500041,74298500081,74298500081
74298500051,74298500091,74298500091
74298500061,74298500101,74298500101
74298500071,74298500111,74298500111
74298500084,74298500124,74298500124
74298500091,74298500131,74298500131
74298500101,74298500141,74298500141
74298500111,74298500151,74298500151
74298500121,74298500161,74298500161
74298500131,74298500171,74298500171
74298500144,74298500184,74298500184
74298500151,74298500191,74298500191
74298500164,74298500204,74298500204
74298500171,74298500211,74298500211
74298600011,74298600011,74298600011
74298600021,74298600021,74298600021
74298600034,74298600034,74298600034
74298600041,74298600041,74298600041
74298600051,74298600051,74298600051
74298600061,74298600061,74298600061
74298600071,74298600071,74298600071
74298600081,74298600081,74298600081
74298600091,74298600091,74298600091
74298600101,74298600101,74298600101
74298600111,74298600111,74298600111
74298600121,74298600121,74298600121
74298600131,74298600131,74298600131
74298600141,74298600141,74298600141
74298600151,74298600151,74298600151
74298600161,74298600161,74298600161
74298600171,74298600171,74298600171
74298600181,74298600181,74298600181
74298600191,74298600191,74298600191
74298600201,74298600201,74298600201
74298600211,74298600211,74298600211
74298600221,74298600221,74298600221
74298600231,74298600231,74298600231
74298600241,74298600241,74298600241
74298600251,74298600251,74298600251
74298600261,74298600261,74298600261
74298600271,74298600271,74298600271
74298600281,74298600281,74298600281
74298600291,74298600291,74298600291
74298600301,74298600301,74298600301
74298600311,74298600311,74298600311
74298600321,74298600321,74298600321
74298600331,74298600331,74298600331
74298600341,74298600341,74298600341
74298600354,74298600354,74298600354
74298600361,74298600361,74298600361
74298600374,74298600374,74298600374
74298600381,74298600381,74298600381
74298600391,74298600391,74298600391
74298600403,74298600403,74298600403
74298600591,74298600411,74298600411
74298600601,74298600421,74298600421
74298600611,74298600431,74298600431
74298600624,74298600444,74298600444
74298600631,74298600451,74298600451
74298600641,74298600461,74298600461
74298600651,74298600471,74298600471
74298600664,74298600484,74298600484
74298600671,74298600491,74298600491
74298600684,74298600504,74298600504
74298600691,74298600511,74298600511
74298600704,74298600524,74298600524
74298600714,74298600534,74298600534
74298600721,74298600541,74298600541
74298600734,74298600554,74298600554
74298600741,74298600561,74298600561
74298600751,74298600571,74298600571
74298600764,74298600584,74298600584
74298600771,74298600591,74298600591
74298600784,74298600604,74298600604
74298600791,74298600611,74298600611
74298600804,74298600624,74298600624
74298600811,74298600631,74298600631
74298600824,74298600644,74298600644
74298600831,74298600651,74298600651
74298600851,74298600661,74298600661
74298600861,74298600671,74298600671
74298600874,74298600684,74298600684
74298600881,74298600691,74298600691
74298600891,74298600701,74298600701
74298600901,74298600711,74298600711
74298600413,74298600723,74298600723
74298600573,74298600733,74298600733
74298600423,74298600743,74298600743
74298600433,74298600753,74298600753
74298600533,74298600763,74298600763
74298600443,74298600773,74298600773
74298600451,74298600781,74298600781
74298600461,74298600791,74298600791
74298600471,74298600801,74298600801
74298600481,74298600811,74298600811
74298600491,74298600821,74298600821
74298600553,74298600833,74298600833
74298600513,74298600853,74298600853
74298600846,74298600866,74298600866
74298600916,74298600876,74298600876
74298600586,74298600886,74298600886
74298600546,74298600896,74298600896
74298600506,74298600906,74298600906
74298600566,74298600916,74298600916
74298600526,74298600926,74298600926
74298700011,74298700011,74298700011
74298700024,74298700024,74298700024
74298700031,74298700031,74298700031
74298700044,74298700044,74298700044
74298700051,74298700051,74298700051
74298700061,74298700061,74298700061
74298700071,74298700071,74298700071
74298700081,74298700081,74298700081
74298700091,74298700091,74298700091
74298700101,74298700101,74298700101
74298700114,74298700114,74298700114
74298700121,74298700121,74298700121
74298700131,74298700131,74298700131
74298700141,74298700141,74298700141
74298700151,74298700151,74298700151
74298700164,74298700164,74298700164
74298700173,74298700173,74298700173
74298700181,74298700181,74298700181
74298700194,74298700194,74298700194
74298700203,74298700203,74298700203
74298900091,74298900221,74298900221
74298900101,74298900231,74298900231
74298900111,74298900241,74298900241
74298900121,74298900251,74298900251
74298900134,74298900264,74298900264
74298900141,74298900271,74298900271
74298900154,74298900284,74298900284
74298900161,74298900291,74298900291
74298900174,74298900304,74298900304
74298900181,74298900311,74298900311
74298900191,74298900321,74298900321
74298900204,74298900334,74298900334
74298900211,74298900341,74298900341
74298900221,74298900351,74298900351
74298900231,74298900361,74298900361
74298900244,74298900374,74298900374
74298900253,74298900383,74298900383
74298700273,74298700543,74298700543
74298900011,74298900551,74298900551
74298900021,74298900561,74298900561
74298900031,74298900571,74298900571
74298900041,74298900581,74298900581
74298900051,74298900591,74298900591
74298900061,74298900601,74298900601
74298900071,74298900611,74298900611
74298900081,74298900621,74298900621
74298700263,74298700633,74298700633
74298900271,74298900651,74298900651
74298900281,74298900661,74298900661
74298900291,74298900671,74298900671
74298900301,74298900681,74298900681
74298900561,74298900691,74298900691
74298900571,74298900701,74298900701
74298700243,74298700713,74298700713
74298700251,74298700721,74298700721
74298700223,74298700743,74298700743
74298700233,74298700753,74298700753
74298900263,74298900763,74298900763
74298900311,74298900771,74298900771
74298900321,74298900781,74298900781
74298900331,74298900791,74298900791
74298900341,74298900801,74298900801
74298900351,74298900811,74298900811
74298900364,74298900824,74298900824
74298900371,74298900831,74298900831
74298900471,74298900841,74298900841
74298900481,74298900851,74298900851
74298900513,74298900863,74298900863
74298900521,74298900871,74298900871
74298900533,74298900883,74298900883
74298900381,74298900891,74298900891
74298900391,74298900901,74298900901
74298900401,74298900911,74298900911
74298900411,74298900921,74298900921
74298900421,74298900931,74298900931
74298900434,74298900944,74298900944
74298900444,74298900954,74298900954
74298900451,74298900961,74298900961
74298700213,74298700973,74298700973
74298900541,74298900991,74298900991
74298900586,74298901016,74298901016
74298900494,74298901024,74298901024
74298900503,74298901033,74298901033
74298900466,74298901046,74298901046
74298900556,74298901056,74298901056
74299100011,74299100011,74299100011
74299100021,74299100021,74299100021
74299100031,74299100031,74299100031
74299100041,74299100041,74299100041
74299100051,74299100051,74299100051
74299300011,74299300051,74299300051
74299300021,74299300061,74299300061
74299300031,74299300071,74299300071
74299300041,74299300081,74299300081
74299300051,74299300091,74299300091
74299300061,74299300101,74299300101
74299300071,74299300111,74299300111
74299300081,74299300121,74299300121
74299300091,74299300131,74299300131
74299300101,74299300141,74299300141
74299300111,74299300151,74299300151
74299300121,74299300161,74299300161
74299300131,74299300171,74299300171
74299300141,74299300181,74299300181
74299300151,74299300191,74299300191
74299300161,74299300201,74299300201
74299400011,74299400011,74299400011
74299400021,74299400021,74299400021
74299400031,74299400031,74299400031
74299400041,74299400041,74299400041
74299400051,74299400051,74299400051
74299400061,74299400061,74299400061
74299400071,74299400071,74299400071
74299400081,74299400081,74299400081
74299400091,74299400091,74299400091
74299400101,74299400101,74299400101
74299400111,74299400111,74299400111
74299400121,74299400121,74299400121
74299400131,74299400131,74299400131
74299400144,74299400144,74299400144
74299400151,74299400151,74299400151
74299400161,74299400161,74299400161
74299400171,74299400171,74299400171
74299400181,74299400181,74299400181
74299400191,74299400191,74299400191
74299400201,74299400201,74299400201
74299400211,74299400211,74299400211
74299400221,74299400221,74299400221
74299400231,74299400231,74299400231
74299400241,74299400241,74299400241
74299400251,74299400251,74299400251
74299400261,74299400261,74299400261
74299400271,74299400271,74299400271
74299400281,74299400281,74299400281
74299400291,74299400291,74299400291
74299400301,74299400301,74299400301
74299400311,74299400311,74299400311
74299400321,74299400321,74299400321
74299400331,74299400331,74299400331
74299400341,74299400341,74299400341
74299400354,74299400354,74299400354
74299400361,74299400361,74299400361
74299400371,74299400371,74299400371
74299400381,74299400381,74299400381
74299400391,74299400391,74299400391
74299400401,74299400401,74299400401
74299400411,74299400411,74299400411
74299400421,74299400421,74299400421
74299400434,74299400434,74299400434
74299400441,74299400441,74299400441
74299400451,74299400451,74299400451
74299400461,74299400461,74299400461
74299400471,74299400471,74299400471
74299400481,74299400481,74299400481
74299400494,74299400494,74299400494
74299400501,74299400501,74299400501
74299400514,74299400514,74299400514
74299400521,74299400521,74299400521
74299400534,74299400534,74299400534
74299400541,74299400541,74299400541
74299400554,74299400554,74299400554
74299400561,74299400561,74299400561
74299400571,74299400571,74299400571
74299400584,74299400584,74299400584
74299400591,74299400591,74299400591
74299400604,74299400604,74299400604
74299400611,74299400611,74299400611
74299400621,74299400621,74299400621
74299400634,74299400634,74299400634
74299400643,74299400643,74299400643
74299400651,74299400651,74299400651
74299400661,74299400661,74299400661
74299400671,74299400671,74299400671
74299400681,74299400681,74299400681
74299400691,74299400691,74299400691
74299400701,74299400701,74299400701
74299400711,74299400711,74299400711
74299500011,74299500011,74299500011
74299500021,74299500021,74299500021
74299500034,74299500034,74299500034
74299500043,74299500043,74299500043
74299500203,74299500053,74299500053
74299500291,74299500061,74299500061
74299500303,74299500073,74299500073
74299500193,74299500083,74299500083
74299500183,74299500093,74299500093
74299500173,74299500103,74299500103
74299500273,74299500113,74299500113
74299500213,74299500123,74299500123
74299500223,74299500133,74299500133
74299500231,74299500141,74299500141
74299500243,74299500153,74299500153
74299500251,74299500161,74299500161
74299500053,74299500173,74299500173
74299500063,74299500183,74299500183
74299500073,74299500193,74299500193
74299500083,74299500203,74299500203
74299500093,74299500213,74299500213
74299500103,74299500223,74299500223
74299500113,74299500233,74299500233
74299500123,74299500243,74299500243
74299500133,74299500253,74299500253
74299500143,74299500263,74299500263
74299500153,74299500273,74299500273
74299500163,74299500283,74299500283
74299500316,74299500296,74299500296
74299500286,74299500306,74299500306
74299500266,74299500316,74299500316
74299600013,74299600013,74299600013
74299600021,74299600021,74299600021
74299600031,74299600031,74299600031
74299600041,74299600041,74299600041
74299600051,74299600051,74299600051
74299600066,74299600066,74299600066
74299700021,74299700021,74299700021
74299700031,74299700031,74299700031
74299700041,74299700041,74299700041
74299700051,74299700051,74299700051
74299700061,74299700061,74299700061
74299700071,74299700071,74299700071
74299700081,74299700081,74299700081
74299700091,74299700091,74299700091
74299700101,74299700101,74299700101
74299700111,74299700111,74299700111
74299700121,74299700121,74299700121
74299700131,74299700131,74299700131
74299700141,74299700141,74299700141
74299700221,74299700151,74299700151
74299700231,74299700161,74299700161
74299700241,74299700171,74299700171
74299700251,74299700181,74299700181
74299700261,74299700191,74299700191
74299700271,74299700201,74299700201
74299700281,74299700211,74299700211
74299700291,74299700221,74299700221
74299700301,74299700231,74299700231
74299700311,74299700241,74299700241
74299700151,74299700251,74299700251
74299700161,74299700261,74299700261
74299700171,74299700271,74299700271
74299700181,74299700281,74299700281
74299700191,74299700291,74299700291
74299700201,74299700301,74299700301
74299700211,74299700311,74299700311
74299700013,74299700323,74299700323
74299700326,74299700336,74299700336
74299800011,74299800011,74299800011
74299800291,74299800021,74299800021
74299800304,74299800034,74299800034
74299800311,74299800041,74299800041
74299800324,74299800054,74299800054
74299800331,74299800061,74299800061
74299800344,74299800074,74299800074
74299800351,74299800081,74299800081
74299800361,74299800091,74299800091
74299800374,74299800104,74299800104
74299800381,74299800111,74299800111
74299800394,74299800124,74299800124
74299800401,74299800131,74299800131
74299800414,74299800144,74299800144
74299800421,74299800151,74299800151
74299800434,74299800164,74299800164
74299800441,74299800171,74299800171
74299800454,74299800184,74299800184
74299800464,74299800194,74299800194
74299800471,74299800201,74299800201
74299800484,74299800214,74299800214
74299800491,74299800221,74299800221
74299800504,74299800234,74299800234
74299800511,74299800241,74299800241
74299800021,74299800251,74299800251
74299800031,74299800261,74299800261
74299800041,74299800271,74299800271
74299800051,74299800281,74299800281
74299800061,74299800291,74299800291
74299800071,74299800301,74299800301
74299800081,74299800311,74299800311
74299800091,74299800321,74299800321
74299800101,74299800331,74299800331
74299800114,74299800344,74299800344
74299800123,74299800353,74299800353
74299800133,74299800363,74299800363
74299800143,74299800373,74299800373
74299800153,74299800383,74299800383
74299800163,74299800393,74299800393
74299800171,74299800401,74299800401
74299800181,74299800411,74299800411
74299800191,74299800421,74299800421
74299800201,74299800431,74299800431
74299800211,74299800441,74299800441
74299800221,74299800451,74299800451
74299800231,74299800461,74299800461
74299800241,74299800471,74299800471
74299800251,74299800481,74299800481
74299800273,74299800493,74299800493
74299800526,74299800506,74299800506
74299800266,74299800516,74299800516
74299800286,74299800526,74299800526
74299900011,74299900011,74299900011
74299900021,74299900021,74299900021
74299900031,74299900031,74299900031
74299900041,74299900041,74299900041
74299900051,74299900051,74299900051
74299900061,74299900061,74299900061
74299901051,74299900071,74299900071
74299901061,74299900081,74299900081
74299901071,74299900091,74299900091
74299900071,74299900101,74299900101
74299900084,74299900114,74299900114
74299900091,74299900121,74299900121
74299900104,74299900134,74299900134
74299900111,74299900141,74299900141
74299900124,74299900154,74299900154
74299900131,74299900161,74299900161
74299900144,74299900174,74299900174
74299900154,74299900184,74299900184
74299900161,74299900191,74299900191
74299900174,74299900204,74299900204
74299900181,74299900211,74299900211
74299900191,74299900221,74299900221
74299900201,74299900231,74299900231
74299900211,74299900241,74299900241
74299900221,74299900251,74299900251
74299900231,74299900261,74299900261
74299900241,74299900271,74299900271
74299900251,74299900281,74299900281
74299900261,74299900291,74299900291
74299900271,74299900301,74299900301
74299900281,74299900311,74299900311
74299900294,74299900324,74299900324
74299900303,74299900333,74299900333
74299900871,74299900341,74299900341
74299900881,74299900351,74299900351
74299900891,74299900361,74299900361
74299900901,74299900371,74299900371
74299900914,74299900384,74299900384
74299900921,74299900391,74299900391
74299900934,74299900404,74299900404
74299900941,74299900411,74299900411
74299900954,74299900424,74299900424
74299900961,74299900431,74299900431
74299900974,74299900444,74299900444
74299900981,74299900451,74299900451
74299900991,74299900461,74299900461
74299901001,74299900471,74299900471
74299901011,74299900481,74299900481
74299901023,74299900493,74299900493
74299901031,74299900501,74299900501
74299900511,74299900561,74299900561
74299900821,74299900571,74299900571
74299900831,74299900581,74299900581
74299900841,74299900591,74299900591
74299900851,74299900601,74299900601
74299900521,74299900611,74299900611
74299900531,74299900621,74299900621
74299900541,74299900631,74299900631
74299900551,74299900641,74299900641
74299900561,74299900651,74299900651
74299900574,74299900664,74299900664
74299900581,74299900671,74299900671
74299900313,74299900683,74299900683
74299900321,74299900691,74299900691
74299900333,74299900703,74299900703
74299900341,74299900711,74299900711
74299900354,74299900724,74299900724
74299900361,74299900731,74299900731
74299900593,74299900743,74299900743
74299900601,74299900751,74299900751
74299900611,74299900761,74299900761
74299900621,74299900771,74299900771
74299900631,74299900781,74299900781
74299900641,74299900791,74299900791
74299900651,74299900801,74299900801
74299900661,74299900811,74299900811
74299900673,74299900823,74299900823
74299900681,74299900831,74299900831
74299900694,74299900844,74299900844
74299900703,74299900853,74299900853
74299900373,74299900863,74299900863
74299900381,74299900871,74299900871
74299900394,74299900884,74299900884
74299900403,74299900893,74299900893
74299900413,74299900903,74299900903
74299900423,74299900913,74299900913
74299900433,74299900923,74299900923
74299900441,74299900931,74299900931
74299900451,74299900941,74299900941
74299900461,74299900951,74299900951
74299900474,74299900964,74299900964
74299900481,74299900971,74299900971
74299900491,74299900981,74299900981
74299900501,74299900991,74299900991
74299900761,74299901001,74299901001
74299900771,74299901011,74299901011
74299900781,74299901021,74299901021
74299900791,74299901031,74299901031
74299900801,74299901041,74299901041
74299900713,74299901053,74299901053
74299900723,74299901063,74299901063
74299900731,74299901071,74299901071
74299900741,74299901081,74299901081
74299901086,74299901096,74299901096
74299901046,74299901106,74299901106
74299900816,74299901116,74299901116
74299900756,74299901126,74299901126
74300300015,74300300025,74300300025
74300300025,74300300035,74300300035
74300300035,74300300045,74300300045
74300400215,74300400645,74300400645
74300400225,74300400655,74300400655
74300300045,74300300075,74300300075
74300400565,74300400015,74300400015
74300400585,74300400035,74300400035
74300400575,74300400045,74300400045
74300400595,74300400055,74300400055
74300400405,74300400065,74300400065
74300400015,74300400075,74300400075
74300400025,74300400085,74300400085
74300400415,74300400105,74300400105
74300400435,74300400115,74300400115
74300400445,74300400125,74300400125
74300400475,74300400135,74300400135
74300400515,74300400145,74300400145
74300400425,74300400155,74300400155
74300400035,74300400165,74300400165
74300400045,74300400175,74300400175
74300400385,74300400185,74300400185
74300400055,74300400195,74300400195
74300400455,74300400205,74300400205
74300400465,74300400215,74300400215
74300400065,74300400225,74300400225
74300400075,74300400235,74300400235
74300400085,74300400245,74300400245
74300400525,74300400265,74300400265
74300400095,74300400275,74300400275
74300400105,74300400285,74300400285
74300400115,74300400295,74300400295
74300400535,74300400315,74300400315
74300400135,74300400335,74300400335
74300400145,74300400345,74300400345
74300400155,74300400355,74300400355
74300400165,74300400365,74300400365
74300400175,74300400375,74300400375
74300400185,74300400385,74300400385
74300400195,74300400395,74300400395
74300400205,74300400405,74300400405
74221000045,74221000415,74221000415
74300400485,74300400425,74300400425
74300400505,74300400435,74300400435
74300400555,74300400445,74300400445
74300400125,74300400455,74300400455
74300400245,74300400475,74300400475
74300400235,74300400485,74300400485
74300400255,74300400495,74300400495
74300400265,74300400505,74300400505
74300400275,74300400515,74300400515
74300400285,74300400525,74300400525
74300400295,74300400535,74300400535
74300400305,74300400545,74300400545
74300400325,74300400555,74300400555
74300400495,74300400565,74300400565
74300400345,74300400575,74300400575
74300400355,74300400585,74300400585
74300400365,74300400595,74300400595
74300500085,74300500605,74300500605
74300400315,74300400616,74300400616
74300400336,74300400626,74300400626
74300400376,74300400636,74300400636
74300500103,74300500033,74300500033
74300500111,74300500041,74300500041
74300500121,74300500051,74300500051
74300500131,74300500061,74300500061
74300500141,74300500071,74300500071
74300500151,74300500081,74300500081
74300500025,74300500095,74300500095
74300500035,74300500105,74300500105
74300500041,74300500111,74300500111
74300500065,74300500125,74300500125
74300500096,74300500136,74300500136
74300400396,74300400146,74300400146
74300500016,74300500156,74300500156
74300500056,74300500166,74300500166
74300500075,74300500175,74300500175
75120500015,75120500015,75120500015
75120300025,75120300025,75120300025
75120300015,75120300035,75120300035
75120100015,75120100045,75120100045
75120400013,75120400013,75120400013
75120400023,75120400023,75120400023
75120400033,75120400033,75120400033
75120400043,75120400043,75120400043
75120400053,75120400053,75120400053
75120400063,75120400063,75120400063
75120400074,75120400074,75120400074
75120400081,75120400081,75120400081
75120400091,75120400091,75120400091
75120400101,75120400101,75120400101
75120400111,75120400111,75120400111
75120400121,75120400121,75120400121
75120400131,75120400131,75120400131
75120400201,75120400141,75120400141
75120400211,75120400151,75120400151
75120400221,75120400161,75120400161
75120400234,75120400174,75120400174
75120400243,75120400183,75120400183
75120400253,75120400193,75120400193
75120400391,75120400201,75120400201
75120400401,75120400211,75120400211
75120400411,75120400221,75120400221
75120400421,75120400231,75120400231
75120400431,75120400241,75120400241
75120400141,75120400251,75120400251
75120400151,75120400261,75120400261
75120400164,75120400274,75120400274
75120400173,75120400283,75120400283
75120400183,75120400293,75120400293
75120400191,75120400301,75120400301
75120400263,75120400313,75120400313
75120400273,75120400323,75120400323
75120400353,75120400333,75120400333
75120400363,75120400343,75120400343
75120400373,75120400353,75120400353
75120400333,75120400363,75120400363
75120400283,75120400373,75120400373
75120400313,75120400383,75120400383
75120400293,75120400393,75120400393
75120400446,75120400426,75120400426
75120400386,75120400436,75120400436
75120400346,75120400446,75120400446
75120400326,75120400456,75120400456
75120400306,75120400466,75120400466
75120500171,75120500011,75120500011
75120500061,75120500021,75120500021
75120500071,75120500031,75120500031
75120500081,75120500041,75120500041
75120500091,75120500051,75120500051
75120500101,75120500061,75120500061
75120500111,75120500071,75120500071
75120500121,75120500081,75120500081
75120500131,75120500091,75120500091
75120500141,75120500101,75120500101
75120500151,75120500111,75120500111
75120500161,75120500121,75120500121
75120700011,75120700131,75120700131
75120700021,75120700141,75120700141
75120700031,75120700151,75120700151
75120500025,75120500165,75120500165
75120500035,75120500175,75120500175
75120500045,75120500185,75120500185
75120500055,75120500195,75120500195
75120700041,75120700011,75120700011
75120700054,75120700024,75120700024
75120700501,75120700031,75120700031
75120700063,75120700043,75120700043
75120700483,75120700053,75120700053
75120700073,75120700063,75120700063
75120700463,75120700073,75120700073
75120700083,75120700083,75120700083
75120700093,75120700093,75120700093
75120700443,75120700103,75120700103
75120700423,75120700113,75120700113
75120700103,75120700123,75120700123
75120700403,75120700133,75120700133
75120700113,75120700153,75120700153
75120700383,75120700163,75120700163
75120700123,75120700173,75120700173
75120700363,75120700183,75120700183
75120700153,75120700193,75120700193
75120700143,75120700203,75120700203
75120700133,75120700213,75120700213
75120700163,75120700223,75120700223
75120700171,75120700231,75120700231
75120700343,75120700243,75120700243
75120700311,75120700251,75120700251
75120700181,75120700261,75120700261
75120700323,75120700273,75120700273
75120700191,75120700281,75120700281
75120700201,75120700291,75120700291
75120700211,75120700301,75120700301
75120700221,75120700311,75120700311
75120700231,75120700321,75120700321
75120700241,75120700331,75120700331
75120700251,75120700341,75120700341
75120700261,75120700351,75120700351
75120700271,75120700361,75120700361
75120700281,75120700371,75120700371
75120700291,75120700381,75120700381
75120700516,75120700396,75120700396
75120700496,75120700406,75120700406
75120700476,75120700416,75120700416
75120700456,75120700426,75120700426
75120700436,75120700436,75120700436
75120700416,75120700446,75120700446
75120700396,75120700456,75120700456
75120700376,75120700466,75120700466
75120700356,75120700476,75120700476
75120700336,75120700486,75120700486
75120700306,75120700496,75120700496
75130000035,75130000015,75130000015
75130000015,75130000025,75130000025
75130000045,75130000035,75130000035
75130000055,75130000045,75130000045
75130000066,75130000056,75130000056
75140100013,75140100013,75140100013
75140100024,75140100024,75140100024
75140100033,75140100033,75140100033
75140100041,75140100041,75140100041
75140100051,75140100051,75140100051
75140100061,75140100061,75140100061
75140100241,75140100091,75140100091
75140100253,75140100103,75140100103
75140100261,75140100111,75140100111
75140100271,75140100121,75140100121
75140100281,75140100131,75140100131
75140100291,75140100141,75140100141
75140100301,75140100151,75140100151
75140100311,75140100161,75140100161
75140100321,75140100171,75140100171
75140100331,75140100181,75140100181
75140100341,75140100191,75140100191
75140100351,75140100201,75140100201
75140100364,75140100214,75140100214
75140100371,75140100221,75140100221
75140100381,75140100231,75140100231
75140100071,75140100241,75140100241
75140100081,75140100251,75140100251
75140100091,75140100261,75140100261
75140100101,75140100271,75140100271
75140100111,75140100281,75140100281
75140100121,75140100291,75140100291
75140100131,75140100301,75140100301
75140100141,75140100311,75140100311
75140100151,75140100321,75140100321
75140100161,75140100331,75140100331
75140100171,75140100341,75140100341
75140100181,75140100351,75140100351
75140100194,75140100364,75140100364
75140100203,75140100373,75140100373
75140100213,75140100383,75140100383
75140100223,75140100393,75140100393
75140100233,75140100403,75140100403
75140100483,75140100413,75140100413
75140100491,75140100421,75140100421
75140100391,75140100431,75140100431
75140100401,75140100441,75140100441
75140100411,75140100451,75140100451
75140100421,75140100461,75140100461
75140100431,75140100471,75140100471
75140100441,75140100481,75140100481
75140100451,75140100491,75140100491
75140100461,75140100501,75140100501
75140100471,75140100511,75140100511
75140100506,75140100536,75140100536
75140300051,75140300051,75140300051
75140200024,75140200024,75140200024
75140200031,75140200031,75140200031
75140200044,75140200044,75140200044
75140200053,75140200053,75140200053
75140200063,75140200063,75140200063
75140200103,75140200083,75140200083
75140200073,75140200103,75140200103
75140200081,75140200111,75140200111
75140200113,75140200123,75140200123
75140200123,75140200133,75140200133
75140200131,75140200141,75140200141
75140200096,75140200156,75140200156
75140200146,75140200166,75140200166
75140200011,75140200011,75140200011
75140300011,75140300021,75140300021
75140300021,75140300031,75140300031
75140300031,75140300041,75140300041
75140400083,75140400013,75140400013
75140400053,75140400023,75140400023
75140400061,75140400031,75140400031
75140400043,75140400043,75140400043
75140400011,75140400051,75140400051
75140400096,75140400066,75140400066
75140400076,75140400076,75140400076
75140400033,75140400086,75140400086
75140400021,75140400096,75140400096
75140300041,75140300011,75140300011
75140500011,75140500021,75140500021
75140500021,75140500031,75140500031
75140500031,75140500041,75140500041
75140500041,75140500051,75140500051
75140500051,75140500061,75140500061
75140500061,75140500071,75140500071
75140500071,75140500081,75140500081
75140500081,75140500091,75140500091
75140500094,75140500104,75140500104
75140500101,75140500111,75140500111
75140600011,75140600011,75140600011
75140600024,75140600024,75140600024
75140600031,75140600031,75140600031
75140600046,75140600046,75140600046
75140700011,75140700011,75140700011
75140700024,75140700024,75140700024
75140700031,75140700031,75140700031
75140700041,75140700041,75140700041
75140700051,75140700051,75140700051
75140700061,75140700061,75140700061
75140700074,75140700074,75140700074
75140700081,75140700081,75140700081
75140700091,75140700091,75140700091
75140800011,75140800011,75140800011
75140800024,75140800024,75140800024
75140800031,75140800031,75140800031
75140800041,75140800041,75140800041
75140800054,75140800054,75140800054
75140800061,75140800061,75140800061
75140800071,75140800071,75140800071
75140800081,75140800081,75140800081
75140800094,75140800094,75140800094
75140800101,75140800101,75140800101
75140800293,75140800193,75140800193
75140800111,75140800201,75140800201
75140800124,75140800214,75140800214
75140800133,75140800223,75140800223
75140800143,75140800233,75140800233
75140800153,75140800243,75140800243
75140800161,75140800251,75140800251
75140800171,75140800261,75140800261
75140800181,75140800271,75140800271
75140800194,75140800284,75140800284
75140800203,75140800293,75140800293
75140800253,75140800303,75140800303
75140800273,75140800313,75140800313
75140800213,75140800323,75140800323
75140800223,75140800333,75140800333
75140800231,75140800341,75140800341
75140800306,75140800356,75140800356
75140800266,75140800366,75140800366
75140800286,75140800376,75140800376
75140800246,75140800386,75140800386
75140900011,75140900011,75140900011
75140900021,75140900021,75140900021
75140900031,75140900031,75140900031
75140900041,75140900041,75140900041
75140900054,75140900054,75140900054
75140900061,75140900061,75140900061
75140900074,75140900074,75140900074
75140900081,75140900081,75140900081
75140900094,75140900094,75140900094
75140900101,75140900101,75140900101
75140900114,75140900114,75140900114
75140900121,75140900121,75140900121
75140900131,75140900131,75140900131
75140900144,75140900144,75140900144
75140900151,75140900151,75140900151
75140900164,75140900164,75140900164
75140900171,75140900171,75140900171
75140900184,75140900184,75140900184
75140900191,75140900191,75140900191
75140900204,75140900204,75140900204
75140900211,75140900211,75140900211
75140900224,75140900224,75140900224
75140900231,75140900231,75140900231
75140900244,75140900244,75140900244
75140900254,75140900254,75140900254
75140900263,75140900263,75140900263
75140900273,75140900273,75140900273
75140900281,75140900281,75140900281
75140900294,75140900294,75140900294
75140900304,75140900304,75140900304
75140900313,75140900313,75140900313
75140900321,75140900321,75140900321
75140900336,75140900336,75140900336
75150000145,75150000015,75150000015
75150000165,75150000025,75150000025
75150000135,75150000035,75150000035
75150000125,75150000045,75150000045
75150000205,75150000065,75150000065
75150000195,75150000075,75150000075
75150000185,75150000085,75150000085
75150000045,75150000095,75150000095
75150000265,75150000105,75150000105
75150000105,75150000135,75150000135
75150000115,75150000145,75150000145
75150000225,75150000155,75150000155
75150000235,75150000165,75150000165
75150000245,75150000175,75150000175
75150000055,75150000215,75150000215
75150000095,75150000225,75150000225
75150000176,75150000246,75150000246
75150000216,75150000256,75150000256
75150000276,75150000266,75150000266
75150000256,75150000286,75150000286
75161000023,75161000093,75161000093
75161000033,75161000103,75161000103
75161000043,75161000113,75161000113
75161000053,75161000123,75161000123
75161000063,75161000133,75161000133
75161000071,75161000141,75161000141
75161000081,75161000151,75161000151
75161000091,75161000161,75161000161
75161000101,75161000171,75161000171
75161000111,75161000181,75161000181
75161000121,75161000191,75161000191
75161000131,75161000201,75161000201
75161000141,75161000011,75161000011
75161000151,75161000021,75161000021
75161000161,75161000031,75161000031
75161000171,75161000041,75161000041
75161000181,75161000051,75161000051
75161000191,75161000061,75161000061
75161000201,75161000071,75161000071
75161000211,75161000081,75161000081
75161000221,75161000091,75161000091
75161000231,75161000101,75161000101
75161000241,75161000111,75161000111
75161000251,75161000121,75161000121
75161000261,75161000131,75161000131
75163000014,75163000144,75163000144
75163000021,75163000151,75163000151
75163000031,75163000161,75163000161
75163000041,75163000171,75163000171
75163000051,75163000181,75163000181
75163000061,75163000191,75163000191
75163000071,75163000201,75163000201
75163000081,75163000211,75163000211
75163000091,75163000221,75163000221
75163000101,75163000231,75163000231
75165000011,75165000241,75165000241
75165000021,75165000251,75165000251
75165000031,75165000261,75165000261
75165000041,75165000271,75165000271
75165000051,75165000281,75165000281
75165000064,75165000294,75165000294
75165000071,75165000301,75165000301
75165000081,75165000311,75165000311
75165000091,75165000321,75165000321
75165000101,75165000331,75165000331
75165000111,75165000341,75165000341
75165000121,75165000351,75165000351
75165000131,75165000361,75165000361
75165000144,75165000374,75165000374
75165000151,75165000381,75165000381
75165000161,75165000391,75165000391
75165000243,75165000403,75165000403
75165000233,75165000413,75165000413
75165000251,75165000421,75165000421
75165000261,75165000431,75165000431
75165000271,75165000441,75165000441
75165000281,75165000451,75165000451
75165000291,75165000461,75165000461
75165000301,75165000471,75165000471
75165000311,75165000481,75165000481
75165000324,75165000494,75165000494
75165000331,75165000501,75165000501
75165000341,75165000511,75165000511
75165000351,75165000521,75165000521
75165000361,75165000531,75165000531
75165000374,75165000544,75165000544
75165000383,75165000553,75165000553
75165000633,75165000563,75165000563
75165000641,75165000571,75165000571
75165000653,75165000583,75165000583
75165000661,75165000591,75165000591
75165000671,75165000601,75165000601
75165000681,75165000611,75165000611
75165000691,75165000621,75165000621
75165000701,75165000631,75165000631
75165000713,75165000643,75165000643
75165000721,75165000651,75165000651
75165000393,75165000663,75165000663
75165000403,75165000673,75165000673
75165000413,75165000683,75165000683
75165000421,75165000691,75165000691
75165000431,75165000701,75165000701
75165000441,75165000711,75165000711
75165000451,75165000721,75165000721
75165000461,75165000731,75165000731
75165000471,75165000741,75165000741
75165000481,75165000751,75165000751
75165000494,75165000764,75165000764
75165000501,75165000771,75165000771
75165000511,75165000781,75165000781
75165000521,75165000791,75165000791
75165000531,75165000801,75165000801
75165000541,75165000811,75165000811
75165000551,75165000821,75165000821
75165000561,75165000831,75165000831
75165000571,75165000841,75165000841
75165000581,75165000851,75165000851
75165000591,75165000861,75165000861
75165000604,75165000874,75165000874
75165000613,75165000883,75165000883
75165000171,75165000891,75165000891
75165000181,75165000901,75165000901
75165000191,75165000911,75165000911
75165000201,75165000921,75165000921
75165000214,75165000934,75165000934
75165000223,75165000943,75165000943
75165000623,75165000953,75165000953
75165000736,75165000966,75165000966
75166000011,75166000011,75166000011
75166000021,75166000021,75166000021
75166000034,75166000034,75166000034
75166000041,75166000041,75166000041
75166000054,75166000054,75166000054
75166000061,75166000061,75166000061
75166000074,75166000074,75166000074
75166000081,75166000081,75166000081
75166000094,75166000094,75166000094
75166000101,75166000101,75166000101
75166000114,75166000114,75166000114
75166000121,75166000121,75166000121
75166000134,75166000134,75166000134
75166000141,75166000141,75166000141
75166000156,75166000156,75166000156
75167000011,75167000011,75167000011
75167000021,75167000021,75167000021
75167000031,75167000031,75167000031
75167000041,75167000041,75167000041
75167000051,75167000051,75167000051
75167000061,75167000061,75167000061
75167000071,75167000071,75167000071
75167000081,75167000081,75167000081
75167000091,75167000091,75167000091
75167000101,75167000101,75167000101
75167000111,75167000111,75167000111
75167000121,75167000121,75167000121
75167000131,75167000131,75167000131
75167000141,75167000141,75167000141
75167000151,75167000151,75167000151
75167000161,75167000161,75167000161
75167000171,75167000171,75167000171
75167000181,75167000181,75167000181
75167000191,75167000191,75167000191
75168000011,75168000011,75168000011
75168000021,75168000021,75168000021
75168000031,75168000031,75168000031
75168000041,75168000041,75168000041
75168000051,75168000051,75168000051
75168000061,75168000061,75168000061
75168000071,75168000071,75168000071
75168000081,75168000081,75168000081
75168000091,75168000091,75168000091
75168000101,75168000101,75168000101
75168000111,75168000111,75168000111
75168000121,75168000121,75168000121
75168000131,75168000131,75168000131
75168000141,75168000141,75168000141
75168000151,75168000151,75168000151
75168000161,75168000161,75168000161
75168000171,75168000171,75168000171
75168000186,75168000186,75168000186
75169000011,75169000011,75169000011
75169000021,75169000021,75169000021
75169000031,75169000031,75169000031
75169000041,75169000041,75169000041
75169000051,75169000051,75169000051
75169000061,75169000061,75169000061
75169000071,75169000071,75169000071
75169000086,75169000086,75169000086
75170000023,75170000013,75170000013
75170000033,75170000023,75170000023
75170000043,75170000033,75170000033
75170000016,75170000046,75170000046
75170000056,75170000056,75170000056
75181000033,75181000023,75181000023
75181000043,75181000033,75181000033
75181000053,75181000053,75181000053
75181000063,75181000063,75181000063
75181000073,75181000083,75181000083
75181000081,75181000091,75181000091
75181000094,75181000104,75181000104
75181000101,75181000111,75181000111
75181000111,75181000121,75181000121
75181000121,75181000131,75181000131
75181000131,75181000141,75181000141
75181000144,75181000154,75181000154
75181000151,75181000161,75181000161
75181000161,75181000171,75181000171
75181000171,75181000181,75181000181
75181000181,75181000191,75181000191
75181000023,75181000203,75181000203
75181000781,75181000221,75181000221
75181000791,75181000231,75181000231
75181000663,75181000243,75181000243
75181000191,75181000251,75181000251
75181000201,75181000261,75181000261
75181000211,75181000271,75181000271
75181000221,75181000281,75181000281
75181000234,75181000294,75181000294
75181000241,75181000301,75181000301
75181000251,75181000311,75181000311
75181000261,75181000321,75181000321
75181000271,75181000331,75181000331
75181000281,75181000341,75181000341
75181000291,75181000351,75181000351
75181000301,75181000361,75181000361
75181000311,75181000371,75181000371
75181000321,75181000381,75181000381
75181000331,75181000391,75181000391
75181000341,75181000401,75181000401
75181000351,75181000411,75181000411
75181000361,75181000421,75181000421
75181000371,75181000431,75181000431
75181000381,75181000441,75181000441
75181000391,75181000451,75181000451
75181000401,75181000461,75181000461
75181000411,75181000471,75181000471
75181000421,75181000481,75181000481
75181000431,75181000491,75181000491
75181000441,75181000501,75181000501
75181000451,75181000511,75181000511
75181000464,75181000524,75181000524
75181000471,75181000531,75181000531
75181000484,75181000544,75181000544
75181000493,75181000553,75181000553
75181000501,75181000561,75181000561
75181000514,75181000574,75181000574
75181000523,75181000583,75181000583
75181000533,75181000593,75181000593
75181000543,75181000601,75181000601
75181000553,75181000613,75181000613
75181000561,75181000621,75181000621
75181000573,75181000633,75181000633
75181000583,75181000643,75181000643
75181000594,75181000654,75181000654
75181000603,75181000663,75181000663
75181000613,75181000673,75181000673
75181000623,75181000683,75181000683
75181000633,75181000693,75181000693
75181000641,75181000701,75181000701
75181000653,75181000713,75181000713
75181000016,75181000756,75181000756
75181000806,75181000766,75181000766
75181000671,75181000011,75181000011
75181000683,75181000773,75181000773
75181000691,75181000031,75181000031
75181000701,75181000041,75181000041
75181000711,75181000051,75181000051
75181000724,75181000064,75181000064
75181000733,75181000071,75181000071
75181000744,75181000084,75181000084
75181000754,75181000094,75181000094
75181000763,75181000103,75181000103
75181000773,75181000113,75181000113
75183000013,75183000123,75183000123
75183000023,75183000133,75183000133
75183000033,75183000141,75183000141
75183000041,75183000151,75183000151
75183000054,75183000164,75183000164
75183000063,75183000173,75183000173
75183000074,75183000184,75183000184
75183000083,75183000193,75183000193
75183000093,75183000203,75183000203
75183000103,75183000213,75183000213
75183000111,75183000221,75183000221
75183000121,75183000231,75183000231
75183000131,75183000241,75183000241
75183000141,75183000251,75183000251
75183000151,75183000261,75183000261
75183000161,75183000271,75183000271
75183000176,75183000286,75183000286
75211000041,75211000011,75211000011
75211000051,75211000021,75211000021
75211000061,75211000031,75211000031
75211000071,75211000041,75211000041
75211000084,75211000054,75211000054
75211000091,75211000061,75211000061
75211000104,75211000074,75211000074
75211000111,75211000081,75211000081
75211000124,75211000094,75211000094
75211000131,75211000101,75211000101
75211000141,75211000111,75211000111
75211000151,75211000121,75211000121
75211000161,75211000131,75211000131
75211000174,75211000144,75211000144
75211000181,75211000151,75211000151
75211000194,75211000164,75211000164
75211000201,75211000171,75211000171
75211000214,75211000184,75211000184
75211000221,75211000191,75211000191
75211000234,75211000204,75211000204
75211000241,75211000211,75211000211
75211000251,75211000221,75211000221
75211000264,75211000234,75211000234
75211000271,75211000241,75211000241
75211000281,75211000251,75211000251
75211000291,75211000261,75211000261
75211000301,75211000271,75211000271
75211000314,75211000284,75211000284
75211000321,75211000291,75211000291
75211000331,75211000301,75211000301
75211000344,75211000314,75211000314
75211000351,75211000321,75211000321
75211000361,75211000331,75211000331
75211000371,75211000341,75211000341
75211000381,75211000351,75211000351
75211000391,75211000361,75211000361
75211000401,75211000371,75211000371
75211000411,75211000381,75211000381
75211000421,75211000391,75211000391
75211000431,75211000401,75211000401
75211000441,75211000411,75211000411
75211000451,75211000421,75211000421
75213000011,75213000431,75213000431
75213000021,75213000441,75213000441
75213000034,75213000454,75213000454
75213000041,75213000461,75213000461
75213000083,75213000503,75213000503
75213000093,75213000513,75213000513
75215100011,75215100521,75215100521
75215100091,75215100601,75215100601
75215100101,75215100611,75215100611
75215100111,75215100621,75215100621
75215100121,75215100631,75215100631
75215100151,75215100661,75215100661
75215100161,75215100671,75215100671
75211000021,75211000691,75211000691
75211000031,75211000701,75211000701
75215100171,75215100011,75215100011
75215100181,75215100021,75215100021
75215100231,75215100071,75215100071
75215300021,75215300101,75215300101
75215300031,75215300111,75215300111
75215300041,75215300121,75215300121
75215500011,75215500131,75215500131
75215500021,75215500141,75215500141
75215500034,75215500154,75215500154
75215500041,75215500161,75215500161
75215500151,75215500011,75215500011
75215500164,75215500024,75215500024
75215500174,75215500034,75215500034
75215500051,75215500041,75215500041
75215500061,75215500051,75215500051
75215500071,75215500061,75215500061
75215500081,75215500071,75215500071
75215500184,75215500114,75215500114
75215500121,75215500181,75215500181
75215500133,75215500193,75215500193
75215500144,75215500204,75215500204
75215700013,75215700213,75215700213
75215600013,75215600013,75215600013
75215600021,75215600021,75215600021
75215600031,75215600031,75215600031
75215600041,75215600041,75215600041
75215600056,75215600056,75215600056
75215700023,75215700013,75215700013
75215700033,75215700023,75215700023
75215900013,75215900013,75215900013
75215900023,75215900023,75215900023
75215900033,75215900033,75215900033
75215900041,75215900041,75215900041
75216100011,75216100011,75216100011
75216100021,75216100026,75216100026
75216500183,75216500013,75216500013
75216500191,75216500021,75216500021
75216500203,75216500033,75216500033
75216500211,75216500041,75216500041
75216500221,75216500051,75216500051
75216500231,75216500061,75216500061
75216500241,75216500071,75216500071
75216500571,75216500081,75216500081
75216500254,75216500094,75216500094
75216500261,75216500101,75216500101
75216500274,75216500114,75216500114
75216500281,75216500121,75216500121
75216500294,75216500134,75216500134
75216500301,75216500141,75216500141
75216500314,75216500154,75216500154
75216500321,75216500161,75216500161
75216500334,75216500174,75216500174
75216500344,75216500184,75216500184
75216500351,75216500191,75216500191
75216500364,75216500204,75216500204
75216500371,75216500211,75216500211
75216500384,75216500224,75216500224
75216500393,75216500233,75216500233
75216500401,75216500241,75216500241
75216500414,75216500254,75216500254
75216500423,75216500263,75216500263
75216500431,75216500271,75216500271
75216500444,75216500284,75216500284
75216500451,75216500291,75216500291
75216500586,75216500316,75216500316
75216500461,75216500011,75216500011
75216500471,75216500321,75216500321
75216500481,75216500031,75216500031
75216500491,75216500331,75216500331
75216500501,75216500341,75216500341
75216500511,75216500351,75216500351
75216500521,75216500361,75216500361
75216500531,75216500371,75216500371
75216500541,75216500091,75216500091
75216500551,75216500381,75216500381
75216500561,75216500111,75216500111
75216700011,75216700121,75216700121
75216700021,75216700131,75216700131
75216900011,75216900141,75216900141
75216900021,75216900151,75216900151
75216900031,75216900161,75216900161
75216900041,75216900171,75216900171
75216900051,75216900181,75216900181
75216900061,75216900191,75216900191
75216900071,75216900201,75216900201
75216900081,75216900211,75216900211
75216900091,75216900221,75216900221
75216900101,75216900231,75216900231
75216900114,75216900244,75216900244
75216900123,75216900253,75216900253
75216900131,75216900261,75216900261
75216900141,75216900271,75216900271
75216900151,75216900281,75216900281
75216900161,75216900291,75216900291
75216900171,75216900301,75216900301
75216900181,75216900311,75216900311
75216900194,75216900324,75216900324
75216900206,75216900336,75216900336
75217100021,75217100231,75217100231
75217100031,75217100241,75217100241
75217100041,75217100251,75217100251
75217100054,75217100264,75217100264
75217100061,75217100271,75217100271
75217300011,75217300281,75217300281
75217300021,75217300291,75217300291
75217100011,75217100301,75217100301
75217300031,75217300011,75217300011
75217300041,75217300301,75217300301
75217300051,75217300021,75217300021
75217300061,75217300031,75217300031
75217300071,75217300041,75217300041
75217300081,75217300051,75217300051
75217300091,75217300061,75217300061
75217300101,75217300071,75217300071
75217300111,75217300081,75217300081
75217500011,75217500091,75217500091
75217500021,75217500101,75217500101
75217500031,75217500111,75217500111
75217500041,75217500121,75217500121
75217500051,75217500131,75217500131
75217500061,75217500141,75217500141
75217500071,75217500151,75217500151
75217700051,75217700201,75217700201
75217700061,75217700211,75217700211
75217700071,75217700221,75217700221
75217700081,75217700231,75217700231
75217700091,75217700241,75217700241
75217700101,75217700251,75217700251
75217700111,75217700261,75217700261
75217700121,75217700271,75217700271
75217700134,75217700284,75217700284
75217700141,75217700291,75217700291
75217700154,75217700304,75217700304
75217900011,75217900311,75217900311
75217900021,75217900321,75217900321
75219100014,75219100334,75219100334
75218100011,75218100341,75218100341
75219100571,75219100011,75219100011
75219100584,75219100024,75219100024
75219100591,75219100031,75219100031
75219100604,75219100044,75219100044
75219100611,75219100051,75219100051
75219100621,75219100061,75219100061
75219100631,75219100071,75219100071
75219100641,75219100081,75219100081
75219100654,75219100094,75219100094
75219100661,75219100101,75219100101
75219100671,75219100111,75219100111
75219100684,75219100124,75219100124
75219100691,75219100131,75219100131
75219100701,75219100141,75219100141
75219100711,75219100151,75219100151
75219100721,75219100161,75219100161
75219100734,75219100174,75219100174
75219100741,75219100181,75219100181
75219100751,75219100191,75219100191
75219100764,75219100204,75219100204
75219100771,75219100211,75219100211
75219100784,75219100224,75219100224
75219100793,75219100233,75219100233
75219100803,75219100241,75219100241
75219100811,75219100251,75219100251
75219100821,75219100261,75219100261
75219100834,75219100274,75219100274
75219100843,75219100283,75219100283
75219100853,75219100291,75219100291
75219100863,75219100303,75219100303
75219100873,75219100311,75219100311
75219100883,75219100321,75219100321
75219100893,75219100331,75219100331
75219100901,75219100341,75219100341
75219100911,75219100351,75219100351
75219100921,75219100361,75219100361
75219100931,75219100371,75219100371
75219100941,75219100381,75219100381
75219100951,75219100391,75219100391
75219100961,75219100401,75219100401
75219300011,75219300411,75219300411
75219500011,75219500421,75219500421
75219500021,75219500431,75219500431
75219500031,75219500441,75219500441
75219500041,75219500451,75219500451
75219500051,75219500461,75219500461
75219500061,75219500471,75219500471
75219500071,75219500481,75219500481
75219500081,75219500491,75219500491
75219500091,75219500501,75219500501
75219500101,75219500511,75219500511
75219100561,75219100526,75219100526
75219500114,75219500014,75219500014
75219500171,75219500021,75219500021
75219500123,75219500033,75219500033
75219500131,75219500041,75219500041
75219500141,75219500051,75219500051
75219500151,75219500061,75219500061
75219500161,75219500071,75219500071
75219500186,75219500086,75219500086
75219600011,75219600011,75219600011
75219600021,75219600021,75219600021
75219600031,75219600031,75219600031
75219600044,75219600044,75219600044
75219600053,75219600053,75219600053
75219600061,75219600061,75219600061
75219600071,75219600071,75219600071
75219600081,75219600081,75219600081
75219600091,75219600091,75219600091
75219600104,75219600104,75219600104
75219600113,75219600113,75219600113
75219600126,75219600126,75219600126
75219700011,75219700011,75219700011
75219700021,75219700021,75219700021
75219700031,75219700031,75219700031
75219700041,75219700041,75219700041
75219700051,75219700051,75219700051
75219700061,75219700061,75219700061
75219700071,75219700071,75219700071
75219700081,75219700081,75219700081
75219700091,75219700091,75219700091
75219700101,75219700101,75219700101
75219700111,75219700111,75219700111
75219900011,75219900121,75219900121
75219900021,75219900131,75219900131
75219900031,75219900141,75219900141
75219900041,75219900151,75219900151
75219900051,75219900161,75219900161
75219900061,75219900171,75219900171
75219900071,75219900181,75219900181
75219900081,75219900191,75219900191
75219900091,75219900201,75219900201
75219900101,75219900211,75219900211
75219900111,75219900221,75219900221
75219900121,75219900231,75219900231
75219900131,75219900241,75219900241
75219900146,75219900256,75219900256
77210000145,77210000165,77210000165
77210000165,77210000185,77210000185
77210000175,77210000195,77210000195
77210000185,77210000205,77210000205
77221100021,77221100121,77221100121
77221100031,77221100131,77221100131
77221100041,77221100141,77221100141
77221100051,77221100151,77221100151
77221100061,77221100161,77221100161
77221100011,77221100171,77221100171
77221100071,77221100011,77221100011
77221100081,77221100021,77221100021
77221100091,77221100031,77221100031
77221300011,77221300041,77221300041
77221300021,77221300051,77221300051
77221300031,77221300061,77221300061
77221300041,77221300071,77221300071
77221300051,77221300081,77221300081
77221300061,77221300091,77221300091
77221300071,77221300101,77221300101
77221300084,77221300114,77221300114
77221300091,77221300121,77221300121
77221300101,77221300131,77221300131
77221300111,77221300141,77221300141
77221300121,77221300151,77221300151
77221500011,77221500161,77221500161
77221700011,77221700171,77221700171
77221700021,77221700181,77221700181
77221900014,77221900194,77221900194
77222100011,77222100201,77222100201
77222100021,77222100211,77222100211
77222100034,77222100224,77222100224
77222100041,77222100231,77222100231
77222100054,77222100244,77222100244
77222100061,77222100251,77222100251
77222100074,77222100264,77222100264
77222100084,77222100274,77222100274
77222100091,77222100281,77222100281
77222100104,77222100294,77222100294
77222100113,77222100303,77222100303
77222100123,77222100313,77222100313
77222100134,77222100324,77222100324
77222100141,77222100331,77222100331
77222100154,77222100344,77222100344
77222100164,77222100354,77222100354
77222100171,77222100361,77222100361
77222100184,77222100374,77222100374
77222100194,77222100384,77222100384
77222100201,77222100391,77222100391
77222200011,77222200011,77222200011
77222200024,77222200024,77222200024
77222200033,77222200033,77222200033
77222200043,77222200041,77222200041
77222200051,77222200051,77222200051
77222200064,77222200064,77222200064
77222200073,77222200073,77222200073
77222200081,77222200081,77222200081
77222200093,77222200093,77222200093
77222200101,77222200101,77222200101
77222200114,77222200114,77222200114
77222200121,77222200121,77222200121
77222200133,77222200133,77222200133
77222200183,77222200143,77222200143
77222200191,77222200151,77222200151
77222200204,77222200164,77222200164
77222200211,77222200171,77222200171
77222200233,77222200183,77222200183
77222200241,77222200191,77222200191
77222200143,77222200203,77222200203
77222200151,77222200211,77222200211
77222200164,77222200224,77222200224
77222200173,77222200233,77222200233
77222200226,77222200246,77222200246
77222200256,77222200256,77222200256
77222300011,77222300011,77222300011
77222300021,77222300021,77222300021
77222300034,77222300034,77222300034
77222300044,77222300044,77222300044
77222300053,77222300053,77222300053
77222300063,77222300063,77222300063
77222300071,77222300071,77222300071
77222300084,77222300084,77222300084
77222300093,77222300093,77222300093
77222300106,77222300106,77222300106
77231000011,77231000011,77231000011
77231000024,77231000024,77231000024
77231000031,77231000031,77231000031
77231000044,77231000044,77231000044
77231000051,77231000051,77231000051
77231000251,77231000161,77231000161
77231000244,77231000174,77231000174
77231000061,77231000181,77231000181
77231000071,77231000191,77231000191
77231000081,77231000201,77231000201
77231000091,77231000211,77231000211
77231000101,77231000221,77231000221
77231000111,77231000231,77231000231
77231000121,77231000241,77231000241
77231000134,77231000254,77231000254
77231000141,77231000261,77231000261
77231000151,77231000271,77231000271
77231000161,77231000281,77231000281
77231000171,77231000291,77231000291
77231000181,77231000301,77231000301
77231000191,77231000311,77231000311
77231000201,77231000321,77231000321
77231000214,77231000334,77231000334
77231000221,77231000341,77231000341
77231000231,77231000351,77231000351
77231000266,77231000366,77231000366
77232000013,77232000013,77232000013
77232000026,77232000036,77232000036
77233000013,77233000013,77233000013
77233000023,77233000023,77233000023
77233000033,77233000033,77233000033
77233000043,77233000043,77233000043
77233000073,77233000053,77233000053
77233000261,77233000061,77233000061
77233000274,77233000074,77233000074
77233000293,77233000093,77233000093
77233000283,77233000103,77233000103
77233000303,77233000113,77233000113
77233000084,77233000124,77233000124
77233000091,77233000131,77233000131
77233000101,77233000141,77233000141
77233000111,77233000151,77233000151
77233000121,77233000161,77233000161
77233000131,77233000171,77233000171
77233000141,77233000181,77233000181
77233000154,77233000194,77233000194
77233000163,77233000203,77233000203
77233000173,77233000213,77233000213
77233000183,77233000223,77233000223
77233000193,77233000233,77233000233
77233000203,77233000243,77233000243
77233000213,77233000253,77233000253
77233000223,77233000263,77233000263
77233000233,77233000273,77233000273
77233000241,77233000281,77233000281
77233000251,77233000291,77233000291
77233000053,77233000306,77233000306
77233000063,77233000316,77233000316
77234100013,77234100013,77234100013
77234100023,77234100023,77234100023
77234100031,77234100031,77234100031
77234300016,77234300046,77234300046
77235000013,77235000013,77235000013
77235000023,77235000023,77235000023
77235000033,77235000033,77235000033
77235000043,77235000043,77235000043
77235000051,77235000051,77235000051
77235000091,77235000071,77235000071
77235000081,77235000081,77235000081
77235000071,77235000091,77235000091
77235000061,77235000101,77235000101
77235000101,77235000111,77235000111
77235000111,77235000121,77235000121
77235000121,77235000131,77235000131
77235000131,77235000141,77235000141
77235000141,77235000151,77235000151
77235000154,77235000014,77235000014
77235000161,77235000021,77235000021
77235000171,77235000031,77235000031
77235000181,77235000041,77235000041
77235000191,77235000161,77235000161
77237000011,77237000061,77237000061
77237000021,77237000071,77237000071
77239000011,77239000081,77239000081
77239000021,77239000091,77239000091
77239000031,77239000101,77239000101
77239000041,77239000111,77239000111
77239000051,77239000121,77239000121
77239000061,77239000131,77239000131
77239000071,77239000141,77239000141
77239000081,77239000151,77239000151
77239000091,77239000161,77239000161
77250000011,77250000351,77250000351
77250000021,77250000181,77250000181
77250000031,77250000361,77250000361
77250000041,77250000201,77250000201
77250000051,77250000211,77250000211
77250000061,77250000221,77250000221
77250000071,77250000231,77250000231
77250000084,77250000244,77250000244
77250000093,77250000373,77250000373
77250000101,77250000381,77250000381
77250000361,77250000011,77250000011
77250000353,77250000023,77250000023
77250000341,77250000031,77250000031
77250000333,77250000043,77250000043
77250000321,77250000091,77250000091
77250000231,77250000101,77250000101
77250000243,77250000113,77250000113
77250000251,77250000121,77250000121
77250000263,77250000133,77250000133
77250000111,77250000141,77250000141
77250000121,77250000151,77250000151
77250000133,77250000163,77250000163
77250000141,77250000171,77250000171
77250000383,77250000183,77250000183
77250000391,77250000191,77250000191
77250000163,77250000203,77250000203
77250000213,77250000213,77250000213
77250000173,77250000223,77250000223
77250000203,77250000233,77250000233
77250000193,77250000243,77250000243
77250000183,77250000253,77250000253
77250000271,77250000261,77250000261
77250000153,77250000273,77250000273
77250000293,77250000283,77250000283
77250000301,77250000291,77250000291
77250000376,77250000306,77250000306
77250000406,77250000316,77250000316
77250000226,77250000326,77250000326
77250000286,77250000336,77250000336
77250000316,77250000346,77250000346
77260100013,77260100013,77260100013
77260100023,77260100023,77260100023
77260100033,77260100033,77260100033
77260100043,77260100043,77260100043
77260100053,77260100053,77260100053
77260100061,77260100061,77260100061
77260100071,77260100071,77260100071
77260100081,77260100081,77260100081
77260100091,77260100091,77260100091
77260100101,77260100101,77260100101
77260100111,77260100111,77260100111
77260100121,77260100121,77260100121
77260100131,77260100131,77260100131
77260100141,77260100141,77260100141
77260100151,77260100151,77260100151
77260100161,77260100161,77260100161
77260100171,77260100171,77260100171
77260100181,77260100181,77260100181
77260100191,77260100191,77260100191
77260300011,77260300201,77260300201
77260300021,77260300211,77260300211
77260300031,77260300221,77260300221
77260300041,77260300231,77260300231
77260300051,77260300241,77260300241
77260300061,77260300251,77260300251
77260300071,77260300261,77260300261
77260300081,77260300271,77260300271
77260300091,77260300281,77260300281
77260300101,77260300291,77260300291
77260300111,77260300301,77260300301
77260300121,77260300311,77260300311
77260500011,77260500321,77260500321
77260500021,77260500331,77260500331
77260500034,77260500344,77260500344
77260500041,77260500351,77260500351
77260500054,77260500364,77260500364
77260500064,77260500374,77260500374
77260500071,77260500381,77260500381
77260500081,77260500391,77260500391
77260500094,77260500404,77260500404
77260500101,77260500411,77260500411
77260600011,77260600231,77260600231
77260600024,77260600244,77260600244
77260600031,77260600251,77260600251
77260600044,77260600264,77260600264
77260600051,77260600271,77260600271
77260600064,77260600284,77260600284
77260600071,77260600291,77260600291
77260600081,77260600301,77260600301
77260600091,77260600311,77260600311
77260600101,77260600321,77260600321
77260600111,77260600331,77260600331
77260600121,77260600341,77260600341
77260600131,77260600351,77260600351
77260600141,77260600361,77260600361
77260600151,77260600371,77260600371
77260600161,77260600381,77260600381
77260600176,77260600396,77260600396
77260700011,77260700011,77260700011
77260700021,77260700021,77260700021
77260700031,77260700031,77260700031
77260900011,77260900021,77260900021
77260900021,77260900031,77260900031
77260900034,77260900044,77260900044
77260900043,77260900053,77260900053
77260900143,77260900063,77260900063
77260900151,77260900071,77260900071
77260900053,77260900083,77260900083
77260900063,77260900093,77260900093
77260900073,77260900103,77260900103
77260900081,77260900111,77260900111
77260900091,77260900121,77260900121
77260900101,77260900131,77260900131
77260900111,77260900141,77260900141
77260900121,77260900151,77260900151
77260900166,77260900166,77260900166
77260900136,77260900176,77260900176
77270000013,77270000013,77270000013
77270000023,77270000023,77270000023
77270000033,77270000033,77270000033
77270000193,77270000043,77270000043
77270000201,77270000051,77270000051
77270000043,77270000063,77270000063
77270000051,77270000071,77270000071
77270000063,77270000083,77270000083
77270000073,77270000093,77270000093
77270000083,77270000103,77270000103
77270000093,77270000113,77270000113
77270000103,77270000123,77270000123
77270000113,77270000133,77270000133
77270000121,77270000141,77270000141
77270000131,77270000151,77270000151
77270000141,77270000161,77270000161
77270000151,77270000171,77270000171
77270000161,77270000181,77270000181
77270000171,77270000191,77270000191
77270000181,77270000201,77270000201
77270000216,77270000216,77270000216
77280100011,77280100011,77280100011
77280100021,77280100021,77280100021
77280100031,77280100031,77280100031
77280100041,77280100041,77280100041
77280100051,77280100051,77280100051
77280100061,77280100061,77280100061
77280100071,77280100071,77280100071
77280100081,77280100081,77280100081
77280100091,77280100091,77280100091
77280100101,77280100101,77280100101
77280100111,77280100111,77280100111
77280100121,77280100121,77280100121
77280100131,77280100131,77280100131
77280200011,77280200011,77280200011
77280200021,77280200021,77280200021
77280200031,77280200031,77280200031
77280200044,77280200044,77280200044
77280200051,77280200051,77280200051
77280200066,77280200066,77280200066
77280300011,77280300031,77280300031
77280300021,77280300041,77280300041
77280300034,77280300054,77280300054
77280300041,77280300061,77280300061
77280300051,77280300071,77280300071
77280300061,77280300081,77280300081
77280300071,77280300091,77280300091
77280300081,77280300101,77280300101
77280300091,77280300111,77280300111
77280300101,77280300121,77280300121
77280400011,77280400011,77280400011
77280400024,77280400024,77280400024
77280400031,77280400031,77280400031
77280400041,77280400041,77280400041
77280400051,77280400051,77280400051
77280400061,77280400061,77280400061
77280400071,77280400071,77280400071
77280400084,77280400084,77280400084
77280400091,77280400091,77280400091
77280400101,77280400101,77280400101
77280400111,77280400111,77280400111
77280400121,77280400121,77280400121
77280400134,77280400134,77280400134
77280400141,77280400141,77280400141
77280400151,77280400161,77280400161
77280400161,77280400171,77280400171
77280400171,77280400181,77280400181
77280400181,77280400191,77280400191
77280400191,77280400201,77280400201
77280400204,77280400214,77280400214
77280400351,77280400231,77280400231
77280400361,77280400241,77280400241
77280400211,77280400251,77280400251
77280400224,77280400264,77280400264
77280400233,77280400273,77280400273
77280400241,77280400281,77280400281
77280400251,77280400291,77280400291
77280400264,77280400304,77280400304
77280400273,77280400313,77280400313
77280400281,77280400321,77280400321
77280400294,77280400334,77280400334
77280400303,77280400343,77280400343
77280400313,77280400353,77280400353
77280400321,77280400361,77280400361
77280400341,77280400386,77280400386
77280400376,77280400396,77280400396
77280400336,77280400406,77280400406
77280500011,77280500011,77280500011
77280500021,77280500021,77280500021
77280500034,77280500034,77280500034
77280500041,77280500041,77280500041
77280500054,77280500054,77280500054
77280500061,77280500061,77280500061
77280500074,77280500074,77280500074
77280500081,77280500081,77280500081
77280500091,77280500091,77280500091
77280500101,77280500101,77280500101
77280500111,77280500111,77280500111
77280500121,77280500121,77280500121
77280500131,77280500131,77280500131
77280500141,77280500141,77280500141
77280500151,77280500151,77280500151
77280500161,77280500161,77280500161
77280500171,77280500171,77280500171
77280600011,77280600011,77280600011
77280600021,77280600021,77280600021
77280600031,77280600031,77280600031
77280600041,77280600041,77280600041
77280700011,77280700011,77280700011
77280700024,77280700024,77280700024
77280700034,77280700034,77280700034
77280700041,77280700041,77280700041
77280800011,77280800011,77280800011
77280800021,77280800021,77280800021
77280800031,77280800031,77280800031
77280800041,77280800041,77280800041
77280900011,77280900011,77280900011
77280900021,77280900021,77280900021
77280900031,77280900031,77280900031
77280900041,77280900041,77280900041
77280900051,77280900051,77280900051
77280900061,77280900061,77280900061
77280900071,77280900071,77280900071
77280900081,77280900081,77280900081
77280900091,77280900091,77280900091
77280900101,77280900101,77280900101
77280900111,77280900111,77280900111
77280900121,77280900121,77280900121
77280900136,77280900136,77280900136
77291000011,77291000011,77291000011
77291000021,77291000021,77291000021
77291000031,77291000031,77291000031
77291000041,77291000041,77291000041
77291000051,77291000051,77291000051
77291000061,77291000061,77291000061
77291000071,77291000071,77291000071
77291000081,77291000081,77291000081
77291000091,77291000091,77291000091
77291000101,77291000101,77291000101
77291000111,77291000111,77291000111
77291000121,77291000121,77291000121
77291000131,77291000131,77291000131
77291000141,77291000141,77291000141
77291000151,77291000151,77291000151
77291000161,77291000161,77291000161
77291000171,77291000171,77291000171
77291000181,77291000181,77291000181
77291000191,77291000191,77291000191
77291000204,77291000204,77291000204
77291000211,77291000211,77291000211
77291000221,77291000221,77291000221
77291000231,77291000231,77291000231
77291000241,77291000241,77291000241
77291000254,77291000254,77291000254
77291000261,77291000261,77291000261
77291000271,77291000271,77291000271
77291000281,77291000281,77291000281
77291000291,77291000291,77291000291
77291000301,77291000301,77291000301
77291000311,77291000311,77291000311
77291000321,77291000321,77291000321
77291000331,77291000331,77291000331
77291000341,77291000341,77291000341
77291000351,77291000351,77291000351
77292000011,77292000011,77292000011
77292000021,77292000021,77292000021
77292000031,77292000031,77292000031
77292000041,77292000041,77292000041
77292000051,77292000051,77292000051
77292000061,77292000061,77292000061
77292000071,77292000071,77292000071
77292000081,77292000081,77292000081
77292000091,77292000091,77292000091
77292000101,77292000101,77292000101
77292000116,77292000116,77292000116
77295000011,77295000011,77295000011
77295000021,77295000021,77295000021
77295000031,77295000031,77295000031
77295000041,77295000041,77295000041
77295000051,77295000051,77295000051
77295000061,77295000061,77295000061
77295000071,77295000071,77295000071
77295000081,77295000081,77295000081
77295000091,77295000091,77295000091
77295000101,77295000101,77295000101
77295000111,77295000111,77295000111
77295000121,77295000121,77295000121
77295000131,77295000131,77295000131
77295000141,77295000141,77295000141
77296000011,77296000011,77296000011
77296000021,77296000021,77296000021
77296000031,77296000031,77296000031
77296000041,77296000041,77296000041
77296000051,77296000051,77296000051
77296000061,77296000061,77296000061
77296000074,77296000074,77296000074
77296000081,77296000081,77296000081
77296000091,77296000091,77296000091
77296000101,77296000101,77296000101
77296000111,77296000111,77296000111
77296000121,77296000121,77296000121
77296000131,77296000131,77296000131
77296000141,77296000141,77296000141
77296000151,77296000151,77296000151
77296000161,77296000161,77296000161
77296000171,77296000171,77296000171
77296000181,77296000181,77296000181
77296000191,77296000191,77296000191
77296000201,77296000201,77296000201
77296000211,77296000211,77296000211
77296000221,77296000221,77296000221
77296000301,77296000341,77296000341
77296000311,77296000351,77296000351
77296000321,77296000361,77296000361
77296000331,77296000371,77296000371
77296000341,77296000381,77296000381
77296000251,77296000391,77296000391
77296000261,77296000401,77296000401
77296000271,77296000411,77296000411
77296000281,77296000421,77296000421
77296000291,77296000431,77296000431
77296000241,77296000441,77296000441
77296000236,77296000456,77296000456
77296000356,77296000466,77296000466
77297000011,77297000011,77297000011
77297000024,77297000024,77297000024
77297000031,77297000031,77297000031
77297000044,77297000044,77297000044
77297000054,77297000054,77297000054
77297000061,77297000061,77297000061
77297000071,77297000071,77297000071
77297000081,77297000081,77297000081
77297000091,77297000091,77297000091
77297000101,77297000101,77297000101
77297000114,77297000114,77297000114
77297000121,77297000121,77297000121
77297000131,77297000131,77297000131
77297000144,77297000144,77297000144
77297000163,77297000163,77297000163
77297000153,77297000173,77297000173
77297000173,77297000183,77297000183
77297000183,77297000193,77297000193
77297000213,77297000203,77297000203
77297000203,77297000213,77297000213
77297000193,77297000223,77297000223
77298000013,77298000013,77298000013
77298000023,77298000023,77298000023
77298000031,77298000031,77298000031
77298000041,77298000041,77298000041
77298000056,77298000056,77298000056
77299000013,77299000013,77299000013
77299000023,77299000023,77299000023
77299000031,77299000031,77299000031
77299000041,77299000041,77299000041
77299000054,77299000054,77299000054
77299000064,77299000064,77299000064
77299000071,77299000071,77299000071
77299000081,77299000081,77299000081
77299000091,77299000091,77299000091
77299000101,77299000101,77299000101
77299000114,77299000114,77299000114
77299000121,77299000121,77299000121
77299000131,77299000131,77299000131
77299000144,77299000144,77299000144
77299000153,77299000153,77299000153
77299000163,77299000163,77299000163
77299000171,77299000171,77299000171
77299000181,77299000181,77299000181
77299000191,77299000191,77299000191
77299000201,77299000201,77299000201
77299000211,77299000211,77299000211
77299000221,77299000221,77299000221
77299000231,77299000231,77299000231
77299000241,77299000241,77299000241
77299000251,77299000251,77299000251
77299000266,77299000266,77299000266
77441000045,77441000015,77441000015
77441000035,77441000025,77441000025
77441000025,77441000035,77441000035
77441000015,77441000045,77441000045
77450000016,77450000056,77450000056
77442100035,77442100015,77442100015
77442100045,77442100025,77442100025
77442100055,77442100035,77442100035
77442100065,77442100045,77442100045
77442100075,77442100055,77442100055
77442100085,77442100065,77442100065
77442100095,77442100075,77442100075
77442100105,77442100085,77442100085
77442100025,77442100095,77442100095
77442100015,77442100105,77442100105
77442200015,77442200015,77442200015
77442200045,77442200025,77442200025
77442200025,77442200035,77442200035
77442200056,77442200046,77442200046
77442200036,77442200056,77442200056
77442300053,77442300013,77442300013
77442300063,77442300023,77442300023
77442300015,77442300035,77442300035
77442300125,77442300045,77442300045
77442300135,77442300055,77442300055
77442300025,77442300065,77442300065
77442300035,77442300075,77442300075
77442300105,77442300085,77442300085
77442300045,77442300095,77442300095
77442300146,77442300106,77442300106
77442300116,77442300116,77442300116
77442300071,77442300011,77442300011
77442300081,77442300021,77442300021
77442300091,77442300031,77442300031
77442500011,77442500041,77442500041
77442500021,77442500051,77442500051
77442500031,77442500061,77442500061
77442500046,77442500076,77442500076
77443000123,77443000013,77443000013
77443000133,77443000023,77443000023
77443000094,77443000044,77443000044
77443000053,77443000053,77443000053
77443000113,77443000063,77443000063
77443000203,77443000073,77443000073
77443000103,77443000083,77443000083
77443000193,77443000093,77443000093
77443000213,77443000103,77443000103
77443000223,77443000113,77443000113
77443000153,77443000123,77443000123
77443000183,77443000133,77443000133
77443000063,77443000143,77443000143
77443000073,77443000153,77443000153
77443000083,77443000163,77443000163
77443000025,77443000175,77443000175
77443000015,77443000185,77443000185
77443000035,77443000195,77443000195
77443000145,77443000205,77443000205
77443000165,77443000215,77443000215
77443000045,77443000225,77443000225
77444000011,77444000011,77444000011
77444000021,77444000021,77444000021
77444000033,77444000033,77444000033
77444000041,77444000041,77444000041
77444000054,77444000054,77444000054
77444000063,77444000063,77444000063
77444000071,77444000071,77444000071
77444000083,77444000083,77444000083
77444000096,77444000096,77444000096
77445000011,77445000011,77445000011
77445000021,77445000021,77445000021
77446000011,77446000011,77446000011
77446000021,77446000021,77446000021
77446000031,77446000031,77446000031
77446000041,77446000041,77446000041
77446000051,77446000051,77446000051
77446000061,77446000061,77446000061
77446000076,77446000086,77446000086
77447000011,77447000011,77447000011
77449100011,77449100021,77449100021
77449100021,77449100031,77449100031
77449100031,77449100041,77449100041
77449100041,77449100051,77449100051
77449100051,77449100061,77449100061
77449100061,77449100071,77449100071
77449100071,77449100081,77449100081
77449100081,77449100091,77449100091
77449100091,77449100101,77449100101
77449100101,77449100111,77449100111
77449100111,77449100121,77449100121
77449100121,77449100131,77449100131
77449100131,77449100141,77449100141
77449300011,77449300231,77449300231
77449300021,77449300241,77449300241
77449300031,77449300171,77449300171
77449300041,77449300181,77449300181
77449300051,77449300251,77449300251
77449300061,77449300011,77449300011
77449300071,77449300021,77449300021
77449300081,77449300031,77449300031
77449300091,77449300041,77449300041
77449300101,77449300051,77449300051
77449300111,77449300061,77449300061
77449300121,77449300071,77449300071
77449500011,77449500081,77449500081
77449500021,77449500091,77449500091
77449500031,77449500101,77449500101
77449500043,77449500113,77449500113
77449500051,77449500121,77449500121
77449500064,77449500134,77449500134
77449500073,77449500143,77449500143
77449500081,77449500151,77449500151
77449500091,77449500161,77449500161
77449500103,77449500173,77449500173
77449500113,77449500183,77449500183
77449500121,77449500191,77449500191
77449500131,77449500201,77449500201
77449500144,77449500214,77449500214
77449500153,77449500223,77449500223
77449500163,77449500013,77449500013
77449500173,77449500023,77449500023
77449500183,77449500033,77449500033
77449500191,77449500041,77449500041
77449500201,77449500051,77449500051
77449500211,77449500061,77449500061
77449500226,77449500076,77449500076
77449600013,77449600013,77449600013
77449600021,77449600021,77449600021
77449700013,77449700013,77449700013
77449700023,77449700023,77449700023
77449700031,77449700031,77449700031
77449700044,77449700044,77449700044
77449700173,77449700053,77449700053
77449700183,77449700063,77449700063
77449700193,77449700073,77449700073
77449700201,77449700081,77449700081
77449700054,77449700094,77449700094
77449700061,77449700101,77449700101
77449700074,77449700114,77449700114
77449700083,77449700123,77449700123
77449700093,77449700133,77449700133
77449700104,77449700144,77449700144
77449700113,77449700153,77449700153
77449700121,77449700161,77449700161
77449700134,77449700174,77449700174
77449700141,77449700181,77449700181
77449700153,77449700193,77449700193
77449700216,77449700206,77449700206
77449700166,77449700216,77449700216
77450000055,77450000015,77450000015
77450000035,77450000025,77450000025
77450000026,77450000036,77450000036
77460000013,77460000013,77460000013
77460000021,77460000021,77460000021
77460000031,77460000031,77460000031
77460000041,77460000041,77460000041
77460000051,77460000051,77460000051
77460000061,77460000061,77460000061
77460000071,77460000071,77460000071
77460000081,77460000081,77460000081
77460000091,77460000091,77460000091
77460000101,77460000101,77460000101
77460000111,77460000111,77460000111
77460000121,77460000121,77460000121
77460000141,77460000131,77460000131
77460000151,77460000141,77460000141
77470000036,77470000156,77470000156
77460000136,77460000166,77460000166
77460000166,77460000176,77460000176
77470000023,77470000013,77470000013
77480100011,77480100021,77480100021
77480100021,77480100031,77480100031
77480100031,77480100041,77480100041
77480100041,77480100051,77480100051
77480100051,77480100061,77480100061
77480200011,77480200011,77480200011
77480200021,77480200021,77480200021
77480200031,77480200031,77480200031
77480200041,77480200041,77480200041
77480200051,77480200051,77480200051
77480200061,77480200061,77480200061
77480200081,77480200071,77480200071
77480200094,77480200084,77480200084
77480200076,77480200106,77480200106
77480200106,77480200116,77480200116
77480300011,77480300011,77480300011
77480300021,77480300021,77480300021
77480300034,77480300034,77480300034
77480300041,77480300041,77480300041
77480300051,77480300051,77480300051
77480300061,77480300061,77480300061
77480300071,77480300071,77480300071
77480300081,77480300081,77480300081
77480300091,77480300091,77480300091
77480300101,77480300101,77480300101
77480300111,77480300111,77480300111
77480500011,77480500121,77480500121
77480500021,77480500131,77480500131
77480500031,77480500141,77480500141
77480500041,77480500151,77480500151
77480500051,77480500161,77480500161
77480700011,77480700171,77480700171
77480700024,77480700184,77480700184
77480700033,77480700193,77480700193
77480700041,77480700201,77480700201
77480700054,77480700214,77480700214
77480700064,77480700224,77480700224
77480700073,77480700233,77480700233
77480700081,77480700241,77480700241
77480700091,77480700251,77480700251
77480700103,77480700263,77480700263
77480700111,77480700271,77480700271
77480700124,77480700284,77480700284
77480700131,77480700291,77480700291
77480700141,77480700301,77480700301
77480700151,77480700311,77480700311
77480700163,77480700323,77480700323
77480700171,77480700331,77480700331
77480700184,77480700344,77480700344
77480700193,77480700353,77480700353
77480700203,77480700363,77480700363
77480700213,77480700373,77480700373
77480700223,77480700013,77480700013
77480700243,77480700033,77480700033
77480700251,77480700041,77480700041
77480700236,77480700056,77480700056
77480700266,77480700066,77480700066
78100200031,78100200021,78100200021
78100200041,78100200031,78100200031
78100200051,78100200041,78100200041
78100200061,78100200051,78100200051
78100200071,78100200061,78100200061
78100200084,78100200074,78100200074
78100200091,78100200081,78100200081
78100200104,78100200094,78100200094
78100200111,78100200101,78100200101
78100200124,78100200114,78100200114
78100200134,78100200124,78100200124
78100200141,78100200131,78100200131
78100200154,78100200144,78100200144
78100200161,78100200151,78100200151
78100200174,78100200164,78100200164
78100200181,78100200171,78100200171
78100200191,78100200181,78100200181
78100200201,78100200191,78100200191
78100200211,78100200201,78100200201
78100200401,78100200211,78100200211
78100200221,78100200221,78100200221
78100200231,78100200231,78100200231
78100200241,78100200241,78100200241
78100200251,78100200251,78100200251
78100200264,78100200264,78100200264
78100200271,78100200271,78100200271
78100200284,78100200284,78100200284
78100200294,78100200294,78100200294
78100200301,78100200301,78100200301
78100200311,78100200311,78100200311
78100200321,78100200321,78100200321
78100200331,78100200331,78100200331
78100200341,78100200341,78100200341
78100200353,78100200353,78100200353
78100200363,78100200363,78100200363
78100200371,78100200371,78100200371
78100200384,78100200384,78100200384
78100200416,78100200406,78100200406
78100200396,78100200416,78100200416
78100600023,78100600013,78100600013
78100600031,78100600021,78100600021
78100600041,78100600031,78100600031
78100600051,78100600041,78100600041
78100600061,78100600051,78100600051
78100600071,78100600061,78100600061
78100600081,78100600071,78100600071
78100600091,78100600081,78100600081
78100600101,78100600091,78100600091
78100600111,78100600101,78100600101
78100600121,78100600111,78100600111
78100600131,78100600121,78100600121
78100600141,78100600131,78100600131
78100600151,78100600141,78100600141
78100600161,78100600151,78100600151
78100600171,78100600161,78100600161
78100600181,78100600171,78100600171
78100600191,78100600181,78100600181
78100600201,78100600191,78100600191
78100600211,78100600201,78100600201
78100600221,78100600211,78100600211
78100600231,78100600221,78100600221
78100600251,78100600231,78100600231
78100600261,78100600241,78100600241
78100600271,78100600251,78100600251
78100600281,78100600261,78100600261
78100600291,78100600271,78100600271
78100600301,78100600281,78100600281
78100600015,78100600305,78100600305
78100600325,78100600315,78100600315
78100600316,78100600326,78100600326
78100600336,78100600346,78100600346
78100900025,78100900015,78100900015
78100900035,78100900025,78100900025
78100900045,78100900035,78100900035
78100900055,78100900045,78100900045
78100900065,78100900055,78100900055
78100900075,78100900065,78100900065
78210000035,78210000105,78210000105
78210000025,78210000115,78210000115
78210000015,78210000125,78210000125
78210000045,78210000135,78210000135
78210000055,78210000145,78210000145
78100900016,78100900156,78100900156
78210000123,78210000013,78210000013
78210000091,78210000021,78210000021
78210000401,78210000031,78210000031
78210000063,78210000053,78210000053
78210000151,78210000061,78210000061
78210000161,78210000071,78210000071
78210000171,78210000081,78210000081
78210000181,78210000091,78210000091
78210000191,78210000101,78210000101
78210000201,78210000111,78210000111
78210000214,78210000124,78210000124
78210000224,78210000134,78210000134
78210000233,78210000143,78210000143
78210000241,78210000151,78210000151
78210000254,78210000164,78210000164
78210000263,78210000173,78210000173
78210000073,78210000183,78210000183
78210000083,78210000193,78210000193
78210000273,78210000203,78210000203
78210000283,78210000213,78210000213
78210000291,78210000221,78210000221
78210000304,78210000234,78210000234
78210000314,78210000244,78210000244
78210000321,78210000251,78210000251
78210000333,78210000263,78210000263
78210000341,78210000271,78210000271
78210000351,78210000281,78210000281
78210000361,78210000291,78210000291
78210000371,78210000301,78210000301
78210000436,78210000316,78210000316
78210000416,78210000326,78210000326
78210000386,78210000336,78210000336
78210000103,78210000353,78210000353
78210000113,78210000023,78210000023
78230000013,78230000033,78230000033
78230000023,78230000043,78230000043
78230000031,78230000051,78230000051
78230000041,78230000061,78230000061
78230000051,78230000071,78230000071
78230000064,78230000084,78230000084
78230000071,78230000091,78230000091
78230000084,78230000104,78230000104
78230000091,78230000111,78230000111
78230000104,78230000124,78230000124
78230000114,78230000134,78230000134
78230000124,78230000144,78230000144
78230000131,78230000151,78230000151
78230000144,78230000164,78230000164
78230000154,78230000174,78230000174
78230000161,78230000181,78230000181
78230000174,78230000194,78230000194
78230000181,78230000201,78230000201
78230000194,78230000214,78230000214
78230000204,78230000224,78230000224
78230000214,78230000234,78230000234
78230000224,78230000244,78230000244
78230000231,78230000251,78230000251
78230000244,78230000264,78230000264
78230000254,78230000274,78230000274
78230000264,78230000284,78230000284
78230000274,78230000294,78230000294
78230000281,78230000301,78230000301
78230000291,78230000311,78230000311
78230000304,78230000324,78230000324
78230000314,78230000334,78230000334
78230000321,78230000341,78230000341
78230000331,78230000351,78230000351
78230000341,78230000361,78230000361
78230000351,78230000371,78230000371
78230000364,78230000384,78230000384
78230000371,78230000391,78230000391
78230000384,78230000404,78230000404
78230000394,78230000414,78230000414
78230000403,78230000423,78230000423
78230000414,78230000434,78230000434
78230000423,78230000443,78230000443
78230000431,78230000451,78230000451
78250100053,78250100013,78250100013
78240000011,78240000021,78240000021
78240000021,78240000031,78240000031
78240000031,78240000041,78240000041
78240000041,78240000051,78240000051
78240000051,78240000061,78240000061
78240000064,78240000074,78240000074
78240000071,78240000081,78240000081
78240000081,78240000091,78240000091
78240000091,78240000101,78240000101
78240000101,78240000111,78240000111
78240000111,78240000121,78240000121
78240000124,78240000134,78240000134
78240000133,78240000143,78240000143
78240000141,78240000151,78240000151
78240000154,78240000164,78240000164
78240000163,78240000173,78240000173
78240000171,78240000181,78240000181
78240000183,78240000193,78240000193
78240000193,78240000203,78240000203
78240000213,78240000213,78240000213
78240000206,78240000226,78240000226
78240000226,78240000236,78240000236
78250100011,78250100011,78250100011
78250100023,78250100023,78250100023
78250100034,78250100034,78250100034
78250100043,78250100043,78250100043
78250200013,78250200013,78250200013
78250200024,78250200024,78250200024
78250200031,78250200031,78250200031
78250200041,78250200041,78250200041
78250200051,78250200051,78250200051
78250200061,78250200061,78250200061
78250200071,78250200071,78250200071
78250200081,78250200081,78250200081
78250200091,78250200091,78250200091
78250200101,78250200101,78250200101
78250200111,78250200111,78250200111
78250200121,78250200121,78250200121
78250200131,78250200131,78250200131
78250200141,78250200141,78250200141
78250200151,78250200151,78250200151
78250200161,78250200161,78250200161
78250200171,78250200171,78250200171
78250200186,78250200186,78250200186
78250300043,78250300033,78250300033
78250300053,78250300043,78250300043
78250300033,78250300053,78250300053
78250300023,78250300063,78250300063
78250300013,78250300073,78250300073
78250500013,78250500013,78250500013
78250500021,78250500021,78250500021
78250500033,78250500033,78250500033
78250500043,78250500043,78250500043
78250500053,78250500053,78250500053
78250700011,78250700061,78250700061
78250700024,78250700074,78250700074
78250700033,78250700083,78250700083
78250700043,78250700093,78250700093
78250700053,78250700103,78250700103
78250700063,78250700113,78250700113
78250900013,78250900123,78250900123
78261100013,78261100013,78261100013
78261200013,78261200013,78261200013
78261200023,78261200023,78261200023
78261200031,78261200031,78261200031
78261200041,78261200041,78261200041
78261200051,78261200051,78261200051
78261200061,78261200061,78261200061
78261200071,78261200071,78261200071
78261200081,78261200081,78261200081
78261200091,78261200091,78261200091
78261200101,78261200101,78261200101
78261200111,78261200111,78261200111
78261200121,78261200121,78261200121
78261200131,78261200131,78261200131
78261200141,78261200141,78261200141
78261200151,78261200151,78261200151
78261200161,78261200161,78261200161
78261200174,78261200174,78261200174
78261200181,78261200181,78261200181
78261200191,78261200191,78261200191
78261200206,78261200216,78261200216
78261300013,78261300013,78261300013
78261300021,78261300021,78261300021
78261300031,78261300031,78261300031
78261300043,78261300043,78261300043
78261300051,78261300051,78261300051
78261300063,78261300063,78261300063
78261300071,78261300071,78261300071
78261300081,78261300081,78261300081
78261300091,78261300091,78261300091
78261300101,78261300101,78261300101
78261300114,78261300114,78261300114
78261300123,78261300123,78261300123
78261500013,78261500133,78261500133
78261500024,78261500144,78261500144
78261500033,78261500153,78261500153
78261500111,78261500231,78261500231
78261500121,78261500241,78261500241
78261700014,78261700254,78261700254
78261700021,78261700261,78261700261
78261700031,78261700271,78261700271
78261700041,78261700281,78261700281
78261700051,78261700291,78261700291
78261500083,78261500333,78261500333
78261500094,78261500344,78261500344
78261500103,78261500353,78261500353
78261500073,78261500363,78261500363
78261500063,78261500373,78261500373
78261500051,78261500381,78261500381
78261500043,78261500393,78261500393
78261700061,78261700011,78261700011
78261700071,78261700021,78261700021
78261700084,78261700034,78261700034
78261700091,78261700041,78261700041
78261900011,78261900011,78261900011
78261900023,78261900023,78261900023
78262000013,78262000013,78262000013
78262000021,78262000021,78262000021
78262000031,78262000031,78262000031
78262000041,78262000041,78262000041
78262000051,78262000051,78262000051
78262000061,78262000061,78262000061
78262000074,78262000074,78262000074
78262000081,78262000081,78262000081
78262000091,78262000091,78262000091
78262000106,78262000106,78262000106
78263000013,78263000013,78263000013
78263000021,78263000021,78263000021
78263000031,78263000031,78263000031
78263000041,78263000041,78263000041
78263000051,78263000051,78263000051
78263000061,78263000061,78263000061
78263000071,78263000071,78263000071
78263000084,78263000084,78263000084
78263000091,78263000091,78263000091
78263000101,78263000101,78263000101
78263000114,78263000114,78263000114
78263000123,78263000123,78263000123
78263000133,78263000133,78263000133
78263000143,78263000143,78263000143
78263000153,78263000153,78263000153
78263000163,78263000163,78263000163
78263000173,78263000173,78263000173
78263000183,78263000183,78263000183
78264000013,78264000013,78264000013
78264000023,78264000023,78264000023
78264000031,78264000031,78264000031
78264000041,78264000041,78264000041
78264000054,78264000054,78264000054
78264000061,78264000061,78264000061
78264000074,78264000074,78264000074
78264000083,78264000083,78264000083
78264000093,78264000093,78264000093
78264000103,78264000103,78264000103
78264000113,78264000113,78264000113
78264000124,78264000124,78264000124
78264000133,78264000133,78264000133
78264000141,78264000141,78264000141
78264000154,78264000154,78264000154
78264000161,78264000161,78264000161
78264000171,78264000171,78264000171
78264000181,78264000181,78264000181
78264000191,78264000191,78264000191
78264000203,78264000203,78264000203
78264000213,78264000213,78264000213
78264000223,78264000223,78264000223
78264000233,78264000233,78264000233
78264000243,78264000243,78264000243
78264000251,78264000251,78264000251
78264000261,78264000261,78264000261
78264000271,78264000271,78264000271
78264000281,78264000281,78264000281
78264000291,78264000291,78264000291
78264000301,78264000301,78264000301
78264000316,78264000316,78264000316
78265000013,78265000013,78265000013
78265000024,78265000024,78265000024
78265000133,78265000033,78265000033
78265000124,78265000044,78265000044
78265000113,78265000053,78265000053
78265000104,78265000064,78265000064
78265000093,78265000073,78265000073
78265000083,78265000083,78265000083
78265000073,78265000093,78265000093
78265000063,78265000103,78265000103
78265000053,78265000113,78265000113
78265000043,78265000123,78265000123
78265000033,78265000133,78265000133
78265000203,78265000143,78265000143
78265000211,78265000151,78265000151
78265000143,78265000163,78265000163
78265000153,78265000173,78265000173
78265000163,78265000183,78265000183
78265000173,78265000193,78265000193
78265000183,78265000203,78265000203
78265000191,78265000211,78265000211
78265000226,78265000226,78265000226
78266100014,78266100014,78266100014
78266100023,78266100023,78266100023
78266100031,78266100031,78266100031
78266100081,78266100081,78266100081
78266100094,78266100094,78266100094
78266100103,78266100103,78266100103
78266100111,78266100111,78266100111
78266100123,78266100123,78266100123
78266100134,78266100134,78266100134
78266100224,78266100143,78266100143
78266100141,78266100151,78266100151
78266100151,78266100161,78266100161
78266100161,78266100171,78266100171
78266100171,78266100181,78266100181
78266100181,78266100191,78266100191
78266100191,78266100201,78266100201
78266100201,78266100211,78266100211
78266100211,78266100221,78266100221
78266300011,78266300251,78266300251
78266300021,78266300241,78266300241
78266300031,78266300261,78266300261
78266300043,78266300263,78266300263
78266300053,78266300013,78266300013
78266300063,78266300023,78266300023
78266300073,78266300033,78266300033
78266300083,78266300043,78266300043
78266300091,78266300051,78266300051
78266300104,78266300064,78266300064
78266300111,78266300071,78266300071
78266300123,78266300083,78266300083
78266300133,78266300093,78266300093
78266300141,78266300101,78266300101
78266300154,78266300114,78266300114
78266300163,78266300123,78266300123
78266300263,78266300133,78266300133
78266300273,78266300143,78266300143
78266300173,78266300153,78266300153
78266300183,78266300163,78266300163
78266300191,78266300171,78266300171
78266300201,78266300181,78266300181
78266300214,78266300194,78266300194
78266300221,78266300201,78266300201
78266300231,78266300211,78266300211
78266300241,78266300221,78266300221
78266300251,78266300231,78266300231
78266300286,78266300246,78266300246
78266400441,78266400011,78266400011
78266400451,78266400021,78266400021
78266400461,78266400031,78266400031
78266400471,78266400041,78266400041
78266400481,78266400051,78266400051
78266400011,78266400061,78266400061
78266400021,78266400071,78266400071
78266400031,78266400081,78266400081
78266400041,78266400091,78266400091
78266400051,78266400101,78266400101
78266400061,78266400111,78266400111
78266400071,78266400121,78266400121
78266400084,78266400134,78266400134
78266400091,78266400141,78266400141
78266400113,78266400153,78266400153
78266400583,78266400163,78266400163
78266400603,78266400173,78266400173
78266400123,78266400183,78266400183
78266400543,78266400193,78266400193
78266400551,78266400201,78266400201
78266400563,78266400213,78266400213
78266400133,78266400223,78266400223
78266400143,78266400233,78266400233
78266400383,78266400243,78266400243
78266400391,78266400251,78266400251
78266400404,78266400264,78266400264
78266400411,78266400271,78266400271
78266400153,78266400283,78266400283
78266400161,78266400291,78266400291
78266400171,78266400301,78266400301
78266400181,78266400311,78266400311
78266400191,78266400321,78266400321
78266400201,78266400331,78266400331
78266400501,78266400341,78266400341
78266400211,78266400351,78266400351
78266400224,78266400364,78266400364
78266400233,78266400373,78266400373
78266400103,78266400383,78266400383
78266400243,78266400403,78266400403
78266400253,78266400413,78266400413
78266400283,78266400423,78266400423
78266400291,78266400431,78266400431
78266400301,78266400441,78266400441
78266400311,78266400451,78266400451
78266400321,78266400461,78266400461
78266400331,78266400471,78266400471
78266400341,78266400481,78266400481
78266400351,78266400491,78266400491
78266400361,78266400501,78266400501
78266400263,78266400513,78266400513
78266400273,78266400523,78266400523
78266400421,78266400541,78266400541
78266400433,78266400553,78266400553
78266400523,78266400563,78266400563
78266400496,78266400576,78266400576
78266400596,78266400586,78266400586
78266400616,78266400596,78266400596
78266400576,78266400606,78266400606
78266400516,78266400616,78266400616
78266400376,78266400626,78266400626
78266400536,78266400636,78266400636
78266500011,78266500021,78266500021
78266500021,78266500031,78266500031
78266500031,78266500041,78266500041
78266500041,78266500051,78266500051
78266500051,78266500061,78266500061
78266500061,78266500071,78266500071
78266500071,78266500081,78266500081
78266500081,78266500091,78266500091
78266500091,78266500101,78266500101
78266500101,78266500111,78266500111
78266500111,78266500121,78266500121
78266600011,78266600011,78266600011
78266600021,78266600021,78266600021
78266600031,78266600031,78266600031
78266600041,78266600041,78266600041
78266600051,78266600051,78266600051
78266600066,78266600066,78266600066
78266700021,78266700011,78266700011
78266900091,78266900091,78266900091
78266700011,78266700031,78266700031
78266800011,78266800011,78266800011
78266800021,78266800021,78266800021
78266800031,78266800031,78266800031
78266800041,78266800041,78266800041
78266800051,78266800051,78266800051
78266800061,78266800061,78266800061
78266800071,78266800071,78266800071
78266800081,78266800081,78266800081
78266800101,78266800091,78266800091
78266800114,78266800104,78266800104
78266800121,78266800111,78266800111
78266800134,78266800124,78266800124
78266800141,78266800131,78266800131
78266800096,78266800146,78266800146
78266800156,78266800156,78266800156
78266900011,78266900011,78266900011
78266900021,78266900021,78266900021
78266900031,78266900031,78266900031
78266900044,78266900044,78266900044
78266900051,78266900051,78266900051
78266900064,78266900064,78266900064
78266900071,78266900071,78266900071
78266900086,78266900086,78266900086
78267000011,78267000011,78267000011
78268500111,78268500111,78268500111
78268500124,78268500124,78268500124
78268500131,78268500131,78268500131
78268500141,78268500141,78268500141
78268500151,78268500181,78268500181
78268500161,78268500191,78268500191
78268500171,78268500201,78268500201
78268500181,78268500211,78268500211
78268500191,78268500221,78268500221
78268500201,78268500231,78268500231
78268500211,78268500241,78268500241
78268500221,78268500251,78268500251
78268500234,78268500264,78268500264
78268500241,78268500271,78268500271
78268500251,78268500281,78268500281
78268500261,78268500291,78268500291
78268500271,78268500301,78268500301
78268500284,78268500314,78268500314
78268500293,78268500323,78268500323
78268500303,78268500333,78268500333
78268500313,78268500343,78268500343
78268500323,78268500353,78268500353
78268500333,78268500363,78268500363
78270100013,78270100013,78270100013
78270100023,78270100023,78270100023
78270100034,78270100034,78270100034
78270100043,78270100043,78270100043
78270100051,78270100051,78270100051
78270100063,78270100063,78270100063
78270100073,78270100073,78270100073
78270100083,78270100083,78270100083
78270100094,78270100094,78270100094
78270100103,78270100103,78270100103
78270100113,78270100113,78270100113
78270100123,78270100123,78270100123
78270500013,78270500133,78270500133
78270500024,78270500144,78270500144
78270500033,78270500153,78270500153
78270500043,78270500163,78270500163
78270500053,78270500173,78270500173
78270500063,78270500183,78270500183
78270500073,78270500193,78270500193
78270500081,78270500201,78270500201
78270500094,78270500214,78270500214
78270500103,78270500223,78270500223
78270500113,78270500233,78270500233
78270500121,78270500241,78270500241
78270500133,78270500253,78270500253
78270600013,78270600013,78270600013
78270600021,78270600021,78270600021
78270600031,78270600031,78270600031
78270600041,78270600041,78270600041
78270600051,78270600051,78270600051
78270600061,78270600061,78270600061
78270600071,78270600071,78270600071
78270600081,78270600081,78270600081
78270600091,78270600091,78270600091
78270600101,78270600101,78270600101
78270600111,78270600111,78270600111
78270600121,78270600121,78270600121
78270600221,78270600131,78270600131
78270600231,78270600141,78270600141
78270600244,78270600154,78270600154
78270600251,78270600161,78270600161
78270600261,78270600171,78270600171
78270600271,78270600181,78270600181
78270600281,78270600191,78270600191
78270600291,78270600201,78270600201
78270600311,78270600211,78270600211
78270600324,78270600224,78270600224
78270600333,78270600233,78270600233
78270600131,78270600241,78270600241
78270600141,78270600251,78270600251
78270600154,78270600264,78270600264
78270600161,78270600271,78270600271
78270600171,78270600281,78270600281
78270600181,78270600291,78270600291
78270600191,78270600301,78270600301
78270600201,78270600311,78270600311
78270600553,78270600321,78270600321
78270600343,78270600333,78270600333
78270600353,78270600343,78270600343
78270600363,78270600353,78270600353
78270600373,78270600363,78270600363
78270600383,78270600373,78270600373
78270600391,78270600381,78270600381
78270600403,78270600393,78270600393
78270600413,78270600403,78270600403
78270600423,78270600413,78270600413
78270600431,78270600421,78270600421
78270600443,78270600433,78270600433
78270600451,78270600441,78270600441
78270600463,78270600453,78270600453
78270600471,78270600461,78270600461
78270600481,78270600471,78270600471
78270600491,78270600481,78270600481
78270600501,78270600491,78270600491
78270600511,78270600501,78270600501
78270600531,78270600511,78270600511
78270600306,78270600526,78270600526
78270600216,78270600536,78270600536
78270600566,78270600546,78270600546
78270600526,78270600556,78270600556
78270600546,78270600566,78270600566
78270700013,78270700013,78270700013
78270700021,78270700021,78270700021
78270700031,78270700031,78270700031
78270800011,78270800011,78270800011
78270800021,78270800021,78270800021
78270800031,78270800031,78270800031
78270800041,78270800041,78270800041
78270800051,78270800051,78270800051
78270800061,78270800061,78270800061
78270800071,78270800071,78270800071
78270800081,78270800081,78270800081
78270800096,78270800096,78270800096
78270900011,78270900011,78270900011
78270900021,78270900021,78270900021
78280100011,78280100011,78280100011
78280100021,78280100021,78280100021
78280100031,78280100031,78280100031
78280100041,78280100041,78280100041
78280100051,78280100051,78280100051
78280100061,78280100061,78280100061
78280100071,78280100071,78280100071
78280100081,78280100081,78280100081
78280100091,78280100091,78280100091
78280100101,78280100101,78280100101
78280100111,78280100111,78280100111
78280100121,78280100121,78280100121
78280100131,78280100131,78280100131
78280100141,78280100141,78280100141
78280100151,78280100151,78280100151
78280300011,78280300161,78280300161
78280300021,78280300171,78280300171
78280300031,78280300181,78280300181
78280300044,78280300194,78280300194
78280300051,78280300201,78280300201
78280300061,78280300211,78280300211
78280300071,78280300221,78280300221
78280500011,78280500231,78280500231
78280500021,78280500241,78280500241
78280500031,78280500251,78280500251
78280500041,78280500261,78280500261
78280500051,78280500271,78280500271
78280500061,78280500281,78280500281
78280500071,78280500021,78280500021
78280500081,78280500031,78280500031
78280700011,78280700041,78280700041
78280700021,78280700051,78280700051
78280700031,78280700061,78280700061
78280700041,78280700071,78280700071
78280700071,78280700091,78280700091
78280700051,78280700131,78280700131
78280700061,78280700141,78280700141
78280700081,78280700161,78280700161
78280700091,78280700171,78280700171
78280700101,78280700181,78280700181
78280700111,78280700191,78280700191
78280900011,78280900081,78280900081
78280900021,78280900091,78280900091
78291000011,78291000011,78291000011
78291000021,78291000021,78291000021
78291000031,78291000031,78291000031
78291000041,78291000041,78291000041
78291000051,78291000051,78291000051
78291000061,78291000061,78291000061
78291000071,78291000071,78291000071
78291000084,78291000084,78291000084
78291000091,78291000091,78291000091
78291000101,78291000101,78291000101
78291000114,78291000114,78291000114
78291000123,78291000121,78291000121
78291000134,78291000134,78291000134
78291000143,78291000143,78291000143
78291000153,78291000153,78291000153
78291000163,78291000273,78291000273
78291000173,78291000283,78291000283
78291000183,78291000293,78291000293
78291000193,78291000303,78291000303
78291000203,78291000313,78291000313
78291000211,78291000321,78291000321
78291000221,78291000331,78291000331
78291000231,78291000341,78291000341
78291000241,78291000351,78291000351
78291000251,78291000361,78291000361
78291000261,78291000371,78291000371
78291000274,78291000384,78291000384
78291000281,78291000391,78291000391
78291000294,78291000404,78291000404
78291000301,78291000411,78291000411
78291000311,78291000421,78291000421
78291000321,78291000431,78291000431
78291000334,78291000444,78291000444
78291000341,78291000451,78291000451
78291000354,78291000464,78291000464
78291000363,78291000473,78291000473
78291000373,78291000483,78291000483
78291000381,78291000491,78291000491
78291000393,78291000503,78291000503
78291000403,78291000513,78291000513
78291000411,78291000521,78291000521
78291000421,78291000531,78291000531
78291000431,78291000541,78291000541
78291000446,78291000556,78291000556
78293000011,78293000011,78293000011
78293000021,78293000021,78293000021
78293000031,78293000031,78293000031
78296000011,78296000011,78296000011
78296000021,78296000021,78296000021
78296000031,78296000031,78296000031
78296000041,78296000041,78296000041
78296000054,78296000054,78296000054
78296000063,78296000063,78296000063
78296000073,78296000073,78296000073
78296000083,78296000083,78296000083
78296000093,78296000093,78296000093
78296000103,78296000103,78296000103
78296000111,78296000111,78296000111
78296000121,78296000121,78296000121
78296000131,78296000131,78296000131
78296000141,78296000141,78296000141
78296000151,78296000151,78296000151
78296000166,78296000166,78296000166
78297000031,78297000011,78297000011
78297000041,78297000021,78297000021
78297000051,78297000031,78297000031
78297000061,78297000041,78297000041
78297000071,78297000051,78297000051
78297000081,78297000061,78297000061
78297000094,78297000074,78297000074
78297000101,78297000081,78297000081
78297000111,78297000091,78297000091
78297000121,78297000101,78297000101
78297000131,78297000111,78297000111
78297000141,78297000121,78297000121
78297000154,78297000134,78297000134
78297000163,78297000143,78297000143
78297000011,78297000151,78297000151
78297000021,78297000161,78297000161
78298000013,78298000013,78298000013
78298000021,78298000021,78298000021
78298000033,78298000033,78298000033
78298000046,78298000046,78298000046
78299100013,78299100013,78299100013
78299100024,78299100024,78299100024
78299100033,78299100033,78299100033
78299100041,78299100041,78299100041
78299100051,78299100051,78299100051
78299100061,78299100061,78299100061
78299100071,78299100071,78299100071
78299100081,78299100081,78299100081
78299100091,78299100091,78299100091
78299100101,78299100101,78299100101
78299100114,78299100114,78299100114
78299100121,78299100121,78299100121
78299100131,78299100131,78299100131
78299300014,78299300144,78299300144
78299300021,78299300151,78299300151
78299300034,78299300164,78299300164
78299500011,78299500171,78299500171
78299500024,78299500184,78299500184
78299500031,78299500281,78299500281
78299500041,78299500201,78299500201
78299500054,78299500214,78299500214
78299500061,78299500221,78299500221
78299500074,78299500294,78299500294
78299500081,78299500241,78299500241
78299500094,78299500304,78299500304
78299500101,78299500261,78299500261
78299500114,78299500274,78299500274
78299500121,78299500311,78299500311
78299500134,78299500324,78299500324
78299500141,78299500301,78299500301
78299500151,78299500331,78299500331
78299500163,78299500323,78299500323
78299500173,78299500013,78299500013
78299500181,78299500021,78299500021
78299500193,78299500033,78299500033
78299500203,78299500043,78299500043
78299500213,78299500053,78299500053
78299500223,78299500063,78299500063
78299500231,78299500071,78299500071
78299500243,78299500083,78299500083
78299500253,78299500093,78299500093
78299500261,78299500101,78299500101
78299500273,78299500113,78299500113
78299500283,78299500123,78299500123
78299500291,78299500131,78299500131
78299500304,78299500144,78299500144
78299500313,78299500153,78299500153
78299500431,78299500161,78299500161
78299500323,78299500173,78299500173
78299500333,78299500183,78299500183
78299500341,78299500191,78299500191
78299500353,78299500203,78299500203
78299500363,78299500213,78299500213
78299500373,78299500223,78299500223
78299500384,78299500234,78299500234
78299500393,78299500243,78299500243
78299500404,78299500254,78299500254
78299500413,78299500263,78299500263
78299500423,78299500273,78299500273
78299500441,78299500011,78299500011
78299500451,78299500341,78299500341
78299500461,78299500031,78299500031
78299700011,78299700041,78299700041
78299700024,78299700054,78299700054
78299700031,78299700061,78299700061
78299700044,78299700074,78299700074
78299700051,78299700081,78299700081
78299700064,78299700094,78299700094
78299700071,78299700101,78299700101
78299700084,78299700114,78299700114
78299700091,78299700121,78299700121
78299700104,78299700134,78299700134
78299700111,78299700141,78299700141
78299700124,78299700154,78299700154
78299700131,78299700161,78299700161
78299700144,78299700174,78299700174
78299700151,78299700181,78299700181
78299700161,78299700191,78299700191
78299700171,78299700201,78299700201
78299700181,78299700211,78299700211
78299800011,78299800011,78299800011
78299800021,78299800021,78299800021
78299800031,78299800031,78299800031
78299800041,78299800041,78299800041
78299800054,78299800054,78299800054
78299800061,78299800061,78299800061
78299800074,78299800074,78299800074
78299800081,78299800081,78299800081
78299800094,78299800094,78299800094
78299800101,78299800101,78299800101
78299800114,78299800114,78299800114
78299800123,78299800123,78299800123
78299800133,78299800133,78299800133
78299800144,78299800144,78299800144
78299800153,78299800153,78299800153
78299800161,78299800161,78299800161
78299800174,78299800174,78299800174
78299800181,78299800181,78299800181
78299800191,78299800191,78299800191
78299800204,78299800204,78299800204
78299800211,78299800211,78299800211
78299800224,78299800224,78299800224
78299800231,78299800231,78299800231
78299800244,78299800244,78299800244
78299800251,78299800251,78299800251
78299800261,78299800261,78299800261
78299800271,78299800271,78299800271
78299800284,78299800284,78299800284
78299800293,78299800293,78299800293
78299800301,78299800301,78299800301
78299800351,78299800311,78299800311
78299800364,78299800324,78299800324
78299800374,78299800334,78299800334
78299800381,78299800341,78299800341
78299800551,78299800351,78299800351
78299800324,78299800364,78299800364
78299800331,78299800371,78299800371
78299800391,78299800381,78299800381
78299800404,78299800394,78299800394
78299800411,78299800401,78299800401
78299800424,78299800414,78299800414
78299800431,78299800421,78299800421
78299800444,78299800434,78299800434
78299800451,78299800441,78299800441
78299800464,78299800454,78299800454
78299800471,78299800461,78299800461
78299800484,78299800474,78299800474
78299800491,78299800481,78299800481
78299800504,78299800494,78299800494
78299800511,78299800501,78299800501
78299800524,78299800514,78299800514
78299800531,78299800521,78299800521
78299800316,78299800536,78299800536
78299800346,78299800546,78299800546
78299800546,78299800556,78299800556
78299900011,78299900011,78299900011
78299900021,78299900021,78299900021
78299900031,78299900031,78299900031
78299900041,78299900041,78299900041
78299900051,78299900051,78299900051
78299900061,78299900061,78299900061
78299900074,78299900074,78299900074
78299900081,78299900081,78299900081
78299900094,78299900094,78299900094
78299900103,78299900103,78299900103
78299900113,78299900113,78299900113
78299900123,78299900123,78299900123
78299900131,78299900131,78299900131
78299900141,78299900141,78299900141
78299900151,78299900151,78299900151
78299900161,78299900161,78299900161
78299900171,78299900171,78299900171
78299900181,78299900181,78299900181
78299900191,78299900191,78299900191
78299900201,78299900201,78299900201
78299900211,78299900211,78299900211
78299900224,78299900224,78299900224
78299900233,78299900233,78299900233
78299900241,78299900241,78299900241
78299900253,78299900253,78299900253
78299900261,78299900261,78299900261
78299900273,78299900273,78299900273
78299900286,78299900286,78299900286
78310100025,78310100015,78310100015
78310100035,78310100025,78310100025
78310100045,78310100035,78310100035
78310200015,78310200045,78310200045
78310200025,78310200055,78310200055
78310200035,78310200065,78310200065
78310200045,78310200075,78310200075
78310200055,78310200085,78310200085
78310200065,78310200095,78310200095
78310200075,78310200105,78310200105
78310200085,78310200115,78310200115
78310200095,78310200125,78310200125
78310200105,78310200135,78310200135
78310200115,78310200145,78310200145
78310200126,78310200166,78310200166
78310300171,78310300011,78310300011
78310300181,78310300021,78310300021
78310300191,78310300031,78310300031
78310300201,78310300041,78310300041
78310300021,78310300051,78310300051
78310300031,78310300061,78310300061
78310300041,78310300071,78310300071
78310300051,78310300081,78310300081
78310300063,78310300093,78310300093
78310300071,78310300101,78310300101
78310300101,78310300111,78310300111
78310300111,78310300121,78310300121
78310300121,78310300131,78310300131
78310300131,78310300141,78310300141
78310300141,78310300151,78310300151
78310300216,78310300176,78310300176
78310300086,78310300196,78310300196
78310300156,78310300216,78310300216
78310500031,78310500011,78310500011
78310500045,78310500025,78310500025
78310500026,78310500036,78310500036
78310500016,78310500046,78310500046
78310600241,78310600011,78310600011
78310600261,78310600031,78310600031
78310600011,78310600041,78310600041
78310600021,78310600051,78310600051
78310600031,78310600061,78310600061
78310600131,78310600071,78310600071
78310600141,78310600081,78310600081
78310600151,78310600091,78310600091
78310600161,78310600101,78310600101
78310600174,78310600114,78310600114
78310600184,78310600124,78310600124
78310600194,78310600134,78310600134
78310600201,78310600141,78310600141
78310600214,78310600154,78310600154
78310600221,78310600161,78310600161
78310600044,78310600174,78310600174
78310600051,78310600181,78310600181
78310600061,78310600191,78310600191
78310600071,78310600201,78310600201
78310600084,78310600214,78310600214
78310600091,78310600221,78310600221
78310600101,78310600231,78310600231
78310600111,78310600241,78310600241
78310600255,78310600255,78310600255
78310600236,78310600266,78310600266
78310600126,78310600276,78310600276
78310700041,78310700011,78310700011
78310700063,78310700023,78310700023
78310700071,78310700031,78310700031
78310700081,78310700041,78310700041
78310700091,78310700051,78310700051
78310700101,78310700061,78310700061
78310700114,78310700074,78310700074
78310700121,78310700081,78310700081
78310700131,78310700091,78310700091
78310700151,78310700101,78310700101
78310700161,78310700111,78310700111
78310700025,78310700125,78310700125
78310700036,78310700136,78310700136
78310700056,78310700146,78310700146
78310700146,78310700156,78310700156
78310700176,78310700166,78310700166
78310700016,78310700176,78310700176
78310800021,78310800011,78310800011
78310800031,78310800021,78310800021
78310800041,78310800031,78310800031
78310800051,78310800041,78310800041
78310800061,78310800051,78310800051
78310800071,78310800061,78310800061
78310800081,78310800071,78310800071
78310800091,78310800081,78310800081
78310800101,78310800091,78310800091
78310800114,78310800104,78310800104
78310800121,78310800111,78310800111
78310800134,78310800124,78310800124
78310800141,78310800131,78310800131
78310800161,78310800141,78310800141
78310800171,78310800151,78310800151
78310800181,78310800161,78310800161
78310800191,78310800171,78310800171
78310800211,78310800191,78310800191
78310800156,78310800206,78310800206
78310800206,78310800216,78310800216
78310800226,78310800226,78310800226
78310900055,78310900045,78310900045
78310800015,78310800055,78310800055
78310900046,78310900066,78310900066
78380100023,78380100013,78380100013
78380100011,78380100021,78380100021
78370900013,78370900033,78370900033
78390100031,78390100041,78390100041
78380100031,78380100051,78380100051
78380100041,78380100061,78380100061
78380100051,78380100071,78380100071
78390100055,78390100015,78390100015
78390100025,78390100025,78390100025
78390100046,78390100036,78390100036
78390100016,78390100046,78390100046
78390100075,78390100055,78390100055
78390100065,78390100035,78390100035
78390100085,78390100045,78390100045
78390200015,78390200055,78390200055
78390200025,78390200065,78390200065
78390200035,78390200075,78390200075
78390200045,78390200085,78390200085
78390300016,78390300126,78390300126
78390400075,78390400515,78390400515
78390400085,78390400525,78390400525
78390400065,78390400635,78390400635
78390400055,78390400645,78390400645
78390400045,78390400655,78390400655
78390400035,78390400665,78390400665
78390400025,78390400675,78390400675
78390600011,78390600011,78390600011
78390600021,78390600021,78390600021
78390500016,78390500036,78390500036
78390600036,78390600046,78390600046
78390800071,78390800011,78390800011
78390700025,78390700025,78390700025
78390700035,78390700035,78390700035
78390800015,78390800045,78390800045
78390800025,78390800055,78390800055
78390800035,78390800065,78390800065
78390800045,78390800075,78390800075
78390800055,78390800085,78390800085
78390700016,78390700096,78390700096
81110300041,81110300011,81110300011
81110200583,81110200083,81110200083
81110300021,81110300241,81110300241
81110100011,81110100251,81110100251
81110200013,81110200263,81110200263
81110200021,81110200271,81110200271
81110200033,81110200283,81110200283
81110200041,81110200291,81110200291
81110200053,81110200303,81110200303
81110200063,81110200313,81110200313
81110200071,81110200321,81110200321
81110200081,81110200331,81110200331
81110200091,81110200341,81110200341
81110300113,81110300013,81110300013
81110300121,81110300021,81110300021
81110300131,81110300031,81110300031
81110300051,81110300041,81110300041
81110300063,81110300053,81110300053
81110300081,81110300061,81110300061
81110300106,81110300076,81110300076
81110300146,81110300086,81110300086
81110300096,81110300096,81110300096
81110900021,81110900011,81110900011
81110900031,81110900021,81110900021
81110900043,81110900033,81110900033
81110900061,81110900041,81110900041
81110900015,81110900055,81110900055
81110900056,81110900066,81110900066
81110900076,81110900076,81110900076
81120100023,81120100013,81120100013
81120100101,81120100021,81120100021
81120100091,81120100031,81120100031
81120100033,81120100043,81120100043
81120100041,81120100051,81120100051
81120100053,81120100063,81120100063
81120100061,81120100071,81120100071
81120100071,81120100081,81120100081
81120100081,81120100091,81120100091
81120100125,81120100105,81120100105
81120100116,81120100116,81120100116
81120200011,81120200081,81120200081
81120200021,81120200091,81120200091
81120200031,81120200101,81120200101
81120200041,81120200111,81120200111
81120200051,81120200121,81120200121
81120200066,81120200146,81120200146
81120300011,81120300011,81120300011
81120300021,81120300021,81120300021
81120300031,81120300031,81120300031
81120300041,81120300041,81120300041
81120300051,81120300051,81120300051
81120300061,81120300061,81120300061
81120300071,81120300071,81120300071
81120300081,81120300081,81120300081
81120300091,81120300091,81120300091
81120300104,81120300104,81120300104
81120300111,81120300111,81120300111
81120300123,81120300123,81120300123
81120300131,81120300131,81120300131
81120300141,81120300141,81120300141
81120300156,81120300156,81120300156
81120400021,81120400011,81120400011
81120400741,81120400021,81120400021
81120400751,81120400031,81120400031
81120400761,81120400041,81120400041
81120400771,81120400051,81120400051
81120400781,81120400061,81120400061
81120400791,81120400071,81120400071
81120400803,81120400083,81120400083
81120400811,81120400091,81120400091
81120400821,81120400101,81120400101
81120400031,81120400111,81120400111
81120400041,81120400121,81120400121
81120400051,81120400131,81120400131
81120400061,81120400141,81120400141
81120400071,81120400151,81120400151
81120400361,81120400161,81120400161
81120400371,81120400171,81120400171
81120400381,81120400181,81120400181
81120400391,81120400191,81120400191
81120400401,81120400201,81120400201
81120400413,81120400213,81120400213
81120400631,81120400221,81120400221
81120400641,81120400231,81120400231
81120400651,81120400241,81120400241
81120400663,81120400253,81120400253
81120400081,81120400261,81120400261
81120400091,81120400271,81120400271
81120400101,81120400281,81120400281
81120400111,81120400291,81120400291
81120400121,81120400301,81120400301
81120400131,81120400311,81120400311
81120400141,81120400321,81120400321
81120400151,81120400331,81120400331
81120400161,81120400341,81120400341
81120400171,81120400351,81120400351
81120400181,81120400361,81120400361
81120400191,81120400371,81120400371
81120400201,81120400381,81120400381
81120400211,81120400391,81120400391
81120400221,81120400401,81120400401
81120400561,81120400411,81120400411
81120400571,81120400421,81120400421
81120400581,81120400431,81120400431
81120400591,81120400441,81120400441
81120400241,81120400451,81120400451
81120400251,81120400461,81120400461
81120400261,81120400471,81120400471
81120400271,81120400481,81120400481
81120400281,81120400491,81120400491
81120400291,81120400501,81120400501
81120400301,81120400511,81120400511
81120400311,81120400521,81120400521
81120400321,81120400531,81120400531
81120400673,81120400543,81120400543
81120400683,81120400553,81120400553
81120400691,81120400561,81120400561
81120400721,81120400571,81120400571
81120400511,81120400581,81120400581
81120400521,81120400591,81120400591
81120400531,81120400601,81120400601
81120400541,81120400611,81120400611
81120400341,81120400621,81120400621
81120400423,81120400633,81120400633
81120400431,81120400641,81120400641
81120400441,81120400651,81120400651
81120400451,81120400661,81120400661
81120400481,81120400671,81120400671
81120400613,81120400693,81120400693
81120400461,81120400701,81120400701
81120400491,81120400711,81120400711
81120400701,81120400721,81120400721
81120400836,81120400736,81120400736
81120400236,81120400746,81120400746
81120400606,81120400756,81120400756
81120400336,81120400766,81120400766
81120400736,81120400776,81120400776
81120400556,81120400786,81120400786
81120400356,81120400796,81120400796
81120400626,81120400806,81120400806
81120400716,81120400816,81120400816
81120500021,81120500011,81120500011
81120500031,81120500021,81120500021
81120500041,81120500031,81120500031
81120500051,81120500041,81120500041
81120500061,81120500051,81120500051
81120500011,81120500061,81120500061
81120500071,81120500071,81120500071
81120500081,81120500081,81120500081
81120500091,81120500091,81120500091
81120500121,81120500111,81120500111
81120500131,81120500131,81120500131
81120500101,81120500141,81120500141
81120500146,81120500166,81120500166
81120500116,81120500176,81120500176
81120600011,81120600011,81120600011
81120600021,81120600021,81120600021
81120600031,81120600031,81120600031
81120600041,81120600041,81120600041
81120600051,81120600051,81120600051
81120600061,81120600061,81120600061
81120600076,81120600076,81120600076
81120700011,81120700011,81120700011
81120700021,81120700021,81120700021
81120800011,81120800011,81120800011
81120800021,81120800021,81120800021
81120800031,81120800031,81120800031
81120800041,81120800041,81120800041
81120800051,81120800051,81120800051
81120800061,81120800061,81120800061
81120800071,81120800071,81120800071
81120800086,81120800086,81120800086
81120900011,81120900011,81120900011
81120900021,81120900021,81120900021
81120900031,81120900031,81120900031
81120900041,81120900041,81120900041
81120900051,81120900051,81120900051
81120900066,81120900066,81120900066
81130100141,81130100011,81130100011
81130100151,81130100021,81130100021
81130100161,81130100031,81130100031
81130100171,81130100041,81130100041
81130100201,81130100051,81130100051
81130100211,81130100061,81130100061
81130100223,81130100073,81130100073
81130100095,81130100085,81130100085
81130100045,81130100095,81130100095
81120100015,81120100125,81120100125
81130100115,81130100115,81130100115
81130100125,81130100125,81130100125
81130100035,81130100145,81130100145
81130100055,81130100155,81130100155
81130100085,81130100165,81130100165
81130100025,81130100175,81130100175
81130100136,81130100186,81130100186
81130100186,81130100196,81130100196
81130100196,81130100206,81130100206
81130100106,81130100216,81130100216
81130100076,81130100226,81130100226
81130100016,81130100236,81130100236
81130400021,81130400011,81130400011
81130400031,81130400021,81130400021
81130400041,81130400031,81130400031
81130400051,81130400041,81130400041
81130400063,81130400053,81130400053
81130400073,81130400063,81130400063
81130400081,81130400071,81130400071
81130400091,81130400081,81130400081
81130400133,81130400113,81130400113
81130400141,81130400121,81130400121
81130400121,81130400131,81130400131
81130400113,81130400143,81130400143
81130400103,81130400153,81130400153
81130400016,81130400176,81130400176
81130400156,81130400186,81130400186
81130600031,81130600011,81130600011
81130600041,81130600021,81130600021
81130600051,81130600031,81130600031
81130600066,81130600046,81130600046
81130600021,81130600051,81130600051
81130800011,81130800021,81130800021
81130800021,81130800031,81130800031
81130800031,81130800041,81130800041
81130800121,81130800051,81130800051
81130800131,81130800061,81130800061
81130800141,81130800071,81130800071
81130800041,81130800081,81130800081
81130800051,81130800091,81130800091
81130800061,81130800101,81130800101
81130800071,81130800111,81130800111
81130800081,81130800121,81130800121
81130800091,81130800131,81130800131
81130800101,81130800141,81130800141
81130800156,81130800156,81130800156
81130800116,81130800166,81130800166
81130900025,81130900015,81130900015
81130900035,81130900025,81130900025
81130900016,81130900036,81130900036
81140100011,81140100011,81140100011
81140200011,81140200011,81140200011
81140200021,81140200021,81140200021
81140200031,81140200031,81140200031
81140200041,81140200051,81140200051
81140200341,81140200061,81140200061
81140200351,81140200071,81140200071
81140200361,81140200081,81140200081
81140200371,81140200091,81140200091
81140200381,81140200101,81140200101
81140200391,81140200111,81140200111
81140200401,81140200121,81140200121
81140200411,81140200131,81140200131
81140200051,81140200141,81140200141
81140200061,81140200151,81140200151
81140200071,81140200161,81140200161
81140200081,81140200171,81140200171
81140200091,81140200181,81140200181
81140200101,81140200191,81140200191
81140200111,81140200201,81140200201
81140200121,81140200211,81140200211
81140200131,81140200221,81140200221
81140200141,81140200231,81140200231
81140200151,81140200241,81140200241
81140200171,81140200251,81140200251
81140200181,81140200261,81140200261
81140200191,81140200271,81140200271
81140200201,81140200281,81140200281
81140200431,81140200291,81140200291
81140200461,81140200301,81140200301
81140200451,81140200311,81140200311
81140200301,81140200321,81140200321
81140200311,81140200331,81140200331
81140200321,81140200341,81140200341
81140200211,81140200351,81140200351
81140200221,81140200361,81140200361
81140200231,81140200371,81140200371
81140200241,81140200381,81140200381
81140200261,81140200391,81140200391
81140200271,81140200401,81140200401
81140200281,81140200411,81140200411
81140200426,81140200426,81140200426
81140200166,81140200436,81140200436
81140200446,81140200446,81140200446
81140200476,81140200456,81140200456
81140200336,81140200466,81140200466
81140200256,81140200476,81140200476
81140200296,81140200486,81140200486
81140300011,81140300011,81140300011
81140300021,81140300021,81140300021
81140300031,81140300031,81140300031
81140300041,81140300041,81140300041
81140300051,81140300051,81140300051
81140300061,81140300061,81140300061
81140300071,81140300071,81140300071
81140300081,81140300081,81140300081
81140400011,81140400011,81140400011
81140400021,81140400021,81140400021
81140400031,81140400031,81140400031
81140400041,81140400041,81140400041
81140400051,81140400051,81140400051
81140400061,81140400061,81140400061
81140400071,81140400071,81140400071
81140400081,81140400081,81140400081
81140400091,81140400091,81140400091
81140400111,81140400101,81140400101
81140400121,81140400111,81140400111
81140400131,81140400121,81140400121
81140400141,81140400131,81140400131
81140400106,81140400156,81140400156
81140400156,81140400166,81140400166
81140500011,81140500011,81140500011
81140600011,81140600011,81140600011
81140600021,81140600021,81140600021
81140600031,81140600031,81140600031
81140600041,81140600041,81140600041
81140600051,81140600051,81140600051
81140600061,81140600061,81140600061
81140600151,81140600071,81140600071
81140600111,81140600081,81140600081
81140600121,81140600091,81140600091
81140600131,81140600101,81140600101
81140600071,81140600131,81140600131
81140600081,81140600141,81140600141
81140600091,81140600151,81140600151
81140600161,81140600161,81140600161
81140600146,81140600176,81140600176
81140600106,81140600186,81140600186
81140600176,81140600196,81140600196
81140700011,81140700011,81140700011
81140700021,81140700021,81140700021
81140700031,81140700031,81140700031
81140700041,81140700041,81140700041
81140700051,81140700051,81140700051
81140700061,81140700061,81140700061
81140700071,81140700071,81140700071
81140700081,81140700081,81140700081
81140700091,81140700091,81140700091
81140700101,81140700101,81140700101
81140700111,81140700111,81140700111
81140700121,81140700121,81140700121
81140700131,81140700131,81140700131
81140700141,81140700141,81140700141
81140700151,81140700151,81140700151
81140700161,81140700161,81140700161
81140700171,81140700171,81140700171
81140700181,81140700181,81140700181
81140800011,81140800011,81140800011
81140800021,81140800021,81140800021
81140800031,81140800031,81140800031
81140800041,81140800041,81140800041
81140800051,81140800051,81140800051
81140800061,81140800061,81140800061
81140800076,81140800076,81140800076
81140900011,81140900011,81140900011
81140900021,81140900021,81140900021
81140900031,81140900031,81140900031
81140900041,81140900041,81140900041
81140900051,81140900051,81140900051
81140900061,81140900061,81140900061
81140900071,81140900071,81140900071
81140900081,81140900081,81140900081
81140900091,81140900091,81140900091
81140900111,81140900101,81140900101
81140900121,81140900111,81140900111
81140900106,81140900126,81140900126
81140900136,81140900136,81140900136
81151000041,81151000011,81151000011
81151000051,81151000021,81151000021
81151000061,81151000031,81151000031
81151000073,81151000043,81151000043
81151000081,81151000051,81151000051
81151000093,81151000063,81151000063
81151000101,81151000071,81151000071
81151000111,81151000081,81151000081
81151000133,81151000093,81151000093
81151000143,81151000103,81151000103
81151000151,81151000111,81151000111
81151000173,81151000123,81151000123
81151000181,81151000131,81151000131
81151000025,81151000145,81151000145
81151000036,81151000156,81151000156
81151000126,81151000166,81151000166
81151000166,81151000176,81151000176
81151000196,81151000186,81151000186
81151000016,81151000196,81151000196
81152000151,81152000011,81152000011
81152000041,81152000021,81152000021
81152000051,81152000031,81152000031
81152000061,81152000041,81152000041
81152000071,81152000051,81152000051
81152000081,81152000061,81152000061
81152000101,81152000071,81152000071
81152000121,81152000081,81152000081
81152000021,81152000091,81152000091
81152000031,81152000101,81152000101
81152000166,81152000116,81152000116
81152000096,81152000126,81152000126
81152000116,81152000136,81152000136
81152000136,81152000146,81152000146
81153000021,81153000011,81153000011
81153000031,81153000021,81153000021
81153000041,81153000031,81153000031
81153000071,81153000041,81153000041
81153000081,81153000051,81153000051
81153000056,81153000066,81153000066
81153000096,81153000086,81153000086
81153100021,81153100011,81153100011
81153100031,81153100021,81153100021
81153100041,81153100031,81153100031
81153100051,81153100041,81153100041
81153100071,81153100051,81153100051
81153100081,81153100061,81153100061
81153100111,81153100071,81153100071
81153100121,81153100081,81153100081
81153100131,81153100091,81153100091
81153100016,81153100106,81153100106
81153100066,81153100116,81153100116
81153100096,81153100126,81153100126
81153100106,81153100136,81153100136
81153100146,81153100146,81153100146
81153200013,81153200013,81153200013
81153200021,81153200021,81153200021
81153200033,81153200033,81153200033
81153200041,81153200041,81153200041
81153200101,81153200051,81153200051
81153200111,81153200061,81153200061
81153200121,81153200071,81153200071
81153200051,81153200081,81153200081
81153200063,81153200093,81153200093
81153200143,81153200103,81153200103
81153200073,81153200113,81153200113
81153200081,81153200121,81153200121
81153300036,81153300206,81153300206
81153200136,81153200156,81153200156
81153200156,81153200166,81153200166
81153300051,81153300011,81153300011
81153300061,81153300021,81153300021
81153300203,81153300033,81153300033
81153300211,81153300041,81153300041
81153300111,81153300061,81153300061
81153300141,81153300081,81153300081
81153300171,81153300091,81153300091
81153300091,81153300101,81153300101
81153300101,81153300111,81153300111
81153300046,81153300126,81153300126
81153300076,81153300136,81153300136
81153300196,81153300146,81153300146
81153300226,81153300156,81153300156
81153300126,81153300166,81153300166
81153300136,81153300176,81153300176
81153300166,81153300186,81153300186
81153300023,81153300013,81153300013
81153400011,81153400021,81153400021
81153400023,81153400033,81153400033
81153400031,81153400041,81153400041
81153400041,81153400051,81153400051
81153400051,81153400061,81153400061
81153400061,81153400071,81153400071
81153400071,81153400081,81153400081
81153400083,81153400093,81153400093
81153400091,81153400101,81153400101
81153400101,81153400111,81153400111
81153400111,81153400121,81153400121
81153400121,81153400131,81153400131
81153400136,81153400156,81153400156
81153500053,81153500013,81153500013
81153500061,81153500021,81153500021
81153500071,81153500031,81153500031
81153500081,81153500041,81153500041
81153500091,81153500051,81153500051
81153500191,81153500091,81153500091
81153500201,81153500101,81153500101
81153500211,81153500111,81153500111
81153500121,81153500121,81153500121
81153500131,81153500131,81153500131
81153500143,81153500143,81153500143
81153500151,81153500151,81153500151
81153500161,81153500161,81153500161
81153500291,81153500171,81153500171
81153500301,81153500181,81153500181
81153500311,81153500191,81153500191
81153500181,81153500201,81153500201
81153500241,81153500211,81153500211
81153500251,81153500221,81153500221
81153500261,81153500231,81153500231
81153500025,81153500245,81153500245
81153500046,81153500256,81153500256
81153500106,81153500266,81153500266
81153500226,81153500276,81153500276
81153500176,81153500296,81153500296
81153500326,81153500316,81153500316
81153500276,81153500326,81153500326
81153500016,81153500336,81153500336
81153500033,81153500343,81153500343
81153600011,81153600021,81153600021
81153600021,81153600031,81153600031
81153600031,81153600041,81153600041
81153600043,81153600053,81153600053
81153600056,81153600066,81153600066
81153700051,81153700011,81153700011
81153700061,81153700031,81153700031
81153700071,81153700041,81153700041
81153700081,81153700051,81153700051
81153700091,81153700061,81153700061
81153700101,81153700071,81153700071
81153700015,81153700085,81153700085
81153700045,81153700095,81153700095
81153700116,81153700106,81153700106
81153700023,81153700013,81153700013
81153700031,81153700021,81153700021
81153800011,81153800031,81153800031
81153800021,81153800041,81153800041
81153800031,81153800051,81153800051
81153800043,81153800063,81153800063
81153800053,81153800073,81153800073
81153800103,81153800083,81153800083
81153800093,81153800093,81153800093
81153800063,81153800103,81153800103
81153800073,81153800113,81153800113
81153800116,81153800126,81153800126
81153800086,81153800136,81153800136
81153900025,81153900015,81153900015
81153900016,81153900026,81153900026
81154000013,81154000013,81154000013
81154000021,81154000021,81154000021
81154000033,81154000033,81154000033
81154000041,81154000041,81154000041
81154000053,81154000053,81154000053
81154000061,81154000061,81154000061
81154000073,81154000073,81154000073
81154000083,81154000083,81154000083
81154000093,81154000093,81154000093
81154000103,81154000103,81154000103
81154000113,81154000113,81154000113
81155000013,81155000013,81155000013
81155000021,81155000021,81155000021
81155000031,81155000031,81155000031
81155000041,81155000041,81155000041
81155000051,81155000051,81155000051
81155000061,81155000061,81155000061
81155000071,81155000071,81155000071
81155000081,81155000081,81155000081
81155000091,81155000101,81155000101
81155000101,81155000111,81155000111
81155000111,81155000121,81155000121
81155000121,81155000131,81155000131
81155000136,81155000146,81155000146
81156000011,81156000011,81156000011
81156000021,81156000021,81156000021
81156000031,81156000031,81156000031
81156000041,81156000041,81156000041
81156000093,81156000063,81156000063
81156000103,81156000073,81156000073
81156000111,81156000081,81156000081
81156000121,81156000091,81156000091
81156000131,81156000101,81156000101
81156000141,81156000111,81156000111
81156000151,81156000121,81156000121
81156000161,81156000131,81156000131
81156000053,81156000143,81156000143
81156000063,81156000153,81156000153
81156000073,81156000163,81156000163
81156000083,81156000173,81156000173
81156000241,81156000181,81156000181
81156000181,81156000191,81156000191
81156000221,81156000201,81156000201
81156000191,81156000211,81156000211
81156000201,81156000221,81156000221
81157000016,81157000236,81157000236
81156000176,81156000246,81156000246
81156000256,81156000256,81156000256
81156000236,81156000266,81156000266
81156000216,81156000276,81156000276
81158000721,81158000051,81158000051
81158000733,81158000063,81158000063
81158000741,81158000071,81158000071
81158000511,81158000151,81158000151
81158000591,81158000161,81158000161
81158000601,81158000171,81158000171
81158000613,81158000183,81158000183
81158000623,81158000193,81158000193
81158000633,81158000203,81158000203
81158000751,81158000211,81158000211
81158000681,81158000221,81158000221
81158000691,81158000231,81158000231
81158000701,81158000241,81158000241
81158000711,81158000251,81158000251
81158000671,81158000261,81158000261
81158000661,81158000271,81158000271
81158000461,81158000281,81158000281
81158000471,81158000291,81158000291
81158000481,81158000301,81158000301
81158000491,81158000311,81158000311
81158000501,81158000321,81158000321
81158000023,81158000333,81158000333
81158000031,81158000341,81158000341
81158000041,81158000351,81158000351
81158000053,81158000363,81158000363
81158000061,81158000371,81158000371
81158000093,81158000433,81158000433
81158000103,81158000443,81158000443
81158000263,81158000453,81158000453
81158000271,81158000461,81158000461
81158000281,81158000471,81158000471
81158000291,81158000481,81158000481
81158000071,81158000491,81158000491
81158000083,81158000503,81158000503
81158000311,81158000511,81158000511
81158000321,81158000521,81158000521
81158000333,81158000533,81158000533
81158000341,81158000541,81158000541
81158000351,81158000551,81158000551
81158000113,81158000563,81158000563
81158000123,81158000573,81158000573
81158000521,81158000581,81158000581
81158000533,81158000593,81158000593
81158000543,81158000603,81158000603
81158000551,81158000611,81158000611
81158000563,81158000623,81158000623
81158000573,81158000633,81158000633
81158000141,81158000651,81158000651
81158000151,81158000661,81158000661
81158000161,81158000671,81158000671
81158000171,81158000681,81158000681
81158000181,81158000691,81158000691
81158000191,81158000701,81158000701
81158000201,81158000711,81158000711
81158000211,81158000721,81158000721
81158000133,81158000733,81158000733
81158000233,81158000743,81158000743
81158000241,81158000751,81158000751
81158000433,81158000763,81158000763
81158000393,81158000773,81158000773
81158000401,81158000781,81158000781
81158000411,81158000791,81158000791
81158000363,81158000803,81158000803
81158000373,81158000811,81158000811
81158000383,81158000823,81158000823
81158000646,81158000836,81158000836
81158000766,81158000846,81158000846
81158000016,81158000856,81158000856
81158000306,81158000866,81158000866
81158000586,81158000876,81158000876
81158000226,81158000886,81158000886
81158000256,81158000896,81158000896
81158000446,81158000906,81158000906
81158000426,81158000916,81158000916
81160200013,81160200013,81160200013
81160200021,81160200021,81160200021
81160200031,81160200031,81160200031
81160200041,81160200041,81160200041
81160200053,81160200053,81160200053
81160200063,81160200063,81160200063
81160200071,81160200071,81160200071
81160200083,81160200083,81160200083
81160200093,81160200093,81160200093
81160200103,81160200103,81160200103
81160200303,81160200113,81160200113
81160200113,81160200123,81160200123
81160200123,81160200133,81160200133
81160200131,81160200141,81160200141
81160200143,81160200153,81160200153
81160200263,81160200163,81160200163
81160200163,81160200173,81160200173
81160200243,81160200183,81160200183
81160200153,81160200193,81160200193
81160200173,81160200203,81160200203
81160200181,81160200211,81160200211
81160200193,81160200223,81160200223
81160200203,81160200233,81160200233
81160200211,81160200241,81160200241
81160200223,81160200253,81160200253
81160200283,81160200263,81160200263
81160200316,81160200276,81160200276
81160200276,81160200286,81160200286
81160200256,81160200296,81160200296
81160200236,81160200306,81160200306
81160200296,81160200316,81160200316
81160300191,81160300011,81160300011
81160300201,81160300021,81160300021
81160300041,81160300031,81160300031
81160300051,81160300041,81160300041
81160300061,81160300051,81160300051
81160300071,81160300061,81160300061
81160300081,81160300071,81160300071
81160300091,81160300081,81160300081
81160300171,81160300091,81160300091
81160300111,81160300101,81160300101
81160300121,81160300111,81160300111
81160300211,81160300121,81160300121
81160300151,81160300131,81160300131
81160300131,81160300141,81160300141
81160300015,81160300155,81160300155
81160300025,81160300165,81160300165
81160300035,81160300175,81160300175
81160300186,81160300186,81160300186
81160300166,81160300196,81160300196
81160300146,81160300206,81160300206
81160300101,81160300211,81160300211
81160500011,81160500021,81160500021
81160500021,81160500031,81160500031
81160500031,81160500041,81160500041
81160500041,81160500051,81160500051
81160600011,81160600011,81160600011
81160600021,81160600021,81160600021
81160600371,81160600031,81160600031
81160600381,81160600041,81160600041
81160600391,81160600051,81160600051
81160600401,81160600061,81160600061
81160600411,81160600071,81160600071
81160600421,81160600081,81160600081
81160600431,81160600091,81160600091
81160600441,81160600101,81160600101
81160600031,81160600111,81160600111
81160600041,81160600121,81160600121
81160600051,81160600131,81160600131
81160600061,81160600141,81160600141
81160600071,81160600151,81160600151
81160600081,81160600161,81160600161
81160600093,81160600173,81160600173
81160600103,81160600183,81160600183
81160600111,81160600191,81160600191
81160600121,81160600201,81160600201
81160600131,81160600211,81160600211
81160600141,81160600221,81160600221
81160600151,81160600231,81160600231
81160600161,81160600241,81160600241
81160600173,81160600253,81160600253
81160600203,81160600263,81160600263
81160600213,81160600303,81160600303
81160600221,81160600311,81160600311
81160600233,81160600323,81160600323
81160600243,81160600333,81160600333
81160600251,81160600341,81160600341
81160600263,81160600353,81160600353
81160600273,81160600363,81160600363
81160600293,81160600373,81160600373
81160600303,81160600383,81160600383
81160600313,81160600393,81160600393
81160600193,81160600403,81160600403
81160600343,81160600413,81160600413
81160600353,81160600423,81160600423
81160600323,81160600433,81160600433
81160600456,81160600446,81160600446
81160600186,81160600456,81160600456
81160600286,81160600466,81160600466
81160600366,81160600476,81160600476
81160600336,81160600486,81160600486
81160700011,81160700011,81160700011
81160700021,81160700021,81160700021
81160700031,81160700031,81160700031
81160700041,81160700041,81160700041
81160700051,81160700051,81160700051
81160700061,81160700061,81160700061
81160700071,81160700071,81160700071
81160700081,81160700081,81160700081
81160700091,81160700091,81160700091
81160700101,81160700101,81160700101
81160700111,81160700111,81160700111
81160700121,81160700121,81160700121
81160700131,81160700131,81160700131
81160700141,81160700141,81160700141
81160700151,81160700151,81160700151
81160700161,81160700161,81160700161
81160800011,81160800011,81160800011
81160800021,81160800021,81160800021
81160800031,81160800031,81160800031
81160800041,81160800041,81160800041
81160800056,81160800056,81160800056
81160700171,81160700171,81160700171
81160900011,81160900021,81160900021
81160900026,81160900036,81160900036
81170000661,81170000011,81170000011
81170000671,81170000021,81170000021
81170000511,81170000031,81170000031
81170000521,81170000041,81170000041
81170000631,81170000051,81170000051
81170000491,81170000061,81170000061
81170000501,81170000071,81170000071
81170000531,81170000081,81170000081
81170000601,81170000091,81170000091
81170000611,81170000101,81170000101
81170000541,81170000131,81170000131
81170000551,81170000141,81170000141
81170000561,81170000151,81170000151
81170000573,81170000163,81170000163
81170000583,81170000173,81170000173
81170000861,81170000211,81170000211
81170000871,81170000221,81170000221
81170000881,81170000231,81170000231
81170000891,81170000241,81170000241
81170000901,81170000251,81170000251
81170000911,81170000261,81170000261
81170000921,81170000271,81170000271
81170000931,81170000281,81170000281
81170000941,81170000291,81170000291
81170000283,81170000303,81170000303
81170000291,81170000311,81170000311
81170000303,81170000353,81170000353
81170000311,81170000361,81170000361
81170000321,81170000371,81170000371
81170000331,81170000381,81170000381
81170000341,81170000391,81170000391
81170000351,81170000401,81170000401
81170000361,81170000411,81170000411
81170000811,81170000521,81170000521
81170000821,81170000531,81170000531
81170000831,81170000541,81170000541
81170000711,81170000611,81170000611
81170000721,81170000621,81170000621
81170000731,81170000631,81170000631
81170000741,81170000641,81170000641
81170000751,81170000651,81170000651
81170000761,81170000661,81170000661
81170000773,81170000673,81170000673
81170000371,81170000701,81170000701
81170000383,81170000713,81170000713
81170000391,81170000721,81170000721
81170000401,81170000731,81170000731
81170000973,81170000743,81170000743
81170000981,81170000751,81170000751
81170000991,81170000761,81170000761
81170001001,81170000771,81170000771
81170001011,81170000781,81170000781
81170001021,81170000791,81170000791
81170001033,81170000803,81170000803
81170000413,81170000813,81170000813
81170000423,81170000823,81170000823
81170000433,81170000843,81170000843
81170000463,81170000853,81170000853
81170000783,81170000863,81170000863
81170000695,81170000895,81170000895
81170000705,81170000905,81170000905
81170000801,81170000911,81170000911
81170000255,81170000925,81170000925
81170000265,81170000935,81170000935
81170000115,81170000945,81170000945
81170000105,81170000955,81170000955
81170000035,81170000965,81170000965
81170000025,81170000975,81170000975
81170000125,81170000985,81170000985
81170000135,81170000995,81170000995
81170000145,81170001005,81170001005
81170000195,81170001045,81170001045
81181100065,81181101065,81181101065
81170000065,81170001075,81170001075
81170000075,81170001085,81170001085
81170000205,81170001095,81170001095
81170000085,81170001105,81170001105
81170000165,81170001115,81170001115
81170000175,81170001125,81170001125
81170000181,81170001131,81170001131
81170000225,81170001145,81170001145
81170000656,81170001166,81170001166
81170000646,81170001176,81170001176
81170000486,81170001186,81170001186
81170000626,81170001196,81170001196
81170000596,81170001206,81170001206
81170000856,81170001216,81170001216
81170000956,81170001226,81170001226
81170000276,81170001236,81170001236
81170000846,81170001246,81170001246
81170000966,81170001256,81170001256
81170001046,81170001266,81170001266
81170000456,81170001276,81170001276
81170000446,81170001286,81170001286
81170000476,81170001296,81170001296
81170000796,81170001306,81170001306
81170000016,81170001316,81170001316
81170000096,81170001336,81170001336
81170000236,81170001346,81170001346
81181100025,81181100015,81181100015
81181100015,81181100025,81181100025
81170000045,81170000045,81170000045
81170000055,81170000055,81170000055
81181100045,81181100065,81181100065
81181100075,81181100075,81181100075
81181100085,81181100085,81181100085
81181100095,81181100095,81181100095
81181100106,81181100106,81181100106
81181300111,81181300011,81181300011
81181300121,81181300021,81181300021
81181300041,81181300031,81181300031
81181300061,81181300051,81181300051
81181300051,81181300061,81181300061
81181300281,81181300071,81181300071
81181300071,81181300081,81181300081
81181300081,81181300091,81181300091
81181300301,81181300101,81181300101
81181300191,81181300111,81181300111
81181300291,81181300121,81181300121
81181300091,81181300131,81181300131
81181300101,81181300141,81181300141
81181300311,81181300151,81181300151
81181300201,81181300181,81181300181
81181300211,81181300191,81181300191
81181300221,81181300201,81181300201
81181300231,81181300211,81181300211
81181600081,81181600221,81181600221
81181300261,81181300231,81181300231
81181300253,81181300243,81181300243
81181300241,81181300251,81181300251
81181300131,81181300261,81181300261
81181300141,81181300271,81181300271
81181300151,81181300281,81181300281
81181300161,81181300291,81181300291
81181300171,81181300301,81181300301
81181300181,81181300311,81181300311
81181600011,81181600321,81181600321
81181600021,81181600331,81181600331
81181600031,81181600341,81181600341
81181300035,81181300365,81181300365
81181300015,81181300385,81181300385
81181300025,81181300395,81181300395
81181200015,81181200405,81181200405
81181100055,81181100415,81181100415
81181600096,81181600426,81181600426
81181300276,81181300436,81181300436
81181400011,81181400011,81181400011
81181400021,81181400021,81181400021
81181400051,81181400031,81181400031
81181400031,81181400041,81181400041
81181500011,81181500011,81181500011
81181500151,81181500021,81181500021
81181500161,81181500031,81181500031
81181500141,81181500051,81181500051
81181500021,81181500061,81181500061
81181500031,81181500071,81181500071
81181500181,81181500081,81181500081
81181500111,81181500091,81181500091
81181500171,81181500101,81181500101
81181500041,81181500111,81181500111
81181500051,81181500121,81181500121
81181500191,81181500131,81181500131
81181500061,81181500141,81181500141
81181500071,81181500151,81181500151
81181500081,81181500161,81181500161
81181500201,81181500171,81181500171
81181500091,81181500181,81181500181
81181500101,81181500191,81181500191
81181500121,81181500201,81181500201
81181400046,81181400216,81181400216
81181500136,81181500226,81181500226
81181600051,81181600021,81181600021
81181600041,81181600041,81181600041
81181600061,81181600051,81181600051
81181600076,81181600066,81181600066
81181700011,81181700011,81181700011
81181700021,81181700021,81181700021
81181700191,81181700041,81181700041
81181700201,81181700051,81181700051
81181700061,81181700061,81181700061
81181700071,81181700071,81181700071
81181700081,81181700081,81181700081
81181700211,81181700091,81181700091
81181700091,81181700101,81181700101
81181700221,81181700111,81181700111
81181700101,81181700121,81181700121
81181700111,81181700131,81181700131
81181700121,81181700141,81181700141
81181700131,81181700151,81181700151
81181700241,81181700171,81181700171
81181700231,81181700181,81181700181
81181700141,81181700191,81181700191
81181700151,81181700211,81181700211
81181700261,81181700221,81181700221
81181700251,81181700231,81181700231
81181700161,81181700241,81181700241
81181700031,81181700251,81181700251
81181700041,81181700261,81181700261
81181700051,81181700271,81181700271
81181700271,81181700281,81181700281
81181700281,81181700291,81181700291
81181700171,81181700301,81181700301
81181700186,81181700316,81181700316
81181800011,81181800021,81181800021
81181800021,81181800031,81181800031
81181800111,81181800041,81181800041
81181800031,81181800051,81181800051
81181800041,81181800061,81181800061
81181800051,81181800071,81181800071
81181800061,81181800081,81181800081
81181800071,81181800091,81181800091
81181800081,81181800101,81181800101
81181800091,81181800111,81181800111
81181800106,81181800126,81181800126
81181900011,81181900011,81181900011
81181900021,81181900021,81181900021
81181900031,81181900031,81181900031
81181900041,81181900041,81181900041
81181900051,81181900051,81181900051
81181900061,81181900061,81181900061
81181900121,81181900081,81181900081
81181900131,81181900091,81181900091
81181900071,81181900101,81181900101
81181900081,81181900111,81181900111
81181900091,81181900121,81181900121
81181900101,81181900131,81181900131
81181900111,81181900141,81181900141
81181900161,81181900151,81181900151
81181900174,81181900164,81181900164
81181900181,81181900171,81181900171
81181900191,81181900181,81181900181
81181900201,81181900191,81181900191
81181900141,81181900201,81181900201
81181900151,81181900211,81181900211
81181900221,81181900221,81181900221
81181900231,81181900231,81181900231
81181900216,81181900246,81181900246
81181900246,81181900256,81181900256
81182000021,81182000011,81182000011
81182000031,81182000021,81182000021
81182000041,81182000031,81182000031
81182000051,81182000191,81182000191
81182000061,81182000201,81182000201
81182000071,81182000211,81182000211
81182000081,81182000221,81182000221
81182000091,81182000231,81182000231
81182000101,81182000241,81182000241
81182000111,81182000251,81182000251
81182000121,81182000261,81182000261
81182000131,81182000271,81182000271
81182000141,81182000281,81182000281
81182000151,81182000291,81182000291
81182000161,81182000301,81182000301
81182000171,81182000311,81182000311
81182000181,81182000321,81182000321
81182000191,81182000331,81182000331
81182000201,81182000341,81182000341
81182000221,81182000351,81182000351
81182000231,81182000361,81182000361
81182000241,81182000371,81182000371
81182000251,81182000381,81182000381
81182000261,81182000391,81182000391
81182000271,81182000401,81182000401
81182000281,81182000411,81182000411
81182000291,81182000421,81182000421
81182000301,81182000431,81182000431
81182000216,81182000446,81182000446
81182000011,81182000451,81182000451
81183000011,81183000021,81183000021
81183000021,81183000031,81183000031
81184000011,81184000011,81184000011
81184000021,81184000021,81184000021
81184000031,81184000031,81184000031
81184000041,81184000041,81184000041
81184000051,81184000051,81184000051
81184000061,81184000061,81184000061
81185000341,81185000341,81185000341
81184000261,81184000081,81184000081
81184000271,81184000091,81184000091
81184000071,81184000111,81184000111
81184000081,81184000121,81184000121
81184000091,81184000131,81184000131
81184000101,81184000141,81184000141
81184000111,81184000151,81184000151
81184000121,81184000161,81184000161
81184000131,81184000171,81184000171
81184000141,81184000181,81184000181
81184000151,81184000191,81184000191
81184000161,81184000201,81184000201
81184000171,81184000211,81184000211
81184000181,81184000221,81184000221
81184000191,81184000231,81184000231
81184000201,81184000241,81184000241
81184000211,81184000251,81184000251
81184000281,81184000271,81184000271
81184000291,81184000281,81184000281
81184000301,81184000291,81184000291
81184000311,81184000301,81184000301
81184000321,81184000311,81184000311
81184000331,81184000321,81184000321
81184000341,81184000331,81184000331
81184000351,81184000341,81184000341
81184000361,81184000351,81184000351
81184000231,81184000361,81184000361
81184000241,81184000371,81184000371
81184000226,81184000386,81184000386
81184000376,81184000396,81184000396
81184000256,81184000406,81184000406
81185000021,81185000011,81185000011
81185000031,81185000021,81185000021
81185000041,81185000031,81185000031
81185000051,81185000041,81185000041
81185000061,81185000051,81185000051
81185000011,81185000061,81185000061
81185000091,81185000071,81185000071
81185000101,81185000081,81185000081
81185000111,81185000091,81185000091
81185000121,81185000101,81185000101
81185000131,81185000111,81185000111
81185000141,81185000121,81185000121
81185000151,81185000131,81185000131
81185000161,81185000141,81185000141
81185000221,81185000151,81185000151
81185000231,81185000161,81185000161
81185000241,81185000171,81185000171
81185000251,81185000181,81185000181
81185000171,81185000191,81185000191
81185000181,81185000201,81185000201
81185000191,81185000211,81185000211
81185000201,81185000221,81185000221
81185000071,81185000231,81185000231
81185000081,81185000241,81185000241
81185000261,81185000251,81185000251
81185000271,81185000261,81185000261
81185000281,81185000271,81185000271
81185000291,81185000291,81185000291
81185000301,81185000301,81185000301
81185000311,81185000311,81185000311
81185000321,81185000321,81185000321
81185000211,81185000331,81185000331
81186000021,81186000011,81186000011
81186000181,81186000021,81186000021
81186000191,81186000031,81186000031
81186000201,81186000041,81186000041
81186000211,81186000051,81186000051
81186000221,81186000061,81186000061
81186000231,81186000071,81186000071
81186000241,81186000081,81186000081
81186000031,81186000091,81186000091
81186000041,81186000101,81186000101
81186000051,81186000111,81186000111
81186000061,81186000121,81186000121
81186000071,81186000131,81186000131
81186000081,81186000141,81186000141
81186000091,81186000151,81186000151
81186000101,81186000161,81186000161
81186000111,81186000171,81186000171
81186000121,81186000181,81186000181
81186000131,81186000191,81186000191
81186000141,81186000201,81186000201
81186000151,81186000211,81186000211
81186000161,81186000221,81186000221
81186000256,81186000236,81186000236
81186000176,81186000246,81186000246
81189000271,81189000821,81189000821
81188000011,81188000021,81188000021
81188000021,81188000031,81188000031
81188000031,81188000041,81188000041
81188000041,81188000051,81188000051
81188000051,81188000061,81188000061
81188000061,81188000071,81188000071
81188000071,81188000081,81188000081
81188000081,81188000091,81188000091
81188000091,81188000101,81188000101
81188000101,81188000111,81188000111
81188000111,81188000121,81188000121
81188000121,81188000131,81188000131
81188000131,81188000141,81188000141
81188000141,81188000151,81188000151
81188000151,81188000161,81188000161
81188000161,81188000171,81188000171
81188000171,81188000181,81188000181
81188000191,81188000191,81188000191
81188000201,81188000201,81188000201
81188000186,81188000216,81188000216
81188000216,81188000226,81188000226
81186000011,81186000251,81186000251
81187000011,81187000021,81187000021
81189000011,81189000031,81189000031
81189000031,81189000041,81189000041
81189000041,81189000051,81189000051
81189000281,81189000061,81189000061
81189000291,81189000071,81189000071
81189000301,81189000081,81189000081
81189000311,81189000091,81189000091
81189000321,81189000101,81189000101
81189000331,81189000111,81189000111
81189000341,81189000121,81189000121
81189000351,81189000131,81189000131
81189000361,81189000141,81189000141
81189000371,81189000151,81189000151
81189000381,81189000161,81189000161
81189000391,81189000171,81189000171
81189000401,81189000181,81189000181
81189000081,81189000561,81189000561
81189000091,81189000571,81189000571
81189000051,81189000581,81189000581
81189000061,81189000591,81189000591
81189000071,81189000601,81189000601
81189000421,81189000611,81189000611
81189000431,81189000621,81189000621
81189000101,81189000631,81189000631
81189000111,81189000641,81189000641
81189000121,81189000651,81189000651
81189000131,81189000661,81189000661
81189000141,81189000671,81189000671
81189000151,81189000681,81189000681
81189000161,81189000691,81189000691
81189000171,81189000701,81189000701
81189000183,81189000713,81189000713
81189000191,81189000721,81189000721
81189000201,81189000731,81189000731
81189000211,81189000741,81189000741
81189000221,81189000751,81189000751
81189000231,81189000761,81189000761
81189000241,81189000771,81189000771
81189000251,81189000781,81189000781
81189000021,81189000791,81189000791
81189000416,81189000806,81189000806
81189000266,81189000816,81189000816
81190100021,81190100011,81190100011
81190100031,81190100021,81190100021
81190100091,81190100031,81190100031
81190100041,81190100041,81190100041
81190100051,81190100051,81190100051
81190100061,81190100061,81190100061
81190100073,81190100073,81190100073
81190100101,81190100081,81190100081
81190100016,81190100096,81190100096
81190200055,81190200015,81190200015
81190200065,81190200025,81190200025
81190200075,81190200035,81190200035
81190200085,81190200045,81190200045
81190200025,81190200055,81190200055
81190200035,81190200065,81190200065
81190200045,81190200075,81190200075
81190200096,81190200086,81190200086
81190200016,81190200096,81190200096
81190500075,81190500015,81190500015
81190500065,81190500025,81190500025
81190500095,81190500035,81190500035
81190500105,81190500045,81190500045
81190500015,81190500055,81190500055
81190500025,81190500065,81190500065
81190500035,81190500075,81190500075
81190500045,81190500085,81190500085
81190500116,81190500096,81190500096
81190500056,81190500106,81190500106
81190600015,81190600015,81190600015
81190600125,81190600025,81190600025
81190600135,81190600035,81190600035
81190600145,81190600045,81190600045
81190600025,81190600055,81190600055
81190600035,81190600065,81190600065
81190600175,81190600085,81190600085
81190700145,81190700165,81190700165
81190700135,81190700175,81190700175
81190600055,81190600125,81190600125
81190600045,81190600135,81190600135
81190600065,81190600145,81190600145
81190600165,81190600155,81190600155
81190600075,81190600165,81190600165
81190600085,81190600175,81190600175
81190600095,81190600185,81190600185
81190600105,81190600195,81190600195
81190600156,81190600206,81190600206
81190600116,81190600216,81190600216
81190700155,81190700015,81190700015
81190700165,81190700025,81190700025
81190700055,81190700035,81190700035
81190700065,81190700045,81190700045
81190700075,81190700055,81190700055
81190700085,81190700065,81190700065
81190700095,81190700075,81190700075
81190700105,81190700085,81190700085
81190700115,81190700095,81190700095
81190700125,81190700105,81190700105
81190700235,81190700115,81190700115
81190700205,81190700125,81190700125
81190700195,81190700135,81190700135
81190700176,81190700146,81190700146
81190700216,81190700156,81190700156
81190800061,81190800031,81190800031
81190800071,81190800041,81190800041
81190800251,81190800051,81190800051
81190800081,81190800061,81190800061
81190800091,81190800071,81190800071
81190800101,81190800081,81190800081
81190800111,81190800091,81190800091
81190800121,81190800101,81190800101
81190800131,81190800111,81190800111
81190800141,81190800121,81190800121
81190800151,81190800131,81190800131
81210300111,81210300141,81210300141
81190800205,81190800155,81190800155
81190800035,81190800165,81190800165
81190800045,81190800175,81190800175
81190800053,81190800183,81190800183
81190800245,81190800205,81190800205
81190700025,81190700215,81190700215
81190700035,81190700225,81190700225
81190800185,81190800235,81190800235
81190800195,81190800245,81190800245
81190800025,81190800255,81190800255
81190800015,81190800265,81190800265
81190800165,81190800275,81190800275
81210300126,81210300286,81210300286
81190800236,81190800296,81190800296
81190800176,81190800306,81190800306
81190900025,81190900015,81190900015
81190900875,81190900025,81190900025
81190900565,81190900035,81190900035
81190900555,81190900045,81190900045
81190900665,81190900055,81190900055
81190900655,81190900065,81190900065
81190900645,81190900075,81190900075
81190900635,81190900085,81190900085
81190900625,81190900095,81190900095
81190900615,81190900105,81190900105
81190900685,81190900115,81190900115
81190900695,81190900125,81190900125
81190900125,81190900135,81190900135
81190900425,81190900145,81190900145
81190900455,81190900165,81190900165
81190900445,81190900175,81190900175
81190900435,81190900185,81190900185
81190900165,81190900195,81190900195
81190900305,81190900205,81190900205
81190900295,81190900215,81190900215
81190900285,81190900225,81190900225
81190900275,81190900235,81190900235
81190900085,81190900255,81190900255
81190900885,81190900275,81190900275
81190900895,81190900285,81190900285
81190900905,81190900295,81190900295
81190900915,81190900305,81190900305
81190900265,81190900315,81190900315
81190900355,81190900325,81190900325
81190900075,81190900335,81190900335
81190900255,81190900345,81190900345
81190900325,81190900355,81190900355
81190900575,81190900375,81190900375
81190900135,81190900395,81190900395
81190900145,81190900405,81190900405
81190900345,81190900415,81190900415
81190900335,81190900425,81190900425
81190900035,81190900435,81190900435
81190900045,81190900445,81190900445
81190900055,81190900455,81190900455
81190900195,81190900465,81190900465
81190900595,81190900475,81190900475
81190900585,81190900485,81190900485
81190900605,81190900495,81190900495
81190900115,81190900505,81190900505
81190900105,81190900515,81190900515
81190900095,81190900525,81190900525
81190900225,81190900545,81190900545
81190900235,81190900555,81190900555
81190900865,81190900565,81190900565
81190900065,81190900575,81190900575
81190900395,81190900585,81190900585
81190900375,81190900595,81190900595
81190900475,81190900615,81190900615
81190900485,81190900625,81190900625
81190900495,81190900635,81190900635
81190900505,81190900645,81190900645
81190900755,81190900655,81190900655
81190900515,81190900665,81190900665
81190900525,81190900675,81190900675
81190900535,81190900685,81190900685
81190900545,81190900695,81190900695
81190900765,81190900705,81190900705
81190900775,81190900715,81190900715
81190900705,81190900725,81190900725
81190900715,81190900735,81190900735
81190900725,81190900745,81190900745
81190900735,81190900755,81190900755
81190900825,81190900765,81190900765
81190900835,81190900775,81190900775
81190900845,81190900785,81190900785
81190900785,81190900795,81190900795
81190900795,81190900805,81190900805
81190900805,81190900815,81190900815
81190900175,81190900825,81190900825
81190800215,81190800835,81190800835
81190900365,81190900845,81190900845
81190900676,81190900856,81190900856
81190900416,81190900866,81190900866
81190900246,81190900876,81190900876
81190900316,81190900886,81190900886
81190900206,81190900896,81190900896
81190900406,81190900916,81190900916
81190900386,81190900926,81190900926
81190900746,81190900946,81190900946
81190900856,81190900956,81190900956
81190900816,81190900966,81190900966
81190900186,81190900976,81190900976
81190800226,81190800986,81190800986
81210100455,81210100015,81210100015
81210100081,81210100041,81210100041
81210100091,81210100051,81210100051
81210100101,81210100061,81210100061
81210100295,81210100075,81210100075
81210100305,81210100085,81210100085
81210100395,81210100095,81210100095
81210100385,81210100115,81210100115
81210100375,81210100125,81210100125
81210100275,81210100135,81210100135
81210100415,81210100145,81210100145
81210100125,81210100155,81210100155
81210100155,81210100165,81210100165
81210100135,81210100175,81210100175
81210100225,81210100185,81210100185
81210100145,81210100195,81210100195
81210100045,81210100205,81210100205
81210100055,81210100215,81210100215
81210100065,81210100225,81210100225
81210100075,81210100235,81210100235
81210100425,81210100245,81210100245
81210100405,81210100265,81210100265
81210100265,81210100275,81210100275
81210100315,81210100285,81210100285
81210100325,81210100295,81210100295
81210100335,81210100305,81210100305
81210100445,81210100325,81210100325
81210100435,81210100335,81210100335
81210100015,81210100345,81210100345
81210100165,81210100355,81210100355
81210100175,81210100365,81210100365
81210100185,81210100375,81210100375
81210100365,81210100385,81210100385
81210100355,81210100395,81210100395
81210100345,81210100405,81210100405
81210100035,81210100415,81210100415
81210100025,81210100425,81210100425
81210100205,81210100435,81210100435
81210100236,81210100446,81210100446
81210100196,81210100456,81210100456
81210100216,81210100466,81210100466
81210200021,81210200011,81210200011
81210200031,81210200021,81210200021
81210200041,81210200031,81210200031
81210200051,81210200041,81210200041
81210200061,81210200051,81210200051
81210200071,81210200061,81210200061
81210200081,81210200071,81210200071
81210200091,81210200081,81210200081
81210200011,81210200091,81210200091
81210200111,81210200101,81210200101
81210200121,81210200111,81210200111
81210200131,81210200121,81210200121
81210200141,81210200131,81210200131
81210200106,81210200146,81210200146
81210200156,81210200156,81210200156
81210300011,81210300011,81210300011
81210300021,81210300021,81210300021
81210300031,81210300031,81210300031
81210300041,81210300041,81210300041
81210300051,81210300051,81210300051
81210300091,81210300071,81210300071
81210500421,81210500081,81210500081
81210300081,81210300091,81210300091
81210500341,81210500721,81210500721
81210300101,81210300111,81210300111
81210400021,81210400021,81210400021
81210400031,81210400031,81210400031
81210400041,81210400041,81210400041
81210400121,81210400051,81210400051
81210300071,81210300061,81210300061
81210400011,81210400071,81210400071
81210400051,81210400081,81210400081
81210400061,81210400091,81210400091
81210400071,81210400101,81210400101
81210400081,81210400111,81210400111
81210400091,81210400121,81210400121
81210400111,81210400131,81210400131
81210500541,81210500011,81210500011
81210500551,81210500021,81210500021
81210500351,81210500041,81210500041
81210500361,81210500051,81210500051
81210500561,81210500061,81210500061
81210500051,81210500071,81210500071
81210500061,81210500091,81210500091
81210500071,81210500101,81210500101
81210500081,81210500111,81210500111
81210500571,81210500121,81210500121
81210500281,81210500181,81210500181
81210500291,81210500191,81210500191
81210500611,81210500201,81210500201
81210500621,81210500211,81210500211
81210500171,81210500221,81210500221
81210500161,81210500231,81210500231
81210500221,81210500241,81210500241
81210500231,81210500251,81210500251
81210500181,81210500271,81210500271
81210500191,81210500281,81210500281
81210500201,81210500291,81210500291
81210500091,81210500301,81210500301
81210500101,81210500311,81210500311
81210500111,81210500321,81210500321
81210500121,81210500331,81210500331
81210500131,81210500341,81210500341
81210500601,81210500351,81210500351
81210500581,81210500361,81210500361
81210500211,81210500371,81210500371
81210600011,81210601221,81210601221
81210500301,81210500391,81210500391
81210500311,81210500401,81210500401
81210500321,81210500411,81210500411
81210500141,81210500421,81210500421
81210500151,81210500431,81210500431
81210500021,81210500441,81210500441
81210500041,81210500451,81210500451
81210500031,81210500461,81210500461
81210500371,81210500471,81210500471
81210500381,81210500481,81210500481
81210500391,81210500491,81210500491
81210400131,81210400511,81210400511
81210500591,81210500521,81210500521
81210300061,81210300531,81210300531
81210500011,81210500541,81210500541
81210500401,81210500551,81210500551
81210500251,81210500561,81210500561
81210500241,81210500571,81210500571
81210500261,81210500581,81210500581
81210500271,81210500591,81210500591
81210500431,81210500601,81210500601
81210500441,81210500611,81210500611
81210500451,81210500621,81210500621
81210500461,81210500631,81210500631
81210500471,81210500641,81210500641
81210500481,81210500651,81210500651
81210500501,81210500661,81210500661
81210500513,81210500673,81210500673
81210500336,81210500686,81210500686
81210500416,81210500696,81210500696
81210500496,81210500706,81210500706
81210500526,81210500716,81210500716
81210600021,81210600011,81210600011
81210601001,81210600021,81210600021
81210900511,81210900551,81210900551
81210601111,81210600041,81210600041
81210601131,81210600051,81210600051
81210600031,81210600071,81210600071
81210600041,81210600091,81210600091
81210600051,81210600101,81210600101
81210600061,81210600111,81210600111
81210600071,81210600121,81210600121
81210600081,81210600131,81210600131
81210600091,81210600141,81210600141
81210600101,81210600151,81210600151
81210600111,81210600161,81210600161
81210600121,81210600171,81210600171
81210601041,81210600181,81210600181
81210600161,81210600191,81210600191
81210601161,81210600201,81210600201
81210601141,81210600211,81210600211
81210600151,81210600221,81210600221
81210600131,81210600231,81210600231
81210600141,81210600241,81210600241
81210600211,81210600251,81210600251
81210600631,81210600261,81210600261
81210600641,81210600271,81210600271
81210600651,81210600281,81210600281
81210600661,81210600291,81210600291
81210600671,81210600301,81210600301
81210600171,81210600311,81210600311
81210600191,81210600331,81210600331
81210600181,81210600341,81210600341
81210600201,81210600351,81210600351
81210600221,81210600361,81210600361
81210600231,81210600371,81210600371
81210600241,81210600381,81210600381
81210600251,81210600391,81210600391
81210600261,81210600401,81210600401
81210600271,81210600411,81210600411
81210600281,81210600421,81210600421
81210600291,81210600431,81210600431
81210600301,81210600441,81210600441
81210600311,81210600451,81210600451
81210600321,81210600461,81210600461
81210600331,81210600471,81210600471
81210600341,81210600481,81210600481
81210600681,81210600491,81210600491
81210600691,81210600501,81210600501
81210600701,81210600511,81210600511
81210600711,81210600521,81210600521
81210600721,81210600531,81210600531
81210600351,81210600541,81210600541
81210600361,81210600551,81210600551
81210600371,81210600561,81210600561
81210600381,81210600571,81210600571
81210600391,81210600581,81210600581
81210600401,81210600591,81210600591
81210600411,81210600601,81210600601
81210600421,81210600611,81210600611
81210601011,81210600621,81210600621
81210601101,81210600631,81210600631
81210600731,81210600651,81210600651
81210600741,81210600661,81210600661
81210600751,81210600671,81210600671
81210600761,81210600681,81210600681
81210600771,81210600691,81210600691
81210600781,81210600701,81210600701
81210600791,81210600711,81210600711
81210600801,81210600721,81210600721
81210600811,81210600731,81210600731
81210600821,81210600741,81210600741
81210600431,81210600751,81210600751
81210600441,81210600761,81210600761
81210600451,81210600771,81210600771
81210600461,81210600781,81210600781
81210600471,81210600791,81210600791
81210600481,81210600801,81210600801
81210600491,81210600811,81210600811
81210600501,81210600821,81210600821
81210600511,81210600831,81210600831
81210600521,81210600841,81210600841
81210600531,81210600851,81210600851
81210600541,81210600861,81210600861
81210600551,81210600871,81210600871
81210600561,81210600881,81210600881
81210600571,81210600891,81210600891
81210600581,81210600901,81210600901
81210600591,81210600911,81210600911
81210600601,81210600921,81210600921
81210600621,81210600931,81210600931
81210600983,81210600943,81210600943
81210600971,81210600951,81210600951
81210601151,81210600971,81210600971
81210601121,81210600981,81210600981
81210600951,81210600991,81210600991
81210600941,81210601001,81210601001
81210600841,81210601021,81210601021
81210601071,81210601031,81210601031
81210601091,81210601041,81210601041
81210601081,81210601051,81210601051
81210601061,81210601061,81210601061
81210600851,81210601071,81210601071
81210600861,81210601081,81210601081
81210600871,81210601091,81210601091
81210601051,81210601101,81210601101
81210601031,81210601111,81210601111
81210600881,81210601121,81210601121
81210600891,81210601131,81210601131
81210600903,81210601143,81210601143
81210600911,81210601151,81210601151
81210600921,81210601161,81210601161
81210600961,81210601171,81210601171
81210601026,81210601186,81210601186
81210600836,81210601196,81210601196
81210600996,81210601206,81210601206
81210600936,81210601216,81210601216
81210700011,81210700011,81210700011
81210700081,81210700021,81210700021
81210700161,81210700031,81210700031
81210700021,81210700051,81210700051
81210700151,81210700061,81210700061
81210700171,81210700071,81210700071
81210700031,81210700081,81210700081
81210700051,81210700101,81210700101
81210700041,81210700111,81210700111
81210700091,81210700121,81210700121
81210700111,81210700131,81210700131
81210700101,81210700141,81210700141
81210700131,81210700151,81210700151
81210700061,81210700161,81210700161
81210700126,81210700176,81210700176
81210700146,81210700186,81210700186
81210700076,81210700196,81210700196
81210800011,81210800011,81210800011
81210800251,81210800021,81210800021
81210800021,81210800031,81210800031
81210800031,81210800041,81210800041
81210800041,81210800051,81210800051
81210800051,81210800061,81210800061
81210800061,81210800071,81210800071
81210800071,81210800081,81210800081
81210800081,81210800091,81210800091
81210800091,81210800101,81210800101
81210800101,81210800111,81210800111
81210800111,81210800121,81210800121
81210800121,81210800131,81210800131
81210800131,81210800141,81210800141
81210800141,81210800151,81210800151
81210800161,81210800161,81210800161
81210800171,81210800171,81210800171
81210800181,81210800181,81210800181
81210800191,81210800191,81210800191
81210800231,81210800201,81210800201
81210800201,81210800211,81210800211
81210800211,81210800221,81210800221
81210800221,81210800231,81210800231
81210800156,81210800246,81210800246
81210800246,81210800256,81210800256
81210900011,81210900011,81210900011
81210900021,81210900021,81210900021
81210900061,81210900031,81210900031
81210900071,81210900041,81210900041
81210900491,81210900051,81210900051
81210900091,81210900061,81210900061
81210900441,81210900071,81210900071
81210900081,81210900081,81210900081
81210900101,81210900091,81210900091
81210900111,81210900101,81210900101
81210900121,81210900111,81210900111
81210900131,81210900121,81210900121
81210900141,81210900131,81210900131
81210900261,81210900141,81210900141
81210900271,81210900151,81210900151
81210900281,81210900161,81210900161
81210900411,81210900171,81210900171
81210900521,81210900181,81210900181
81210900151,81210900191,81210900191
81210900161,81210900201,81210900201
81210900171,81210900211,81210900211
81210900531,81210900221,81210900221
81210900541,81210900231,81210900231
81210900181,81210900241,81210900241
81210900191,81210900251,81210900251
81210900201,81210900261,81210900261
81210900211,81210900271,81210900271
81210900451,81210900281,81210900281
81210900461,81210900291,81210900291
81210900221,81210900301,81210900301
81210900231,81210900311,81210900311
81210900031,81210900321,81210900321
81210900041,81210900331,81210900331
81210900051,81210900341,81210900341
81210900241,81210900351,81210900351
81210900251,81210900361,81210900361
81220100011,81220101041,81220101041
81210900471,81210900381,81210900381
81210900341,81210900391,81210900391
81210900351,81210900401,81210900401
81210900361,81210900411,81210900411
81210900331,81210900421,81210900421
81210900321,81210900431,81210900431
81210900311,81210900441,81210900441
81210900301,81210900451,81210900451
81210900291,81210900461,81210900461
81210900381,81210900471,81210900471
81210900401,81210900481,81210900481
81210900421,81210900491,81210900491
81210900506,81210900506,81210900506
81210900486,81210900516,81210900516
81210900376,81210900526,81210900526
81210900396,81210900536,81210900536
81210900436,81210900546,81210900546
81220100081,81220100011,81220100011
81220100681,81220100021,81220100021
81220100021,81220100031,81220100031
81220100071,81220100041,81220100041
81220100061,81220100051,81220100051
81220100051,81220100061,81220100061
81220100041,81220100071,81220100071
81220100031,81220100081,81220100081
81220100091,81220100091,81220100091
81220100701,81220100101,81220100101
81220100711,81220100111,81220100111
81220100101,81220100131,81220100131
81220100111,81220100141,81220100141
81220100121,81220100151,81220100151
81220100131,81220100161,81220100161
81220100751,81220100171,81220100171
81220100741,81220100181,81220100181
81220100731,81220100191,81220100191
81220100721,81220100201,81220100201
81220100661,81220100211,81220100211
81220100161,81220100221,81220100221
81220100171,81220100231,81220100231
81220100181,81220100241,81220100241
81220100191,81220100251,81220100251
81220100201,81220100261,81220100261
81220100801,81220100321,81220100321
81220100811,81220100331,81220100331
81220100821,81220100341,81220100341
81220100781,81220100351,81220100351
81220100791,81220100361,81220100361
81220100771,81220100381,81220100381
81220100761,81220100391,81220100391
81220100831,81220100401,81220100401
81220100841,81220100411,81220100411
81220100851,81220100421,81220100421
81220100861,81220100431,81220100431
81220100891,81220100441,81220100441
81220100881,81220100461,81220100461
81220100281,81220100481,81220100481
81220100321,81220100491,81220100491
81220100571,81220100501,81220100501
81220100581,81220100511,81220100511
81220100591,81220100521,81220100521
81220100391,81220100571,81220100571
81220100401,81220100581,81220100581
81220100331,81220100591,81220100591
81220100341,81220100601,81220100601
81220100291,81220100641,81220100641
81220100301,81220100651,81220100651
81220100311,81220100661,81220100661
81220100431,81220100671,81220100671
81220100441,81220100681,81220100681
81220100451,81220100691,81220100691
81220100461,81220100701,81220100701
81220100471,81220100711,81220100711
81220100481,81220100721,81220100721
81220100491,81220100731,81220100731
81220100501,81220100741,81220100741
81220100511,81220100751,81220100751
81220100521,81220100761,81220100761
81220100601,81220100771,81220100771
81220100611,81220100781,81220100781
81220100621,81220100791,81220100791
81220100631,81220100801,81220100801
81220100641,81220100811,81220100811
81220100351,81220100821,81220100821
81220100361,81220100831,81220100831
81220100371,81220100841,81220100841
81220100381,81220100851,81220100851
81220100911,81220100861,81220100861
81220100901,81220100871,81220100871
81220100411,81220100881,81220100881
81220100421,81220100891,81220100891
81220100211,81220100901,81220100901
81220100221,81220100911,81220100911
81220100141,81220100921,81220100921
81220100151,81220100931,81220100931
81220100231,81220100941,81220100941
81220100241,81220100951,81220100951
81220100251,81220100961,81220100961
81220100261,81220100971,81220100971
81220100271,81220100981,81220100981
81220100696,81220101006,81220101006
81220100676,81220101016,81220101016
81220100871,81220101026,81220101026
81220100656,81220101036,81220101036
81220200011,81220200011,81220200011
81220200021,81220200021,81220200021
81220200031,81220200031,81220200031
81220200041,81220200041,81220200041
81220200051,81220200051,81220200051
81220200061,81220200061,81220200061
81220200071,81220200071,81220200071
81220200081,81220200081,81220200081
81220200091,81220200091,81220200091
81220200101,81220200101,81220200101
81220200111,81220200111,81220200111
81220200121,81220200121,81220200121
81220200131,81220200131,81220200131
81220200141,81220200141,81220200141
81220200151,81220200151,81220200151
81220200161,81220200161,81220200161
81220200171,81220200171,81220200171
81220200181,81220200181,81220200181
81220200191,81220200191,81220200191
81220200201,81220200201,81220200201
81220200211,81220200211,81220200211
81220200231,81220200221,81220200221
81220200226,81220200236,81220200236
81220200246,81220200246,81220200246
81220100531,81220101051,81220101051
81220100541,81220101061,81220101061
81220100551,81220101071,81220101071
81220100561,81220101081,81220101081
81220400011,81220400051,81220400051
81220400021,81220400061,81220400061
81220400031,81220400071,81220400071
81220400041,81220400081,81220400081
81220400051,81220400091,81220400091
81220400061,81220400101,81220400101
81220400071,81220400111,81220400111
81220400086,81220400126,81220400126
81220500011,81220500011,81220500011
81220500021,81220500021,81220500021
81220500031,81220500031,81220500031
81220500041,81220500041,81220500041
81220500051,81220500051,81220500051
81220600011,81220600011,81220600011
81220600021,81220600021,81220600021
81220600031,81220600031,81220600031
81220600041,81220600041,81220600041
81220600051,81220600051,81220600051
81220600061,81220600061,81220600061
81220600161,81220600071,81220600071
81220600071,81220600081,81220600081
81220600081,81220600091,81220600091
81220600091,81220600101,81220600101
81220600101,81220600111,81220600111
81220600111,81220600121,81220600121
81220600121,81220600131,81220600131
81220600131,81220600141,81220600141
81220600141,81220600151,81220600151
81220600176,81220600176,81220600176
81220600156,81220600186,81220600186
81220700011,81220700011,81220700011
81220700021,81220700021,81220700021
81220700031,81220700031,81220700031
81220700041,81220700041,81220700041
81220700051,81220700051,81220700051
81220800011,81220800011,81220800011
81220800021,81220800021,81220800021
81220800031,81220800031,81220800031
81220800041,81220800041,81220800041
81220800051,81220800051,81220800051
81220800061,81220800061,81220800061
81220800071,81220800071,81220800071
81220800081,81220800081,81220800081
81220800091,81220800091,81220800091
81220800101,81220800101,81220800101
81220800111,81220800111,81220800111
81220800121,81220800121,81220800121
81220800131,81220800131,81220800131
81220800146,81220800146,81220800146
81220900011,81220900011,81220900011
81220900021,81220900021,81220900021
81220900031,81220900031,81220900031
81220900151,81220900041,81220900041
81220900161,81220900051,81220900051
81220900171,81220900061,81220900061
81220900181,81220900071,81220900071
81220900191,81220900081,81220900081
81220900201,81220900091,81220900091
81220900211,81220900101,81220900101
81220900231,81220900111,81220900111
81220900241,81220900121,81220900121
81220900251,81220900131,81220900131
81220900041,81220900141,81220900141
81220900051,81220900151,81220900151
81220900061,81220900161,81220900161
81220900071,81220900171,81220900171
81220900081,81220900181,81220900181
81220900091,81220900191,81220900191
81220900101,81220900201,81220900201
81220900111,81220900211,81220900211
81220900121,81220900221,81220900221
81220900131,81220900231,81220900231
81220900226,81220900246,81220900246
81220900266,81220900256,81220900256
81220900146,81220900266,81220900266
81230100011,81230100011,81230100011
81230100021,81230100021,81230100021
81230100031,81230100031,81230100031
81230100041,81230100041,81230100041
81230100111,81230100051,81230100051
81230100141,81230100061,81230100061
81230100151,81230100071,81230100071
81230100121,81230100081,81230100081
81230100131,81230100091,81230100091
81230100051,81230100121,81230100121
81230100061,81230100131,81230100131
81230100161,81230100141,81230100141
81230100071,81230100151,81230100151
81230100081,81230100161,81230100161
81230100091,81230100171,81230100171
81230100101,81230100181,81230100181
81230300011,81230300191,81230300191
81230300031,81230300021,81230300021
81230300041,81230300031,81230300031
81230300021,81230300041,81230300041
81230400011,81230400011,81230400011
81230400021,81230400021,81230400021
81230400031,81230400031,81230400031
81230400041,81230400041,81230400041
81230400051,81230400051,81230400051
81230400061,81230400061,81230400061
81230400071,81230400071,81230400071
81230400081,81230400081,81230400081
81230400091,81230400091,81230400091
81230400101,81230400101,81230400101
81230400111,81230400111,81230400111
81230400121,81230400121,81230400121
81230400131,81230400131,81230400131
81230400146,81230400146,81230400146
81230500011,81230500011,81230500011
81230500021,81230500021,81230500021
81230500031,81230500031,81230500031
81230500041,81230500041,81230500041
81230500051,81230500051,81230500051
81230600011,81230600021,81230600021
81230600021,81230600031,81230600031
81230600031,81230600041,81230600041
81230600041,81230600051,81230600051
81230600051,81230600061,81230600061
81230600061,81230600071,81230600071
81230600071,81230600081,81230600081
81230600081,81230600091,81230600091
81230600091,81230600101,81230600101
81230600101,81230600111,81230600111
81230600111,81230600121,81230600121
81230600121,81230600131,81230600131
81230600131,81230600141,81230600141
81230600141,81230600151,81230600151
81230600151,81230600161,81230600161
81230600161,81230600171,81230600171
81230600171,81230600181,81230600181
81230600181,81230600191,81230600191
81230600191,81230600201,81230600201
81230600201,81230600211,81230600211
81230600211,81230600221,81230600221
81230600221,81230600231,81230600231
81230600231,81230600241,81230600241
81230600256,81230600261,81230600261
81230600241,81230600271,81230600271
81230600261,81230600281,81230600281
81230600271,81230600291,81230600291
81230600291,81230600301,81230600301
81230700011,81230700011,81230700011
81230700021,81230700021,81230700021
81230700031,81230700031,81230700031
81230700091,81230700041,81230700041
81230700041,81230700051,81230700051
81230700101,81230700061,81230700061
81230700061,81230700071,81230700071
81230700071,81230700081,81230700081
81230700081,81230700091,81230700091
81230700051,81230700101,81230700101
81230800011,81230800011,81230800011
81230800021,81230800021,81230800021
81230800031,81230800031,81230800031
81230800041,81230800041,81230800041
81230800056,81230800056,81230800056
81230900011,81230900011,81230900011
81241000011,81241000011,81241000011
81241000021,81241000041,81241000041
81241000041,81241000071,81241000071
81241000051,81241000081,81241000081
81241000061,81241000091,81241000091
81241000071,81241000101,81241000101
81241000081,81241000111,81241000111
81241000091,81241000121,81241000121
81241000101,81241000131,81241000131
81241000111,81241000141,81241000141
81241000171,81241000151,81241000151
81241000121,81241000161,81241000161
81241000131,81241000171,81241000171
81241000141,81241000181,81241000181
81241000151,81241000191,81241000191
81241000161,81241000201,81241000201
81241000186,81241000226,81241000226
81242000011,81242000021,81242000021
81242000021,81242000031,81242000031
81242000031,81242000051,81242000051
81242000041,81242000061,81242000061
81242000051,81242000071,81242000071
81242000061,81242000081,81242000081
81242000071,81242000091,81242000091
81242000321,81242000101,81242000101
81242000331,81242000111,81242000111
81242000341,81242000121,81242000121
81242000351,81242000131,81242000131
81242000361,81242000141,81242000141
81242000371,81242000151,81242000151
81242000381,81242000161,81242000161
81242000081,81242000181,81242000181
81242000091,81242000191,81242000191
81242000101,81242000201,81242000201
81242000111,81242000211,81242000211
81242000121,81242000221,81242000221
81242000491,81242000231,81242000231
81242000501,81242000241,81242000241
81242000511,81242000251,81242000251
81242000131,81242000261,81242000261
81242000141,81242000271,81242000271
81242000151,81242000281,81242000281
81242000161,81242000291,81242000291
81242000171,81242000301,81242000301
81242000181,81242000311,81242000311
81242000191,81242000321,81242000321
81242000201,81242000331,81242000331
81242000211,81242000341,81242000341
81242000221,81242000351,81242000351
81242000231,81242000361,81242000361
81242000241,81242000371,81242000371
81242000251,81242000381,81242000381
81242000471,81242000391,81242000391
81242000271,81242000431,81242000431
81242000281,81242000441,81242000441
81242000291,81242000451,81242000451
81242000301,81242000461,81242000461
81242000391,81242000471,81242000471
81242000401,81242000481,81242000481
81242000411,81242000491,81242000491
81242000531,81242000501,81242000501
81242000551,81242000511,81242000511
81242000421,81242000541,81242000541
81242000431,81242000551,81242000551
81242000441,81242000561,81242000561
81242000451,81242000571,81242000571
81242000526,81242000606,81242000606
81242000266,81242000616,81242000616
81242000486,81242000626,81242000626
81242000466,81242000636,81242000636
81243000011,81243000011,81243000011
81243000051,81243000021,81243000021
81243000061,81243000031,81243000031
81243000071,81243000041,81243000041
81243000081,81243000051,81243000051
81243000021,81243000061,81243000061
81243000031,81243000071,81243000071
81243000041,81243000081,81243000081
81244000011,81244000091,81244000091
81243000091,81243000101,81243000101
81243000101,81243000111,81243000111
81245000011,81245000011,81245000011
81245000021,81245000021,81245000021
81245000031,81245000031,81245000031
81245000041,81245000041,81245000041
81246000011,81246000011,81246000011
81246000021,81246000021,81246000021
81246000031,81246000031,81246000031
81246000041,81246000041,81246000041
81246000051,81246000051,81246000051
81246000061,81246000061,81246000061
81246000071,81246000071,81246000071
81246000084,81246000084,81246000084
81246000091,81246000091,81246000091
81246000101,81246000101,81246000101
81246000111,81246000111,81246000111
81246000121,81246000121,81246000121
81246000131,81246000131,81246000131
81246000141,81246000141,81246000141
81246000151,81246000151,81246000151
81246000161,81246000161,81246000161
81246000221,81246000171,81246000171
81246000231,81246000181,81246000181
81246000241,81246000191,81246000191
81246000251,81246000201,81246000201
81246000261,81246000211,81246000211
81246000271,81246000221,81246000221
81246000281,81246000231,81246000231
81246000181,81246000241,81246000241
81246000191,81246000251,81246000251
81246000201,81246000261,81246000261
81246000176,81246000276,81246000276
81246000296,81246000286,81246000286
81246000216,81246000296,81246000296
81247600011,81247600011,81247600011
81247600021,81247600021,81247600021
81247600031,81247600031,81247600031
81247600041,81247600041,81247600041
81247600051,81247600051,81247600051
81247600061,81247600061,81247600061
81247600071,81247600071,81247600071
81247600081,81247600081,81247600081
81247600091,81247600091,81247600091
81247600101,81247600101,81247600101
81247600111,81247600111,81247600111
81247600131,81247600121,81247600121
81247600141,81247600131,81247600131
81247600126,81247600146,81247600146
81120400016,81120400156,81120400156
81247700011,81247700011,81247700011
81247700031,81247700021,81247700021
81247700046,81247700036,81247700036
81247700021,81247700041,81247700041
81247900011,81247900021,81247900021
81247900021,81247900031,81247900031
81247900031,81247900041,81247900041
81247900041,81247900051,81247900051
81247900051,81247900061,81247900061
81247900061,81247900071,81247900071
81247900071,81247900081,81247900081
81247900081,81247900101,81247900101
81247900311,81247900111,81247900111
81247900091,81247900121,81247900121
81247900101,81247900131,81247900131
81247900111,81247900141,81247900141
81247900121,81247900151,81247900151
81247900131,81247900161,81247900161
81247900141,81247900171,81247900171
81247900151,81247900181,81247900181
81247900161,81247900191,81247900191
81247900171,81247900201,81247900201
81247900181,81247900211,81247900211
81247900191,81247900221,81247900221
81247900201,81247900231,81247900231
81247900211,81247900241,81247900241
81247900221,81247900251,81247900251
81247900231,81247900261,81247900261
81247900241,81247900271,81247900271
81247900251,81247900281,81247900281
81247900261,81247900291,81247900291
81247900271,81247900301,81247900301
81247900281,81247900311,81247900311
81247900291,81247900321,81247900321
81247900301,81247900331,81247900331
81248000011,81248000011,81248000011
81248000021,81248000021,81248000021
81248000031,81248000031,81248000031
81248000041,81248000041,81248000041
81248000051,81248000051,81248000051
81248000061,81248000061,81248000061
81248000071,81248000071,81248000071
81248000081,81248000081,81248000081
81248000091,81248000091,81248000091
81248000101,81248000101,81248000101
81248000111,81248000111,81248000111
81248000121,81248000121,81248000121
81248000131,81248000131,81248000131
81248000141,81248000141,81248000141
81248000151,81248000151,81248000151
81248000161,81248000161,81248000161
81248000176,81248000176,81248000176
81249000011,81249000181,81249000181
81249000021,81249000191,81249000191
81249000031,81249000201,81249000201
81249000041,81249000211,81249000211
81249000051,81249000221,81249000221
81249000061,81249000231,81249000231
81249000071,81249000241,81249000241
81249000081,81249000251,81249000251
81249000091,81249000261,81249000261
81249000131,81249000271,81249000271
81249000101,81249000281,81249000281
81249000111,81249000291,81249000291
81249000146,81249000306,81249000306
81249000126,81249000316,81249000316
81250100011,81250100011,81250100011
81250100021,81250100021,81250100021
81250100031,81250100031,81250100031
81250100041,81250100041,81250100041
81250100131,81250100051,81250100051
81250100141,81250100061,81250100061
81250100161,81250100081,81250100081
81250100171,81250100101,81250100101
81250100181,81250100111,81250100111
81250100191,81250100121,81250100121
81250100201,81250100131,81250100131
81250100301,81250100141,81250100141
81250100211,81250100151,81250100151
81250100221,81250100161,81250100161
81250100231,81250100171,81250100171
81250100241,81250100181,81250100181
81250100251,81250100191,81250100191
81250100261,81250100201,81250100201
81250100311,81250100211,81250100211
81250100271,81250100221,81250100221
81250100281,81250100231,81250100231
81250100321,81250100241,81250100241
81250100331,81250100251,81250100251
81250100051,81250100261,81250100261
81250100061,81250100271,81250100271
81250100071,81250100281,81250100281
81250100081,81250100291,81250100291
81250100091,81250100301,81250100301
81250100101,81250100311,81250100311
81250100111,81250100321,81250100321
81250100121,81250100331,81250100331
81250100151,81250100341,81250100341
81250100291,81250100351,81250100351
81250400011,81250400011,81250400011
81250400021,81250400021,81250400021
81250400031,81250400031,81250400031
81250400311,81250400041,81250400041
81250400321,81250400051,81250400051
81250400331,81250400061,81250400061
81250400341,81250400071,81250400071
81250400351,81250400081,81250400081
81250400361,81250400091,81250400091
81250400371,81250400101,81250400101
81250400381,81250400111,81250400111
81250400391,81250400121,81250400121
81250400401,81250400131,81250400131
81250400411,81250400141,81250400141
81250400421,81250400151,81250400151
81250400431,81250400161,81250400161
81250400441,81250400171,81250400171
81250400451,81250400181,81250400181
81250400461,81250400191,81250400191
81250400471,81250400201,81250400201
81250400481,81250400211,81250400211
81250400491,81250400221,81250400221
81250400501,81250400231,81250400231
81250400511,81250400241,81250400241
81250400521,81250400251,81250400251
81250400531,81250400261,81250400261
81250400541,81250400271,81250400271
81250400551,81250400281,81250400281
81250400561,81250400291,81250400291
81250700101,81250700301,81250700301
81250700111,81250700311,81250700311
81250400041,81250400321,81250400321
81250400051,81250400331,81250400331
81250400061,81250400341,81250400341
81250400071,81250400351,81250400351
81250400081,81250400361,81250400361
81250400211,81250400371,81250400371
81250400221,81250400381,81250400381
81250400231,81250400391,81250400391
81250400241,81250400401,81250400401
81250400251,81250400411,81250400411
81250400261,81250400421,81250400421
81250400271,81250400431,81250400431
81250400281,81250400441,81250400441
81250400291,81250400451,81250400451
81250400091,81250400461,81250400461
81250400101,81250400471,81250400471
81250400111,81250400481,81250400481
81250400121,81250400491,81250400491
81250400131,81250400501,81250400501
81250400141,81250400511,81250400511
81270100171,81270100521,81270100521
81270100181,81270100531,81270100531
81270100191,81270100541,81270100541
81250400151,81250400551,81250400551
81250400161,81250400561,81250400561
81250400576,81250400576,81250400576
81250500011,81250500011,81250500011
81250500021,81250500021,81250500021
81250500051,81250500031,81250500031
81250500031,81250500041,81250500041
81250500041,81250500051,81250500051
81250700121,81250700011,81250700011
81250700011,81250700021,81250700021
81250700021,81250700031,81250700031
81250700031,81250700041,81250700041
81250700131,81250700051,81250700051
81250700041,81250700061,81250700061
81250700091,81250700071,81250700071
81250700051,81250700081,81250700081
81250700061,81250700091,81250700091
81250800961,81250800011,81250800011
81250800971,81250800021,81250800021
81250800981,81250800031,81250800031
81250800991,81250800041,81250800041
81250800011,81250800051,81250800051
81250800021,81250800061,81250800061
81250800031,81250800071,81250800071
81250800041,81250800081,81250800081
81250800051,81250800091,81250800091
81250800061,81250800101,81250800101
81250800071,81250800111,81250800111
81250800081,81250800121,81250800121
81250800091,81250800131,81250800131
81250800561,81250800141,81250800141
81250800571,81250800151,81250800151
81250800581,81250800161,81250800161
81250800591,81250800171,81250800171
81250800601,81250800181,81250800181
81250800611,81250800191,81250800191
81250800801,81250800201,81250800201
81250800811,81250800211,81250800211
81250800821,81250800221,81250800221
81250800831,81250800231,81250800231
81250800841,81250800241,81250800241
81250800853,81250800253,81250800253
81250800861,81250800261,81250800261
81250800871,81250800271,81250800271
81250800881,81250800281,81250800281
81250800891,81250800291,81250800291
81250800903,81250800303,81250800303
81250800911,81250800311,81250800311
81250800921,81250800321,81250800321
81250800931,81250800331,81250800331
81250800101,81250800341,81250800341
81250800111,81250800351,81250800351
81250800121,81250800361,81250800361
81250800131,81250800371,81250800371
81250800141,81250800381,81250800381
81250800151,81250800391,81250800391
81250800161,81250800401,81250800401
81250800171,81250800411,81250800411
81250800451,81250800421,81250800421
81250800461,81250800431,81250800431
81250800471,81250800441,81250800441
81250800481,81250800451,81250800451
81250800491,81250800461,81250800461
81250800501,81250800471,81250800471
81250800511,81250800481,81250800481
81250800521,81250800491,81250800491
81250800531,81250800501,81250800501
81250800541,81250800511,81250800511
81250800181,81250800521,81250800521
81250800191,81250800531,81250800531
81250800201,81250800541,81250800541
81250800211,81250800551,81250800551
81250800221,81250800561,81250800561
81250800231,81250800571,81250800571
81250800241,81250800581,81250800581
81250800361,81250800591,81250800591
81250800371,81250800601,81250800601
81250800381,81250800611,81250800611
81250800391,81250800621,81250800621
81250800401,81250800631,81250800631
81250800411,81250800641,81250800641
81250800421,81250800651,81250800651
81250800431,81250800661,81250800661
81250800621,81250800801,81250800801
81250800631,81250800811,81250800811
81250800641,81250800821,81250800821
81250800651,81250800831,81250800831
81250800661,81250800841,81250800841
81250800671,81250800851,81250800851
81250800681,81250800861,81250800861
81250800691,81250800871,81250800871
81250800701,81250800881,81250800881
81250800711,81250800891,81250800891
81250800721,81250800901,81250800901
81250800951,81250800911,81250800911
81250800731,81250800921,81250800921
81250800741,81250800931,81250800931
81250800751,81250800941,81250800941
81250800761,81250800951,81250800951
81250800781,81250800961,81250800961
81250800251,81250800971,81250800971
81250800261,81250800981,81250800981
81250800271,81250800991,81250800991
81250800281,81250801001,81250801001
81250800291,81250801011,81250801011
81250800301,81250801021,81250801021
81250800311,81250801031,81250801031
81250800321,81250801041,81250801041
81250800331,81250801051,81250801051
81250800341,81250801061,81250801061
81250800946,81250801076,81250801076
81250800556,81250801086,81250801086
81250800446,81250801096,81250801096
81250800776,81250801106,81250801106
81250800796,81250801116,81250801116
81250800356,81250801126,81250801126
81250700071,81250700321,81250700321
81250700081,81250700331,81250700331
81250900011,81250900031,81250900031
81250900021,81250900041,81250900041
81250900031,81250900051,81250900051
81260300191,81260300231,81260300231
81260300201,81260300241,81260300241
81260300211,81260300251,81260300251
81260300221,81260300261,81260300261
81260200011,81260200051,81260200051
81260200021,81260200061,81260200061
81260200031,81260200071,81260200071
81260200041,81260200081,81260200081
81260200051,81260200091,81260200091
81260200061,81260200101,81260200101
81260200071,81260200111,81260200111
81260200081,81260200121,81260200121
81260200091,81260200131,81260200131
81260200101,81260200141,81260200141
81260200111,81260200151,81260200151
81260200121,81260200161,81260200161
81260200131,81260200171,81260200171
81260200141,81260200181,81260200181
81260200151,81260200191,81260200191
81260200161,81260200201,81260200201
81260200171,81260200211,81260200211
81260200181,81260200221,81260200221
81260200191,81260200231,81260200231
81260200201,81260200241,81260200241
81260200211,81260200251,81260200251
81260200221,81260200261,81260200261
81260200231,81260200271,81260200271
81260200241,81260200281,81260200281
81260200251,81260200291,81260200291
81260200261,81260200301,81260200301
81260200271,81260200311,81260200311
81260200281,81260200321,81260200321
81260200291,81260200331,81260200331
81260200351,81260200341,81260200341
81260200361,81260200351,81260200351
81260200371,81260200361,81260200361
81260200381,81260200371,81260200371
81260200311,81260200381,81260200381
81260200321,81260200391,81260200391
81260200331,81260200421,81260200421
81260200306,81260200456,81260200456
81260200396,81260200466,81260200466
81260200346,81260200476,81260200476
81260300011,81260300011,81260300011
81260300021,81260300021,81260300021
81260300031,81260300031,81260300031
81260300041,81260300041,81260300041
81260300051,81260300051,81260300051
81260300181,81260300061,81260300061
81260300061,81260300071,81260300071
81260300071,81260300081,81260300081
81260300081,81260300091,81260300091
81260300091,81260300101,81260300101
81260300101,81260300111,81260300111
81260300111,81260300121,81260300121
81260300121,81260300131,81260300131
81260300231,81260300151,81260300151
81260300241,81260300161,81260300161
81260300131,81260300171,81260300171
81260300141,81260300181,81260300181
81260300151,81260300191,81260300191
81260300161,81260300211,81260300211
81260300171,81260300221,81260300221
81260400021,81260401011,81260401011
81260400031,81260401021,81260401021
81260400041,81260401031,81260401031
81260400051,81260401041,81260401041
81260400061,81260401051,81260401051
81260400071,81260401061,81260401061
81260400081,81260401071,81260401071
81260400091,81260401081,81260401081
81260400101,81260401091,81260401091
81260400111,81260401101,81260401101
81260400121,81260401111,81260401111
81260400131,81260401121,81260401121
81260400141,81260401131,81260401131
81260400151,81260401141,81260401141
81260400161,81260401151,81260401151
81260400171,81260401161,81260401161
81260400181,81260401171,81260401171
81260400011,81260401181,81260401181
81260400196,81260401196,81260401196
81260500011,81260500011,81260500011
81260500021,81260500021,81260500021
81260500031,81260500031,81260500031
81260500041,81260500041,81260500041
81260500051,81260500051,81260500051
81260500061,81260500061,81260500061
81260500071,81260500071,81260500071
81260500081,81260500081,81260500081
81260500091,81260500091,81260500091
81270100011,81270100011,81270100011
81270100021,81270100021,81270100021
81270100031,81270100031,81270100031
81270100041,81270100041,81270100041
81270100051,81270100051,81270100051
81270100061,81270100061,81270100061
81270100071,81270100071,81270100071
81270100081,81270100081,81270100081
81270100091,81270100091,81270100091
81270100101,81270100101,81270100101
81270100111,81270100111,81270100111
81270100121,81270100121,81270100121
81270100131,81270100131,81270100131
81270100141,81270100141,81270100141
81270100151,81270100151,81270100151
81270100161,81270100161,81270100161
81270200151,81270200021,81270200021
81270200161,81270200031,81270200031
81270200011,81270200051,81270200051
81270200021,81270200061,81270200061
81270200031,81270200071,81270200071
81270200041,81270200081,81270200081
81270200051,81270200091,81270200091
81270200061,81270200101,81270200101
81270200071,81270200111,81270200111
81270200081,81270200121,81270200121
81270200091,81270200131,81270200131
81270200101,81270200141,81270200141
81270200111,81270200151,81270200151
81270200121,81270200161,81270200161
81270200131,81270200171,81270200171
81270200141,81270200181,81270200181
81270200176,81270200196,81270200196
81250400171,81250400581,81250400581
81250400181,81250400591,81250400591
81250400191,81250400601,81250400601
81270300011,81270300061,81270300061
81270300021,81270300071,81270300071
81270300031,81270300081,81270300081
81250400201,81250400611,81250400611
81270400011,81270400081,81270400081
81270400021,81270400091,81270400091
81270400031,81270400101,81270400101
81270400041,81270400111,81270400111
81270400051,81270400121,81270400121
81270400061,81270400131,81270400131
81270400071,81270400141,81270400141
81270400081,81270400151,81270400151
81270400091,81270400161,81270400161
81270400106,81270400176,81270400176
81270500291,81270500031,81270500031
81270500051,81270500041,81270500041
81270500011,81270500061,81270500061
81270500021,81270500131,81270500131
81270500031,81270500141,81270500141
81270500041,81270500151,81270500151
81270500231,81270500161,81270500161
81270500061,81270500391,81270500391
81270500071,81270500401,81270500401
81270500081,81270500411,81270500411
81270500091,81270501121,81270501121
81270500101,81270501131,81270501131
81270500111,81270501141,81270501141
81270500121,81270501151,81270501151
81270500131,81270501161,81270501161
81270500141,81270501171,81270501171
81270500151,81270501181,81270501181
81270500161,81270501191,81270501191
81270500171,81270501201,81270501201
81270500181,81270501211,81270501211
81270500191,81270501221,81270501221
81270500201,81270501231,81270501231
81270500211,81270501241,81270501241
81270500221,81270501251,81270501251
81270600031,81270600031,81270600031
81270600041,81270600041,81270600041
81270600051,81270600051,81270600051
81270600061,81270600061,81270600061
81270600071,81270600071,81270600071
81270600121,81270600081,81270600081
81270600131,81270600091,81270600091
81270600081,81270600101,81270600101
81270600091,81270600111,81270600111
81270600101,81270600121,81270600121
81270600146,81270600136,81270600136
81270600116,81270600146,81270600146
81292400121,81292400121,81292400121
81292400131,81292400131,81292400131
81292400141,81292400141,81292400141
81292400151,81292400151,81292400151
81292400161,81292400161,81292400161
81292400181,81292400281,81292400281
81292400176,81292400296,81292400296
81292400196,81292400336,81292400336
81310100391,81310100011,81310100011
81310100401,81310100021,81310100021
81310100411,81310100031,81310100031
81310100421,81310100041,81310100041
81310100431,81310100051,81310100051
81310100253,81310100063,81310100063
81310100261,81310100071,81310100071
81310100271,81310100081,81310100081
81310100281,81310100091,81310100091
81310100291,81310100101,81310100101
81310100301,81310100111,81310100111
81310100311,81310100121,81310100121
81310100321,81310100131,81310100131
81310100331,81310100141,81310100141
81310100205,81310100155,81310100155
81310100455,81310100165,81310100165
81310100065,81310100175,81310100175
81310100025,81310100185,81310100185
81310100145,81310100195,81310100195
81310100095,81310100205,81310100205
81310100105,81310100215,81310100215
81310100085,81310100225,81310100225
81310100035,81310100235,81310100235
81310100045,81310100245,81310100245
81310100055,81310100255,81310100255
81310100165,81310100265,81310100265
81310100175,81310100275,81310100275
81310100185,81310100285,81310100285
81210100285,81210100475,81210100475
81310100225,81310100305,81310100305
81310100235,81310100315,81310100315
81310100375,81310100335,81310100335
81310100355,81310100345,81310100345
81310100115,81310100355,81310100355
81310100386,81310100366,81310100366
81310100446,81310100376,81310100376
81310100246,81310100386,81310100386
81310100346,81310100396,81310100396
81310100196,81310100406,81310100406
81310100016,81310100416,81310100416
81310100076,81310100426,81310100426
81310100156,81310100436,81310100436
81310100216,81310100446,81310100446
81310100366,81310100456,81310100456
81310300046,81310300466,81310300466
81310100126,81310100476,81310100476
81310200011,81310200011,81310200011
81310200021,81310200021,81310200021
81310200031,81310200031,81310200031
81310200044,81310200044,81310200044
81310200051,81310200051,81310200051
81310200061,81310200061,81310200061
81310200071,81310200071,81310200071
81310200081,81310200081,81310200081
81310200101,81310200091,81310200091
81310200111,81310200101,81310200101
81310200096,81310200116,81310200116
81310200126,81310200126,81310200126
81310300061,81310300011,81310300011
81310300071,81310300021,81310300021
81310300081,81310300031,81310300031
81310300091,81310300041,81310300041
81310300106,81310300066,81310300066
81310400253,81310400013,81310400013
81310400261,81310400021,81310400021
81310400271,81310400031,81310400031
81310400281,81310400041,81310400041
81310400291,81310400051,81310400051
81310400301,81310400061,81310400061
81310400311,81310400071,81310400071
81310400321,81310400081,81310400081
81310400331,81310400091,81310400091
81310400341,81310400101,81310400101
81310400421,81310400121,81310400121
81310400171,81310400131,81310400131
81310400181,81310400141,81310400141
81310400191,81310400151,81310400151
81310400201,81310400161,81310400161
81310400211,81310400171,81310400171
81310400221,81310400181,81310400181
81310400231,81310400191,81310400191
81310400361,81310400201,81310400201
81310400371,81310400211,81310400211
81310400381,81310400221,81310400221
81310400073,81310400233,81310400233
81310400081,81310400241,81310400241
81310400091,81310400251,81310400251
81310400101,81310400261,81310400261
81310400111,81310400271,81310400271
81310400121,81310400281,81310400281
81310400133,81310400293,81310400293
81310300025,81310300305,81310300305
81310300035,81310300315,81310300315
81310400015,81310400325,81310400325
81310400025,81310400335,81310400335
81310400035,81310400345,81310400345
81310400045,81310400355,81310400355
81310400405,81310400365,81310400365
81310400055,81310400375,81310400375
81310400155,81310400385,81310400385
81310400161,81310400391,81310400391
81310400065,81310400405,81310400405
81310400356,81310400416,81310400416
81310400246,81310400426,81310400426
81310400396,81310400436,81310400436
81310300016,81310300446,81310300446
81310400416,81310400456,81310400456
81310700023,81310700013,81310700013
81310700031,81310700021,81310700021
81310600013,81310600033,81310600033
81310600021,81310600041,81310600041
81310600033,81310600053,81310600053
81310600041,81310600061,81310600061
81310600051,81310600071,81310600071
81310600061,81310600081,81310600081
81310600071,81310600091,81310600091
81310600081,81310600101,81310600101
81310600091,81310600111,81310600111
81310600101,81310600121,81310600121
81310600111,81310600131,81310600131
81310700016,81310700146,81310700146
81310600126,81310600156,81310600156
81310800023,81310800013,81310800013
81310800031,81310800021,81310800021
81310800041,81310800031,81310800031
81310800053,81310800043,81310800043
81310800061,81310800051,81310800051
81310800071,81310800061,81310800061
81310800081,81310800071,81310800071
81310800091,81310800081,81310800081
81310800101,81310800091,81310800091
81310800111,81310800101,81310800101
81310800181,81310800111,81310800111
81310800191,81310800121,81310800121
81310800141,81310800131,81310800131
81310800151,81310800141,81310800141
81310800161,81310800151,81310800151
81310800121,81310800161,81310800161
81310800131,81310800171,81310800171
81310800016,81310800186,81310800186
81310800206,81310800196,81310800196
81310800176,81310800206,81310800206
81320100113,81320100013,81320100013
81320100101,81320100021,81320100021
81320100091,81320100031,81320100031
81320100083,81320100043,81320100043
81320100071,81320100051,81320100051
81320100061,81320100061,81320100061
81320100051,81320100071,81320100071
81320100041,81320100081,81320100081
81320100175,81320100095,81320100095
81320100025,81320100105,81320100105
81320100165,81320100115,81320100115
81320100155,81320100125,81320100125
81320100145,81320100135,81320100135
81320100035,81320100145,81320100145
81320100125,81320100155,81320100155
81330000156,81330000166,81330000166
81320200011,81320200011,81320200011
81320200021,81320200021,81320200021
81320200031,81320200031,81320200031
81320200041,81320200041,81320200041
81320200051,81320200051,81320200051
81320200061,81320200061,81320200061
81320200161,81320200071,81320200071
81320200171,81320200081,81320200081
81320200181,81320200091,81320200091
81320200201,81320200101,81320200101
81320200211,81320200111,81320200111
81320200071,81320200121,81320200121
81320200131,81320200131,81320200131
81320200141,81320200141,81320200141
81320200081,81320200151,81320200151
81320200091,81320200161,81320200161
81320200101,81320200171,81320200171
81320200111,81320200181,81320200181
81320200196,81320200196,81320200196
81320200226,81320200206,81320200206
81320200156,81320200216,81320200216
81320200126,81320200226,81320200226
81320300011,81320300011,81320300011
81320300021,81320300021,81320300021
81320300031,81320300031,81320300031
81320300041,81320300041,81320300041
81320300051,81320300051,81320300051
81320500181,81320500201,81320500201
81320400011,81320400021,81320400021
81320400021,81320400031,81320400031
81320400031,81320400041,81320400041
81320400041,81320400051,81320400051
81320400051,81320400061,81320400061
81320500191,81320500211,81320500211
81320400071,81320400081,81320400081
81320400081,81320400091,81320400091
81320400091,81320400101,81320400101
81320400101,81320400111,81320400111
81320400066,81320400126,81320400126
81320400116,81320400136,81320400136
81320500031,81320500011,81320500011
81320500041,81320500021,81320500021
81320500051,81320500031,81320500031
81320500061,81320500041,81320500041
81320500021,81320500051,81320500051
81320500011,81320500061,81320500061
81320500091,81320500071,81320500071
81320500071,81320500081,81320500081
81320500081,81320500091,81320500091
81320500101,81320500101,81320500101
81320500111,81320500111,81320500111
81320500121,81320500121,81320500121
81320500161,81320500131,81320500131
81320500201,81320500141,81320500141
81320500131,81320500151,81320500151
81320500141,81320500161,81320500161
81320500176,81320500176,81320500176
81320500216,81320500186,81320500186
81320500156,81320500196,81320500196
81320600011,81320600011,81320600011
81320600021,81320600021,81320600021
81320600031,81320600031,81320600031
81320600041,81320600041,81320600041
81320600051,81320600051,81320600051
81320600061,81320600061,81320600061
81320600071,81320600071,81320600071
81320600081,81320600081,81320600081
81320600096,81320600096,81320600096
81320700011,81320700011,81320700011
81320700021,81320700021,81320700021
81320700031,81320700031,81320700031
81320700041,81320700041,81320700041
81320700051,81320700051,81320700051
81320700061,81320700061,81320700061
81320700071,81320700071,81320700071
81320700081,81320700081,81320700081
81320700091,81320700091,81320700091
81320700101,81320700101,81320700101
81320700111,81320700111,81320700111
81320700121,81320700121,81320700121
81320700231,81320700131,81320700131
81320700241,81320700141,81320700141
81320700251,81320700151,81320700151
81320700261,81320700161,81320700161
81320700151,81320700181,81320700181
81320700161,81320700191,81320700191
81320700171,81320700201,81320700201
81320700181,81320700211,81320700211
81320700191,81320700221,81320700221
81320700201,81320700231,81320700231
81320700211,81320700241,81320700241
81320700131,81320700251,81320700251
81320700141,81320700261,81320700261
81320700226,81320700286,81320700286
81320900051,81320900121,81320900121
81320900061,81320900131,81320900131
81320900071,81320900141,81320900141
81320900081,81320900151,81320900151
81320900021,81320900161,81320900161
81320900031,81320900171,81320900171
81320900041,81320900181,81320900181
81320900101,81320900191,81320900191
81320900111,81320900201,81320900201
81320900121,81320900211,81320900211
81320900131,81320900221,81320900221
81320900011,81320900231,81320900231
81320900096,81320900256,81320900256
81320900146,81320900266,81320900266
81320100015,81320100015,81320100015
81330000085,81330000025,81330000025
81330000075,81330000035,81330000035
81330000115,81330000045,81330000045
81330000105,81330000055,81330000055
81330000095,81330000065,81330000065
81320100135,81320100075,81320100075
81330000065,81330000095,81330000095
81330000055,81330000105,81330000105
81330000135,81330000115,81330000115
81330000126,81330000136,81330000136
81330000046,81330000146,81330000146
81330000146,81330000156,81330000156
81330000023,81330000013,81330000013
81330000031,81330000021,81330000021
81340100011,81340100031,81340100031
81340100021,81340100041,81340100041
81340100031,81340100051,81340100051
81340100071,81340100061,81340100061
81340100081,81340100071,81340100071
81340100091,81340100081,81340100081
81340100101,81340100091,81340100091
81340100111,81340100101,81340100101
81340100121,81340100111,81340100111
81340300011,81340300121,81340300121
81340100131,81340100141,81340100141
81340100141,81340100151,81340100151
81340100151,81340100161,81340100161
81340100161,81340100171,81340100171
81340100041,81340100181,81340100181
81340100051,81340100191,81340100191
81340100061,81340100201,81340100201
81330000016,81330000216,81330000216
81340100176,81340100226,81340100226
81340500201,81340500201,81340500201
81340300021,81340300021,81340300021
81340400011,81340400011,81340400011
81340400021,81340400021,81340400021
81340400031,81340400031,81340400031
81340400046,81340400046,81340400046
81340500011,81340500011,81340500011
81340500021,81340500021,81340500021
81340500031,81340500031,81340500031
81340500041,81340500041,81340500041
81340500051,81340500051,81340500051
81340500061,81340500071,81340500071
81340500081,81340500081,81340500081
81340500091,81340500091,81340500091
81340500101,81340500101,81340500101
81340500111,81340500111,81340500111
81340500121,81340500121,81340500121
81340500131,81340500131,81340500131
81340500141,81340500141,81340500141
81340500151,81340500151,81340500151
81340500161,81340500161,81340500161
81340500171,81340500171,81340500171
81340500181,81340500181,81340500181
81340500191,81340500191,81340500191
81340600011,81340600011,81340600011
81340600021,81340600021,81340600021
81340600036,81340600036,81340600036
81340700011,81340700011,81340700011
81340700021,81340700021,81340700021
81340700031,81340700031,81340700031
81340700041,81340700041,81340700041
81340700081,81340700051,81340700051
81340700091,81340700061,81340700061
81340700101,81340700071,81340700071
81340700111,81340700081,81340700081
81340700121,81340700091,81340700091
81340700051,81340700101,81340700101
81340700061,81340700111,81340700111
81340700071,81340700121,81340700121
81340700141,81340700131,81340700131
81340700151,81340700141,81340700141
81340700161,81340700151,81340700151
81340700171,81340700161,81340700161
81340700136,81340700176,81340700176
81340700186,81340700186,81340700186
81340800011,81340800011,81340800011
81340800021,81340800021,81340800021
81340800031,81340800031,81340800031
81340800041,81340800041,81340800041
81340800061,81340800051,81340800051
81340800056,81340800066,81340800066
81340800076,81340800076,81340800076
81340900011,81340900011,81340900011
81340900021,81340900021,81340900021
81340900031,81340900031,81340900031
81340900041,81340900041,81340900041
81340900051,81340900051,81340900051
81340900061,81340900061,81340900061
81340900071,81340900071,81340900071
81340900081,81340900081,81340900081
81340900091,81340900091,81340900091
81340900101,81340900101,81340900101
81340900111,81340900111,81340900111
81340900121,81340900121,81340900121
81340900131,81340900131,81340900131
81340900141,81340900141,81340900141
81340900151,81340900151,81340900151
81340900161,81340900161,81340900161
81340900171,81340900171,81340900171
81340900186,81340900206,81340900206
81350100031,81350100011,81350100011
81350100041,81350100021,81350100021
81350100051,81350100031,81350100031
81350100141,81350100041,81350100041
81350100151,81350100051,81350100051
81350100161,81350100061,81350100061
81350100171,81350100071,81350100071
81350100181,81350100081,81350100081
81350100061,81350100091,81350100091
81350100071,81350100101,81350100101
81350100081,81350100111,81350100111
81350100091,81350100121,81350100121
81350100101,81350100131,81350100131
81350100111,81350100141,81350100141
81350100121,81350100151,81350100151
81350100213,81350100163,81350100163
81350100221,81350100171,81350100171
81350100231,81350100181,81350100181
81350100241,81350100191,81350100191
81350100251,81350100201,81350100201
81350100261,81350100211,81350100211
81350100271,81350100221,81350100221
81350100281,81350100231,81350100231
81350100291,81350100241,81350100241
81350100301,81350100251,81350100251
81350100331,81350100261,81350100261
81350100341,81350100271,81350100271
81350100351,81350100281,81350100281
81350100361,81350100291,81350100291
81350100371,81350100301,81350100301
81350100381,81350100311,81350100311
81350100391,81350100321,81350100321
81350100431,81350100331,81350100331
81350100441,81350100341,81350100341
81350100451,81350100351,81350100351
81350100461,81350100361,81350100361
81350100495,81350100375,81350100375
81350100425,81350100385,81350100385
81350100026,81350100396,81350100396
81350100196,81350100406,81350100406
81350100136,81350100416,81350100416
81350100316,81350100436,81350100436
81350100326,81350100446,81350100446
81350100406,81350100456,81350100456
81350100476,81350100466,81350100466
81350100486,81350100476,81350100476
81350200011,81350200011,81350200011
81350200021,81350200021,81350200021
81350200031,81350200031,81350200031
81350200041,81350200041,81350200041
81350200051,81350200051,81350200051
81350200061,81350200061,81350200061
81350200071,81350200071,81350200071
81350200091,81350200091,81350200091
81350200081,81350200101,81350200101
81350200101,81350200121,81350200121
81350200111,81350200131,81350200131
81350200121,81350200141,81350200141
81350200131,81350200151,81350200151
81350200141,81350200161,81350200161
81350200151,81350200171,81350200171
81350200161,81350200181,81350200181
81350200171,81350200191,81350200191
81350200181,81350200201,81350200201
81350200191,81350200211,81350200211
81350100016,81350100246,81350100246
81350200206,81350200256,81350200256
81350400041,81350400021,81350400021
81350400031,81350400041,81350400041
81350400051,81350400051,81350400051
81350400061,81350400061,81350400061
81350400071,81350400071,81350400071
81350400081,81350400081,81350400081
81350400091,81350400091,81350400091
81350400101,81350400101,81350400101
81350400111,81350400111,81350400111
81350400121,81350400121,81350400121
81350400131,81350400131,81350400131
81350400141,81350400141,81350400141
81350400151,81350400151,81350400151
81350400161,81350400161,81350400161
81350400171,81350400171,81350400171
81350400181,81350400181,81350400181
81350400191,81350400191,81350400191
81350400201,81350400201,81350400201
81350400211,81350400211,81350400211
81350400221,81350400221,81350400221
81350400231,81350400231,81350400231
81350400015,81350400245,81350400245
81350400246,81350400256,81350400256
81350300016,81350300266,81350300266
81350400021,81350400276,81350400276
81350500015,81350500015,81350500015
81350500045,81350500025,81350500025
81350500025,81350500035,81350500035
81350500035,81350500045,81350500045
81350600015,81350600055,81350600055
81350600025,81350600065,81350600065
81350500056,81350500076,81350500076
81350600151,81350600011,81350600011
81350600161,81350600021,81350600021
81350600171,81350600031,81350600031
81350600031,81350600041,81350600041
81350600041,81350600051,81350600051
81350600051,81350600061,81350600061
81350600061,81350600071,81350600071
81350600071,81350600081,81350600081
81350600081,81350600091,81350600091
81350600101,81350600101,81350600101
81350600111,81350600111,81350600111
81350600121,81350600121,81350600121
81350600131,81350600131,81350600131
81350600186,81350600146,81350600146
81350600096,81350600156,81350600156
81350600146,81350600166,81350600166
81350700065,81350700015,81350700015
81350700075,81350700025,81350700025
81350700045,81350700035,81350700035
81350700035,81350700045,81350700045
81350700025,81350700055,81350700055
81350700056,81350700066,81350700066
81350700016,81350700076,81350700076
81350800023,81350800013,81350800013
81350800031,81350800031,81350800031
81350800041,81350800041,81350800041
81350800051,81350800051,81350800051
81350800061,81350800061,81350800061
81350800071,81350800071,81350800071
81350800081,81350800081,81350800081
81350800091,81350800091,81350800091
81350800101,81350800101,81350800101
81350800111,81350800111,81350800111
81350800121,81350800121,81350800121
81350800131,81350800131,81350800131
81350800141,81350800141,81350800141
81350800151,81350800151,81350800151
81350800161,81350800161,81350800161
81350800171,81350800171,81350800171
81350800235,81350800195,81350800195
81350800245,81350800205,81350800205
81350800255,81350800215,81350800215
81350800265,81350800225,81350800225
81350800275,81350800235,81350800235
81350800205,81350800245,81350800245
81350800186,81350800256,81350800256
81350800226,81350800266,81350800266
81350800286,81350800276,81350800276
81350800216,81350800286,81350800286
81350900171,81350900011,81350900011
81350900181,81350900021,81350900021
81350900191,81350900031,81350900031
81360000151,81360000121,81360000121
81360000161,81360000131,81360000131
81350900256,81350900081,81350900081
81350900025,81350900095,81350900095
81350900035,81350900105,81350900105
81350900045,81350900115,81350900115
81350900165,81350900125,81350900125
81350900215,81350900135,81350900135
81350900055,81350900145,81350900145
81350900065,81350900155,81350900155
81350900075,81350900165,81350900165
81350900145,81350900185,81350900185
81350800015,81350800295,81350800295
81350900085,81350900205,81350900205
81350900095,81350900215,81350900215
81350900105,81350900225,81350900225
81350900115,81350900235,81350900235
81360000015,81360000245,81360000245
81360000025,81360000255,81360000255
81360000035,81360000265,81360000265
81350900235,81350900275,81350900275
81350900243,81350900283,81350900283
81350900135,81350900295,81350900295
81350900016,81350900306,81350900306
81350900206,81350900326,81350900326
81350900226,81350900336,81350900336
81350900126,81350900346,81350900346
81360000041,81360000011,81360000011
81360000051,81360000021,81360000021
81360000061,81360000031,81360000031
81360000071,81360000041,81360000041
81360000081,81360000051,81360000051
81360000091,81360000061,81360000061
81360000101,81360000071,81360000071
81360000111,81360000081,81360000081
81360000131,81360000091,81360000091
81360000126,81360000106,81360000106
81360000146,81360000116,81360000116
81370000045,81370000025,81370000025
81380100545,81380100035,81380100035
81370000035,81370000045,81370000045
81370000026,81370000056,81370000056
81380100031,81380100031,81380100031
81380100401,81380100291,81380100291
81380100411,81380100301,81380100301
81380100421,81380100311,81380100311
81380100431,81380100321,81380100321
81380100091,81380100331,81380100331
81380100101,81380100341,81380100341
81380100551,81380100351,81380100351
81380100561,81380100361,81380100361
81380100571,81380100371,81380100371
81380100111,81380100381,81380100381
81380100121,81380100391,81380100391
81380100131,81380100401,81380100401
81380100141,81380100411,81380100411
81380100151,81380100421,81380100421
81380100161,81380100431,81380100431
81380100171,81380100441,81380100441
81380100181,81380100451,81380100451
81380100461,81380100501,81380100501
81380100471,81380100541,81380100541
81380100441,81380100561,81380100561
81380100451,81380100571,81380100571
81380100015,81380100605,81380100605
81380100023,81380100613,81380100613
81380100525,81380100625,81380100625
81380100045,81380100635,81380100635
81380100495,81380100645,81380100645
81380100055,81380100655,81380100655
81380100061,81380100661,81380100661
81380100073,81380100673,81380100673
81380100081,81380100681,81380100681
81380100191,81380100691,81380100691
81380100201,81380100701,81380100701
81380100211,81380100711,81380100711
81380100221,81380100721,81380100721
81380100231,81380100731,81380100731
81380100241,81380100741,81380100741
81380100251,81380100751,81380100751
81380100261,81380100761,81380100761
81380100271,81380100771,81380100771
81380100281,81380100781,81380100781
81380100291,81380100791,81380100791
81380100301,81380100801,81380100801
81380100311,81380100811,81380100811
81380100321,81380100821,81380100821
81380100331,81380100831,81380100831
81380100341,81380100841,81380100841
81380100351,81380100851,81380100851
81380100361,81380100861,81380100861
81380100371,81380100871,81380100871
81380100381,81380100881,81380100881
81380100391,81380100891,81380100891
81380100505,81380100915,81380100915
81370000015,81370000925,81370000925
81380100486,81380100936,81380100936
81390100016,81390100946,81390100946
81380100536,81380100956,81380100956
81380100516,81380100966,81380100966
81380200011,81380200011,81380200011
81380200021,81380200021,81380200021
81380200031,81380200031,81380200031
81380200041,81380200041,81380200041
81380200051,81380200051,81380200051
81380200061,81380200061,81380200061
81380200071,81380200071,81380200071
81380200081,81380200081,81380200081
81380200091,81380200091,81380200091
81380200101,81380200101,81380200101
81380200111,81380200111,81380200111
81380200121,81380200121,81380200121
81380200131,81380200131,81380200131
81380200141,81380200141,81380200141
81380200151,81380200151,81380200151
81380200171,81380200161,81380200161
81380200181,81380200171,81380200171
81380200196,81380200186,81380200186
81380300011,81380300011,81380300011
81380400011,81380400011,81380400011
81380400021,81380400021,81380400021
81380400031,81380400031,81380400031
81380400041,81380400041,81380400041
81380400051,81380400051,81380400051
81380400061,81380400061,81380400061
81380400071,81380400071,81380400071
81380400081,81380400081,81380400081
81380400096,81380400096,81380400096
81380500011,81380500011,81380500011
81380500021,81380500021,81380500021
81380500031,81380500031,81380500031
81380500041,81380500041,81380500041
81380500051,81380500051,81380500051
81380500061,81380500061,81380500061
81380500071,81380500071,81380500071
81380500081,81380500081,81380500081
81380500091,81380500091,81380500091
81380500101,81380500101,81380500101
81380500111,81380500111,81380500111
81380600011,81380600011,81380600011
81380600021,81380600021,81380600021
81380600031,81380600031,81380600031
81380600041,81380600041,81380600041
81380600051,81380600051,81380600051
81380600061,81380600061,81380600061
81380600071,81380600071,81380600071
81380600081,81380600081,81380600081
81380600091,81380600091,81380600091
81380600101,81380600101,81380600101
81380600111,81380600111,81380600111
81380600151,81380600121,81380600121
81380600121,81380600131,81380600131
81380600131,81380600141,81380600141
81380600166,81380600156,81380600156
81380700011,81380700011,81380700011
81380700021,81380700021,81380700021
81380700031,81380700031,81380700031
81380700041,81380700041,81380700041
81380700051,81380700051,81380700051
81380700241,81380700061,81380700061
81380700251,81380700071,81380700071
81380700261,81380700081,81380700081
81380700271,81380700091,81380700091
81380700281,81380700101,81380700101
81380700061,81380700111,81380700111
81380700071,81380700121,81380700121
81380700081,81380700131,81380700131
81380700091,81380700141,81380700141
81380700101,81380700151,81380700151
81380700111,81380700161,81380700161
81380700121,81380700171,81380700171
81380700131,81380700261,81380700261
81380700141,81380700271,81380700271
81380700151,81380700281,81380700281
81380700161,81380700291,81380700291
81380700171,81380700301,81380700301
81380700181,81380700311,81380700311
81380700191,81380700321,81380700321
81380700201,81380700331,81380700331
81380700211,81380700341,81380700341
81380700221,81380700351,81380700351
81380700296,81380700376,81380700376
81380700236,81380700386,81380700386
81380800011,81380800011,81380800011
81380800021,81380800021,81380800021
81380800031,81380800041,81380800041
81380800041,81380800051,81380800051
81380800051,81380800061,81380800061
81380800061,81380800071,81380800071
81380800071,81380800081,81380800081
81380800081,81380800091,81380800091
81380800091,81380800101,81380800101
81380800101,81380800111,81380800111
81380800111,81380800121,81380800121
81380800121,81380800131,81380800131
81380800141,81380800141,81380800141
81380800151,81380800151,81380800151
81380800136,81380800186,81380800186
81380800166,81380800196,81380800196
81380900011,81380900021,81380900021
81380900021,81380900031,81380900031
81380900031,81380900041,81380900041
81380900041,81380900051,81380900051
81380900051,81380900061,81380900061
81380900061,81380900071,81380900071
81380900071,81380900081,81380900081
81380900081,81380900091,81380900091
81380900091,81380900101,81380900101
81380900101,81380900111,81380900111
81380900111,81380900121,81380900121
81380900131,81380900131,81380900131
81380900141,81380900141,81380900141
81380900151,81380900151,81380900151
81380900161,81380900161,81380900161
81380900171,81380900171,81380900171
81380900181,81380900181,81380900181
81380900126,81380900196,81380900196
81380900196,81380900206,81380900206
81390300023,81390300013,81390300013
81390300031,81390300021,81390300021
81390200011,81390200031,81390200031
81390200023,81390200043,81390200043
81390200031,81390200051,81390200051
81390200041,81390200061,81390200061
81390200051,81390200071,81390200071
81390200061,81390200081,81390200081
81390200071,81390200091,81390200091
81390200081,81390200101,81390200101
81390200091,81390200111,81390200111
81390200101,81390200121,81390200121
81390200111,81390200131,81390200131
81390200121,81390200141,81390200141
81390200131,81390200151,81390200151
81390200151,81390200161,81390200161
81390200146,81390200196,81390200196
81390200166,81390200206,81390200206
81390500061,81390500011,81390500011
81390500111,81390500021,81390500021
81390500121,81390500031,81390500031
81390500131,81390500041,81390500041
81390500141,81390500051,81390500051
81390500081,81390500071,81390500071
81390500091,81390500081,81390500081
81390500071,81390500091,81390500091
81390500056,81390500106,81390500106
81390600013,81390600013,81390600013
81390600021,81390600021,81390600021
81390600031,81390600031,81390600031
81390600041,81390600041,81390600041
81390600051,81390600051,81390600051
81390600071,81390600061,81390600061
81390500106,81390500076,81390500076
81390600066,81390600086,81390600086
81390600086,81390600096,81390600096
81390800161,81390800011,81390800011
81390800011,81390800021,81390800021
81390800021,81390800031,81390800031
81390800031,81390800041,81390800041
81390800041,81390800051,81390800051
81390800051,81390800061,81390800061
81390800061,81390800071,81390800071
81390800071,81390800081,81390800081
81390800081,81390800091,81390800091
81390800091,81390800101,81390800101
81390800101,81390800111,81390800111
81390800141,81390800121,81390800121
81390800121,81390800131,81390800131
81390800116,81390800146,81390800146
81390800156,81390800156,81390800156
81390800136,81390800166,81390800166
81390900363,81390900023,81390900023
81390900371,81390900031,81390900031
81390900381,81390900041,81390900041
81390900391,81390900051,81390900051
81390900063,81390900063,81390900063
81390900071,81390900071,81390900071
81390900101,81390900091,81390900091
81390900111,81390900101,81390900101
81390900081,81390900111,81390900111
81390900023,81390900123,81390900123
81390900031,81390900131,81390900131
81390900041,81390900141,81390900141
81390900241,81390900151,81390900151
81390900251,81390900161,81390900161
81390900261,81390900171,81390900171
81390900271,81390900181,81390900181
81390900281,81390900191,81390900191
81390900291,81390900201,81390900201
81390900301,81390900211,81390900211
81390900311,81390900221,81390900221
81390900341,81390900261,81390900261
81390900351,81390900271,81390900271
81390900133,81390900293,81390900293
81390900141,81390900301,81390900301
81390900151,81390900311,81390900311
81390900161,81390900321,81390900321
81390900171,81390900331,81390900331
81390900181,81390900341,81390900341
81390900191,81390900351,81390900351
81390900201,81390900361,81390900361
81390900211,81390900371,81390900371
81390900406,81390900386,81390900386
81390900056,81390900396,81390900396
81390900096,81390900406,81390900406
81390900016,81390900416,81390900416
81390900236,81390900426,81390900426
81390900326,81390900436,81390900436
81390900226,81390900446,81390900446
82100100023,82100100013,82100100013
82100100031,82100100021,82100100021
82100100053,82100100033,82100100033
82100100061,82100100041,82100100041
82100100071,82100100051,82100100051
82100100081,82100100061,82100100061
82100100091,82100100071,82100100071
82100100101,82100100081,82100100081
82100100111,82100100091,82100100091
82100100143,82100100103,82100100103
82100100151,82100100111,82100100111
82100100161,82100100121,82100100121
82100100171,82100100131,82100100131
82100100181,82100100141,82100100141
82100100191,82100100151,82100100151
82100100016,82100100166,82100100166
82100100046,82100100176,82100100176
82100100126,82100100186,82100100186
82100100136,82100100196,82100100196
82100100206,82100100206,82100100206
82100200011,82100200011,82100200011
82100200021,82100200021,82100200021
82100200031,82100200031,82100200031
82100200041,82100200041,82100200041
82100200051,82100200051,82100200051
82100200061,82100200061,82100200061
82100200071,82100200071,82100200071
82100200105,82100200085,82100200085
82100200115,82100200095,82100200095
81247100011,81247100011,81247100011
81247100021,81247100021,81247100021
81247100031,81247100031,81247100031
81247100041,81247100041,81247100041
81247100051,81247100051,81247100051
81247100061,81247100061,81247100061
81247100071,81247100071,81247100071
81247300011,81247300081,81247300081
81247300021,81247300091,81247300091
81247300031,81247300101,81247300101
81247300041,81247300111,81247300111
81247400011,81247400121,81247400121
81247500011,81247500131,81247500131
81247500021,81247500141,81247500141
81247500031,81247500151,81247500151
81247500041,81247500161,81247500161
81247500051,81247500171,81247500171
81390400061,81390400011,81390400011
81390400071,81390400021,81390400021
81390400081,81390400031,81390400031
81390400091,81390400041,81390400041
81390400101,81390400051,81390400051
81390400111,81390400061,81390400061
81390400121,81390400071,81390400071
81390400131,81390400081,81390400081
81390400141,81390400091,81390400091
81390400151,81390400101,81390400101
81390400161,81390400111,81390400111
81390400171,81390400121,81390400121
81390400181,81390400131,81390400131
81390400191,81390400141,81390400141
81390400201,81390400151,81390400151
81390400211,81390400161,81390400161
81390400221,81390400171,81390400171
81390400231,81390400181,81390400181
81390400271,81390400191,81390400191
81390400281,81390400201,81390400201
81390400291,81390400211,81390400211
81390400301,81390400221,81390400221
81390400311,81390400231,81390400231
81390400321,81390400241,81390400241
81390400331,81390400251,81390400251
81390400341,81390400261,81390400261
81390400251,81390400271,81390400271
81390400361,81390400281,81390400281
81390400371,81390400291,81390400291
81390400381,81390400301,81390400301
81390400041,81390400321,81390400321
81390400051,81390400331,81390400331
81390500045,81390500365,81390500365
81390400015,81390400375,81390400375
81390400025,81390400385,81390400385
81390400035,81390400395,81390400395
81390400246,81390400406,81390400406
81390400356,81390400416,81390400416
81390400266,81390400426,81390400426
81390400396,81390400436,81390400436
78210000131,78210000011,78210000011
78210000141,78210000341,78210000341
78220000011,78220000031,78220000031
78220000021,78220000041,78220000041
78220000031,78220000051,78220000051
78220000044,78220000064,78220000064
78220000051,78220000071,78220000071
78220000061,78220000081,78220000081
78220000071,78220000091,78220000091
78220000081,78220000101,78220000101
78220000091,78220000111,78220000111
78220000101,78220000121,78220000121
78220000111,78220000131,78220000131
78220000121,78220000141,78220000141
78220000131,78220000151,78220000151
78220000141,78220000161,78220000161
78220000151,78220000171,78220000171
78220000161,78220000181,78220000181
78220000171,78220000191,78220000191
78220000181,78220000201,78220000201
78220000191,78220000211,78220000211
78220000201,78220000221,78220000221
78220000211,78220000231,78220000231
78220000221,78220000241,78220000241
78220000231,78220000251,78220000251
78220000241,78220000261,78220000261
78220000251,78220000271,78220000271
78220000261,78220000281,78220000281
78220000271,78220000291,78220000291
78220000281,78220000301,78220000301
78220000291,78220000311,78220000311
78220000301,78220000321,78220000321
78220000314,78220000334,78220000334
78220000323,78220000343,78220000343
78220000334,78220000354,78220000354
78220000343,78220000363,78220000363
78220000351,78220000371,78220000371
78220000361,78220000381,78220000381
78220000373,78220000393,78220000393
78220000391,78220000401,78220000401
78220000401,78220000411,78220000411
78220000414,78220000424,78220000424
78220000421,78220000431,78220000431
78220000434,78220000444,78220000444
78220000441,78220000451,78220000451
78220000454,78220000464,78220000464
78220000461,78220000471,78220000471
78220000471,78220000481,78220000481
78220000491,78220000491,78220000491
78220000501,78220000501,78220000501
78220000511,78220000511,78220000511
78220000521,78220000521,78220000521
78220000531,78220000531,78220000531
78220000541,78220000541,78220000541
78220000386,78220000556,78220000556
78220000486,78220000566,78220000566
78220000556,78220000576,78220000576
73130000023,73130000183,73130000183
73120000011,73120000021,73120000021
73120000021,73120000031,73120000031
73120000031,73120000041,73120000041
73120000041,73120000051,73120000051
73120000051,73120000061,73120000061
73120000061,73120000071,73120000071
73120000071,73120000081,73120000081
73120000081,73120000091,73120000091
73120000091,73120000101,73120000101
73120000101,73120000111,73120000111
73120000111,73120000121,73120000121
73120000121,73120000131,73120000131
73120000134,73120000144,73120000144
73120000141,73120000151,73120000151
73120000151,73120000161,73120000161
73120000161,73120000171,73120000171
73120000171,73120000181,73120000181
73120000181,73120000191,73120000191
73120000191,73120000201,73120000201
73120000201,73120000211,73120000211
73120000214,73120000224,73120000224
73120000224,73120000234,73120000234
73120000231,73120000241,73120000241
73120000244,73120000254,73120000254
73120000253,73120000263,73120000263
73120000261,73120000271,73120000271
73120000271,73120000281,73120000281
73120000281,73120000291,73120000291
73120000294,73120000304,73120000304
73120000301,73120000311,73120000311
73120000314,73120000324,73120000324
73120000321,73120000331,73120000331
73120000334,73120000344,73120000344
73120000341,73120000351,73120000351
73120000351,73120000361,73120000361
73120000361,73120000371,73120000371
73120000371,73120000381,73120000381
73120000381,73120000391,73120000391
73120000391,73120000401,73120000401
73120000401,73120000411,73120000411
73120000411,73120000421,73120000421
73120000424,73120000434,73120000434
73120000431,73120000441,73120000441
73120000441,73120000451,73120000451
73120000454,73120000464,73120000464
73120000463,73120000471,73120000471
73120000471,73120000481,73120000481
73120000481,73120000491,73120000491
73120000491,73120000501,73120000501
73120000501,73120000511,73120000511
73120000511,73120000521,73120000521
73120000521,73120000531,73120000531
73120000533,73120000543,73120000543
73120000541,73120000551,73120000551
73120000551,73120000561,73120000561
73120000564,73120000574,73120000574
73120000573,73120000583,73120000583
73120000584,73120000594,73120000594
73120000593,73120000603,73120000603
73120000601,73120000611,73120000611
73120000614,73120000624,73120000624
73120000621,73120000631,73120000631
73120000631,73120000641,73120000641
73120000641,73120000651,73120000651
73120000651,73120000661,73120000661
73120000661,73120000671,73120000671
73120000671,73120000681,73120000681
73120000681,73120000691,73120000691
73120000801,73120000701,73120000701
73120000814,73120000714,73120000714
73120000821,73120000721,73120000721
73120000831,73120000731,73120000731
73120000881,73120000741,73120000741
73120000891,73120000751,73120000751
73120000904,73120000764,73120000764
73120000911,73120000771,73120000771
73120000924,73120000784,73120000784
73120000931,73120000791,73120000791
73120000941,73120000801,73120000801
73120000981,73120000811,73120000811
73120000994,73120000824,73120000824
73120001003,73120000833,73120000833
73120001011,73120000841,73120000841
73120000961,73120000851,73120000851
73120000701,73120000861,73120000861
73120000714,73120000874,73120000874
73120000721,73120000881,73120000881
73120000734,73120000894,73120000894
73120000741,73120000901,73120000901
73120000754,73120000914,73120000914
73120000761,73120000921,73120000921
73120000774,73120000934,73120000934
73120000781,73120000941,73120000941
73120000851,73120000951,73120000951
73120000861,73120000961,73120000961
73130000016,73130000976,73130000976
73120000696,73120000986,73120000986
73120000846,73120000996,73120000996
73120000956,73120001006,73120001006
73120001026,73120001016,73120001016
73120000976,73120001026,73120001026
73120000796,73120001036,73120001036
73120000876,73120001046,73120001046
72554000181,72554000171,72554000171
72587000113,72587000043,72587000043
72591100113,72591100313,72591100313
72599700223,72599700233,72599700233
73170000225,73170000085,73170000085
73170000195,73170000145,73170000145
73170000275,73170000185,73170000185
73170000295,73170000215,73170000215
73170000315,73170000235,73170000235
73190900045,73190900115,73190900115
73270900223,73270900243,73270900243
73281000015,73281000075,73281000075
74210000301,74210000171,74210000171
74230100021,74230100051,74230100051
74241100073,74241100073,74241100073
74300400545,74300400055,74300400055
75130000025,75130000025,75130000025
75150000155,75150000015,75150000015
77443000173,77443000133,77443000133
78210000423,78210000013,78210000013
78210000391,78210000021,78210000021
81153500231,81153500201,81153500201
81181100035,81181100015,81181100015
81210100115,81210100135,81210100135
81210100245,81210100265,81210100265
81210100255,81210100275,81210100275
81210500531,81210500601,81210500601
81241000191,81241000011,81241000011
81241000031,81241000071,81241000071
81310400431,81310400391,81310400391
81350800193,81350800013,81350800013
72582700403,72582700526,72582700526
72582700413,72582700526,72582700526
72582800031,72582800116,72582800116
72582900033,72582900226,72582900226
75216100031,75216100026,75216100026
75219100551,75219100526,75219100526
75219100021,75218100341,75218100341
71226800086,71226800211,71226800211
72551000856,72551001814,72551001814
72555300196,72555300231,72555300231
72556000296,72556000481,72556000481
72556000366,72556000523,72556000523
72582600196,72582600183,72582600183
72599200206,72599200131,72599200131
72558300156,72558300131,72558300131
73112001176,73112001011,73112001011
73114001536,73114000191,73114000191
73160400326,73160401163,73160401163
73220200036,73220200031,73220200031
73252001796,73252000391,73252000391
73256000626,73256000403,73256000403
73270900276,73270900165,73270900165
73111000336,73111000083,73111000083
73252000016,73252001605,73252001605
73254400446,73254400163,73254400163
73260400471,73260400341,73260400341
74100600516,74100600071,74100600071
74223100226,74223100071,74223100071
74246000446,74246000711,74246000711
74262600406,74262600183,74262600183
74267700246,74267700171,74267700171
74287400266,74287400151,74287400151
74291200306,74291200291,74291200291
74294400566,74294400641,74294400641
74299900866,74299900601,74299900601
74100600016,74100600515,74100600515
74287400946,74287401003,74287401003
74295800476,74295800171,74295800171
74298200586,74298200541,74298200541
77280600056,77280600041,77280600041
77280800056,77280800041,77280800041
77449600036,77449600021,77449600021
77450000046,77450000015,77450000015
77470000016,77470000013,77470000013
78100600246,78100600221,78100600221
78280900036,78280900091,78280900091
78390800066,78390800011,78390800011
78390400016,78390400675,78390400675
81110300076,81110300053,81110300053
81120400476,81120400701,81120400701
81120400506,81120400711,81120400711
81130100236,81130100073,81130100073
81130100066,81130100155,81130100155
81153200096,81153200121,81153200121
81153300156,81153300081,81153300081
81154000126,81154000113,81154000113
81170000156,81170001005,81170001005
81170000216,81170001095,81170001095
81182000316,81182000431,81182000431
81185000336,81185000321,81185000321
81190100086,81190100073,81190100073
81190100116,81190100081,81190100081
81190700226,81190700115,81190700115
81190900156,81190900405,81190900405
81210400106,81210400131,81210400131
81210600616,81210600931,81210600931
81230600286,81230600301,81230600301
81242000316,81242000461,81242000461
81250400306,81250400451,81250400451
81310100136,81310100195,81310100195
81310400146,81310400293,81310400293
81320700276,81320700161,81320700161
81380200166,81380200151,81380200151
81380600146,81380600141,81380600141
81110200596,81110200083,81110200083
81110300036,81110300011,81110300011
81110300016,81110300241,81110300241
81130600016,81130600051,81130600051
81152000146,81152000011,81152000011
81153000016,81153000011,81153000011
81158000456,81158000281,81158000281
81170000246,81170000925,81170000925
81190500086,81190500035,81190500035
81190700046,81190700035,81190700035
81190700016,81190700215,81190700215
81190900016,81190900015,81190900015
81190900466,81190900615,81190900615
81242000546,81242000501,81242000501
81390900336,81390900261,81390900261
82100200086,82100200071,82100200071
82100200096,82100200085,82100200085
73282400606,73282400021,73282400021
81130600076,81130600011,81130600011
81153500336,81153500201,81153500201
81190500126,81190500025,81190500025
81153500346,81153500201,81153500201
73116000286,73116000241,73116000241
